X,Y,Z,Settlement_gravedad_mm,Settlement_carga_mm,Settlement_total_mm
0.0,0.0,-5.8999999999999995,346.8522757507471,18.123089510906084,364.97536526165317
0.0,0.0,-4.0,359.30113362084745,20.914478803356076,380.2156124242035
0.0,1.75,-4.0,359.3093886436457,20.797054659476657,380.1064433031224
0.0,1.75,-3.3,359.31952501255074,20.79887239421538,380.1183974067661
0.0,1.75,0.0,371.1792184817676,15.956529248707056,387.13574773047463
0.0,8.75,0.0,349.8491590232147,6.55960241501856,356.4087614382333
0.0,8.75,-5.8999999999999995,322.4700858793175,6.232098022452021,328.7021839017695
7.5,0.0,-5.8999999999999995,324.4182541347852,7.86718355785041,332.2854376926356
7.5,0.0,0.0,352.91814786262745,8.399977123727751,361.3181249863552
1.5,0.0,0.0,371.23573843357866,16.29435471824013,387.5300931518188
1.5,0.0,-4.0,359.3049592723951,20.851496891425597,380.1564561638207
1.5,0.0,-3.3,359.31394069982076,20.853808100239974,380.16774880006074
1.5,1.75,-4.0,359.30398666046693,20.6982471041037,380.00223376457063
1.5,1.75,-3.3,359.33919248227045,20.703387153367203,380.04257963563765
1.5,1.75,0.0,370.4585457338395,14.676525262362816,385.13507099620233
7.5,8.75,0.0,328.3509889370329,3.980256317504427,332.33124525453735
7.5,8.75,-5.8999999999999995,301.6009767989804,4.077545803420605,305.678522602401
0.0,0.0,-12.199999999999998,145.0824693682916,3.2345483710434735,148.31701773933509
0.0,8.75,-12.199999999999998,158.9277555508172,3.0732663330118726,162.00102188382908
7.5,0.0,-12.199999999999998,158.21932692754535,3.357918219476659,161.577245147022
7.5,8.75,-12.199999999999998,169.20628042554105,3.235005340341104,172.44128576588216
0.0,0.0,-18.6,9.017904234951652,0.12205728250572889,9.139961517457381
0.0,8.75,-18.6,16.321609538028056,0.27141894866706906,16.593028486695125
7.5,0.0,-18.6,15.853336295110637,0.2602790548306011,16.113615349941238
7.5,8.75,-18.6,23.167789976149752,0.41374514223251424,23.581535118382266
0.0,0.0,-20.200000000000003,-0.0,0.0,0.0
0.0,8.75,-20.200000000000003,-0.0,0.0,0.0
7.5,0.0,-20.200000000000003,-0.0,0.0,0.0
7.5,8.75,-20.200000000000003,-0.0,0.0,0.0
0.0,0.0,-3.3,359.3039820517763,20.91697377776285,380.22095582953915
0.0,0.0,-5.4902377376499985,350.5552501928078,18.921689714457273,369.4769399072651
0.0,0.0,-5.090265733297314,353.9145606213039,19.667669794526546,373.58223041583045
0.0,0.0,-4.699850267728152,356.3925748710907,20.19507864972229,376.587653520813
0.0,0.0,-4.31891332511396,358.3204671607575,20.630394964669676,378.9508621254272
0.0,0.2916666666666671,-4.0,359.3015570990134,20.909188392930275,380.21074549194367
0.0,0.5833333333333336,-4.0,359.30284490789774,20.89689743106709,380.1997423389648
0.0,0.8750000000000014,-4.0,359.30469267709657,20.87863390689199,380.18332658398856
0.0,1.1666666666666694,-4.0,359.3069810376824,20.8546092150234,380.1615902527058
0.0,1.458333333333335,-4.0,359.3096667455451,20.82702511098637,380.13669185653146
0.0,1.75,-3.7666666666666666,359.3120937290405,20.799512005329632,380.11160573437013
0.0,1.75,-3.5333333333333328,359.31531048292356,20.800212553080826,380.1155230360044
0.0,1.75,-2.9589692371496086,362.2489476107003,19.296547887501106,381.54549549820143
0.0,1.75,-2.5950583765436033,364.79839120437737,18.217929861007462,383.01632106538483
0.0,1.75,-2.240467742712056,366.7553619511548,17.530478241504966,384.28584019265975
0.0,1.75,-1.8949585954801633,368.2562575793789,17.04659230446532,385.3028498838442
0.0,1.75,-1.5582985609377271,369.3584705005848,16.716268042100808,386.0747385426856
0.0,1.75,-1.2302607275130288,370.1646731100906,16.46839583565304,386.6330689457436
0.0,1.75,-0.9106244360364624,370.70939498348207,16.29792066163361,387.0073156451157
0.0,1.75,-0.5991743603149486,371.02015229605234,16.171358360641705,387.19151065669405
0.0,1.75,-0.2957010667465316,371.1634809781661,16.06603898968507,387.22951996785116
0.0,2.0493156476256957,0.0,370.83697127845716,15.474809637736826,386.311780916194
0.0,2.3543840841027595,0.0,370.5157539074863,14.997610539956383,385.5133644474427
0.0,2.7534352314647843,0.0,370.0638311877653,14.356994261320551,384.42082544908584
0.0,3.314564304879422,0.0,369.30809218332126,13.403084957762417,382.7111771410837
0.0,4.10359712174926,0.0,367.79233275284366,12.137469330461272,379.92980208330493
0.0,5.213100349161004,0.0,364.9574961872438,10.475693540838336,375.43318972808214
0.0,6.773113497142113,0.0,359.32808244438223,8.565649885489847,367.8937323298721
0.0,8.75,-3.9333333333333336,337.40149629500024,6.5202313912276395,343.9217276862279
0.0,8.75,-1.9666666666666668,346.9926181235744,6.689711928387396,353.6823300519618
0.0,0.4350978347647517,-5.9,346.7951389773549,18.028334988394647,364.82347396574954
0.0,0.8701956695295036,-5.9,346.6422037025281,17.791028727009632,364.4332324295377
0.0,1.3052935042942546,-5.9,346.198348504265,17.25511389731446,363.4534624015795
0.0,1.7403913390590058,-5.9,345.7166397241413,16.506427035962815,362.22306676010413
0.0,2.1754891738237583,-5.9,345.2011590974871,15.556340841574581,360.7574999390617
0.0,2.630013978492013,-5.9,344.7463191098251,14.45896283185732,359.2052819416824
0.0,3.2367828530486538,-5.9,344.123431486455,13.025649308874392,357.1490807953294
0.0,4.076748143470857,-5.9,343.21650424228915,11.371670324687784,354.58817456697693
0.0,5.238963712637737,-5.9,340.9623867431229,9.63938772650971,350.60177446963263
0.0,6.847574830287855,-5.9,336.3081761542292,7.862919114949705,344.1710952691789
7.5,0.0,-3.9333333333333336,340.27283909593103,8.335107656761352,348.6079467526924
7.5,0.0,-1.9666666666666668,349.8969862949489,8.586135366334247,358.4831216612831
1.7805640420303546,0.0,0.0,370.84631752385815,15.8606300741327,386.70694759799085
2.063306529064081,0.0,0.0,370.4559277400061,15.423220934398273,385.87914867440435
2.417706788267852,0.0,0.0,369.91119146573124,14.879042505782877,384.7902339715141
2.905520692480221,0.0,0.0,369.16595792493763,14.102063951367484,383.2680218763051
3.5770654343346693,0.0,0.0,367.75121601729177,13.03543758683179,380.78665360412356
4.501146800623983,0.0,0.0,365.2137018228241,11.706239293098236,376.9199411159223
5.773256089840456,0.0,0.0,360.7368071651375,10.155534796523682,370.8923419616612
1.5,0.0,-3.7666666666666666,359.3077931658356,20.854138499484748,380.16193166532037
1.5,0.0,-3.5333333333333328,359.3103588234267,20.854954503896238,380.16531332732296
1.5,0.0,-2.9589692371496086,362.3214167195529,19.35223653618698,381.67365325573985
1.5,0.0,-2.5950583765436033,364.72585760328747,18.38527775831693,383.1111353616044
1.5,0.0,-2.240467742712056,366.6531831422431,17.727541097899802,384.3807242401429
1.5,0.0,-1.8949585954801633,368.1004690125688,17.298465805844273,385.39893481841307
1.5,0.0,-1.5582985609377271,369.1878339784933,17.003155473500215,386.1909894519935
1.5,0.0,-1.2302607275130288,370.00091849684213,16.792524609223847,386.793443106066
1.5,0.0,-0.9106244360364624,370.5746914215683,16.630786515742614,387.2054779373109
1.5,0.0,-0.5991743603149486,370.94641456949483,16.505316150365502,387.45173071986034
1.5,0.0,-0.2957010667465316,371.1519709527995,16.400292089773984,387.5522630425735
0.3,0.0,-4.0,359.30145548367733,20.910275679744814,380.21173116342214
0.6,0.0,-4.0,359.302624336891,20.900646511047057,380.20327084793803
0.9,0.0,-4.0,359.30424103193013,20.886627508005574,380.1908685399357
1.2,0.0,-4.0,359.3058752993767,20.86992465610865,380.17579995548533
0.43074072931472945,0.0,-5.9,346.8080186476298,18.016817416586434,364.82483606421624
0.8614814586294592,0.0,-5.9,346.5549747475505,17.6722842926344,364.2272590401849
1.2922221879441889,0.0,-5.9,346.0871327804749,17.09317313411742,363.18030591459234
1.7229629172589187,0.0,-5.9,345.5307967374996,16.296818193226613,361.8276149307262
2.153786753368946,0.0,-5.9,344.9446123037252,15.343714381765324,360.2883266854905
2.6675830214785194,0.0,-5.9,344.3236021845221,14.151436726590191,358.4750389111123
3.376403314946253,0.0,-5.9,343.5901167386688,12.652121021508378,356.2422377601772
4.354320179299052,0.0,-5.9,341.8156354269923,11.051076409130644,352.86671183612293
5.7032658327320505,0.0,-5.9,337.3309259445033,9.470406451376846,346.80133239588014
0.3,1.75,-4.0,359.3095210340146,20.79189134899343,380.10141238300804
0.6,1.75,-4.0,359.30986338808947,20.778745001702646,380.0886083897921
0.9,1.75,-4.0,359.3109009502751,20.759446630012008,380.0703475802871
1.2,1.75,-4.0,359.3117569501787,20.734317457929535,380.0460744081082
1.5,0.2916666666666671,-4.0,359.30489839774225,20.84512121694246,380.1500196146847
1.5,0.5833333333333336,-4.0,359.30568880386966,20.830575818581963,380.1362646224516
1.5,0.8750000000000014,-4.0,359.306686776076,20.808180125196543,380.11486690127253
1.5,1.1666666666666694,-4.0,359.3097424043356,20.7788355645219,380.0885779688575
1.5,1.458333333333335,-4.0,359.3116439381906,20.744876474304647,380.0565204124953
1.5,1.75,-3.7666666666666666,359.31429778354476,20.70660251524629,380.02090029879105
1.5,1.75,-3.5333333333333328,359.3265182346467,20.708192417138207,380.0347106517849
0.3,1.75,-3.3,359.31835549747717,20.794731840940756,380.1130873384179
0.6,1.75,-3.3,359.3199015853862,20.78210632570898,380.1020079110952
0.9,1.75,-3.3,359.32119602893374,20.763122620593208,380.08431864952695
1.2,1.75,-3.3,359.323090973135,20.738653027815587,380.06174400095057
1.5,1.75,-2.9589692371496086,363.22270734170024,18.12814578562711,381.35085312732735
1.5,1.75,-2.5950583765436033,365.1473686932363,17.254500021048557,382.40186871428483
1.5,1.75,-2.240467742712056,366.6380885575851,16.667985229990222,383.3060737875753
1.5,1.75,-1.8949585954801633,367.8968279892358,16.236424465255652,384.13325245449147
1.5,1.75,-1.5582985609377271,368.8438018901281,15.887853419194698,384.7316553093228
1.5,1.75,-1.2302607275130288,369.562202430668,15.66165365515144,385.2238560858194
1.5,1.75,-0.9106244360364624,370.0422431979684,15.43780802891655,385.48005122688494
1.5,1.75,-0.5991743603149486,370.37025601227936,15.256077000480332,385.6263330127597
1.5,1.75,-0.2957010667465316,370.4820373786577,15.010187815765732,385.49222519442344
0.3,1.75,0.0,371.16572599997033,15.890446069505401,387.05617206947574
0.6,1.75,0.0,371.10874401811606,15.7422625483822,386.85100656649826
0.9,1.75,0.0,370.9641008051029,15.492407683772,386.4565084888749
1.2,1.75,0.0,370.73451008727375,15.103071501995544,385.8375815892693
1.875,8.75,0.0,347.92360046046866,6.274174106553801,354.19777456702246
3.75,8.75,0.0,343.4292472818281,5.695273404427667,349.1245206862558
5.625,8.75,0.0,336.74184196462323,4.890073898418677,341.6319158630419
7.5,1.75,0.0,352.03298593708485,8.12020702200482,360.15319295908967
7.5,3.5,0.0,349.64909403723306,7.3748938916468205,357.0239879288799
7.5,5.25,0.0,344.4671683091699,6.418941999540152,350.88611030871004
7.5,7.0,0.0,337.11691480859184,5.232207364580972,342.3491221731728
1.5,0.2916666666666671,0.0,371.22437246886847,16.239614579166243,387.4639870480347
1.5,0.5833333333333336,0.0,371.1907549759057,16.10938911113078,387.3001440870365
1.5,0.8750000000000014,0.0,371.12453859338405,15.89821225099115,387.0227508443752
1.5,1.1666666666666694,0.0,370.99214092011414,15.586555533368198,386.57869645348234
1.5,1.458333333333335,0.0,370.7839318674885,15.171161468335299,385.9550933358238
1.875,8.75,-5.9,321.5556226311994,6.043005697689921,327.59862832888933
3.75,8.75,-5.9,319.16364685298026,5.5330182977101,324.69666515069036
5.625,8.75,-5.9,313.0378171505417,4.853070107807525,317.8908872583492
7.5,8.75,-3.9333333333333336,315.78282192721133,4.0371939150005005,319.82001584221183
7.5,8.75,-1.9666666666666668,325.1551902731257,3.9984971250646595,329.15368739819036
7.5,1.75,-5.9,324.03927905049557,7.617170136634968,331.65644918713053
7.5,3.5,-5.9,322.5330252306274,6.998479209901461,329.53150444052886
7.5,5.25,-5.9,319.430167909435,6.079339131618667,325.50950704105367
7.5,7.0,-5.9,313.5441231300749,5.0983426158462635,318.6424657459212
1.5,0.2916666666666671,-3.3,359.3148407640993,20.84798144183378,380.1628222059331
1.5,0.5833333333333336,-3.3,359.31601231061677,20.83400990024859,380.15002221086536
1.5,0.8750000000000014,-3.3,359.31804859121564,20.811441016137735,380.1294896073534
1.5,1.1666666666666694,-3.3,359.32048413711044,20.782219762657235,380.1027038997677
1.5,1.458333333333335,-3.3,359.3240292494242,20.74723147899317,380.07126072841737
0.0,0.0,-10.878580658894379,195.85725807067968,5.241920498442994,201.09917856912267
0.0,0.0,-9.92246818885273,231.04093828127992,6.982286474538,238.02322475581792
0.0,0.0,-9.230680555252757,255.0674699288864,8.409113357333183,263.4765832862196
0.0,0.0,-8.705962145568769,272.3820140890381,9.591090815713187,281.97310490475127
0.0,0.0,-8.20828593518198,287.9055952516071,10.816636000553842,298.72223125216095
0.0,0.0,-7.723021111445313,302.3911583155087,12.089030256336855,314.48018857184553
0.0,0.0,-7.249858153002034,315.3704595986481,13.466926177422295,328.8373857760704
0.0,0.0,-6.788495291417808,327.07815057999557,14.93256808992885,342.0107186699244
0.0,0.0,-6.338638261692903,337.57017373866756,16.486107933379515,354.0562816720471
0.0,8.75,-10.625,208.8410858818895,4.197250338231839,213.03833622012135
0.0,8.75,-9.049999999999999,251.61003309331596,5.078176740141544,256.6882098334575
0.0,8.75,-7.475,289.24152433129143,5.742748712943126,294.98427304423456
0.0,1.75,-12.2,145.2626323552477,3.1569755576490195,148.4196079128967
0.0,3.5,-12.2,145.84169474712166,2.9624963897673524,148.80419113688902
0.0,5.25,-12.2,147.37232959035038,2.7781488679760287,150.1504784583264
0.0,7.0,-12.2,150.43561900133446,2.7314969522625745,153.16711595359703
7.5,0.0,-10.625,209.09655947716107,4.776442179153577,213.87300165631464
7.5,0.0,-9.049999999999999,252.55720464970582,6.039125256039341,258.59632990574516
7.5,0.0,-7.475,290.1832580086666,7.055252289632335,297.23851029829893
7.5,8.75,-10.625,209.75710844789813,3.88284938508977,213.6399578329879
7.5,8.75,-9.049999999999999,244.66760005558777,4.254459157904137,248.9220592134919
7.5,8.75,-7.475,272.57661893895784,4.255332387916496,276.83195132687433
7.5,1.75,-12.2,158.3662052764876,3.303085548125523,161.6692908246131
7.5,3.5,-12.2,158.46684482159657,3.1363029843379593,161.60314780593453
7.5,5.25,-12.2,159.56749325907504,3.009475991940633,162.57696925101567
7.5,7.0,-12.2,162.48156047617522,2.974537819410955,165.45609829558617
1.875,0.0,-12.2,145.64084009641547,3.1597806820776952,148.80062077849317
3.75,0.0,-12.2,146.8895603663343,3.0352211842833867,149.9247815506177
5.625,0.0,-12.2,149.7783518891988,3.001786448179587,152.7801383373784
1.875,8.75,-12.2,159.35476147715983,3.0525464521514607,162.4073079293113
3.75,8.75,-12.2,159.97753589181005,2.9734759640854804,162.95101185589553
5.625,8.75,-12.2,162.83138261031544,3.0124618355000052,165.84384444581545
0.0,0.0,-17.0,41.11052975707532,0.6540671106924094,41.76459686776773
0.0,0.0,-15.400000000000002,74.96860369195383,1.33801484847001,76.30661854042384
0.0,0.0,-13.8,109.91590239938324,2.2032949935040023,112.11919739288724
0.0,8.75,-17.0,57.45263044376487,1.0035750572157198,58.45620550098059
0.0,8.75,-15.400000000000002,92.95807711070896,1.6780185356121962,94.63609564632115
0.0,8.75,-13.8,126.84334455584309,2.371270486738439,129.21461504258153
0.0,1.75,-18.6,8.998131453062971,0.12045167187433492,9.118583124937306
0.0,3.5,-18.6,8.887215142368001,0.11485594877495053,9.002071091142952
0.0,5.25,-18.6,9.053660987311318,0.11987664834259171,9.17353763565391
0.0,7.0,-18.6,9.92263112892043,0.14313248118453892,10.06576361010497
7.5,0.0,-17.0,56.135643940453775,0.9990172982296741,57.13466123868345
7.5,0.0,-15.400000000000002,91.47229978275088,1.723435951988165,93.19573573473905
7.5,0.0,-13.8,125.75834432228586,2.5280255334446906,128.28636985573056
7.5,8.75,-17.0,71.63530814262157,1.3259259893394955,72.96123413196106
7.5,8.75,-15.400000000000002,108.25875537072328,2.039164076756933,110.29791944748021
7.5,8.75,-13.8,140.53503018872408,2.6782149563844087,143.2132451451085
7.5,1.75,-18.6,16.365344936549842,0.2692214655605838,16.634566402110426
7.5,3.5,-18.6,16.247382520592595,0.2624802915703093,16.509862812162904
7.5,5.25,-18.6,15.984893040488256,0.2575443329275835,16.24243737341584
7.5,7.0,-18.6,17.167645144314015,0.28426332591640957,17.451908470230425
1.875,0.0,-18.6,9.025099059560405,0.12120375227943292,9.146302811839838
3.75,0.0,-18.6,8.949435223262876,0.11918714004591635,9.068622363308792
5.625,0.0,-18.6,9.757664226273642,0.14273691050325077,9.900401136776892
1.875,8.75,-18.6,16.327714779844435,0.27085931543062713,16.598574095275062
3.75,8.75,-18.6,16.3250358989083,0.27592891617681303,16.600964815085113
5.625,8.75,-18.6,16.970491320627858,0.2941553580235663,17.264646678651424
0.0,1.75,-20.200000000000003,-0.0,0.0,0.0
0.0,3.5,-20.200000000000003,-0.0,0.0,0.0
0.0,5.25,-20.200000000000003,-0.0,0.0,0.0
0.0,7.0,-20.200000000000003,-0.0,0.0,0.0
7.5,1.75,-20.200000000000003,-0.0,0.0,0.0
7.5,3.5,-20.200000000000003,-0.0,0.0,0.0
7.5,5.25,-20.200000000000003,-0.0,0.0,0.0
7.5,7.0,-20.200000000000003,-0.0,0.0,0.0
1.875,0.0,-20.200000000000003,-0.0,0.0,0.0
3.75,0.0,-20.200000000000003,-0.0,0.0,0.0
5.625,0.0,-20.200000000000003,-0.0,0.0,0.0
1.875,8.75,-20.200000000000003,-0.0,0.0,0.0
3.75,8.75,-20.200000000000003,-0.0,0.0,0.0
5.625,8.75,-20.200000000000003,-0.0,0.0,0.0
0.0,0.0,-3.7666666666666666,359.30201372876246,20.916895122740925,380.2189088515034
0.0,0.0,-3.5333333333333328,359.3029655844263,20.91775324842922,380.22071883285554
0.0,0.2916666666666671,-3.3,359.3045562917657,20.91127072255813,380.21582701432385
0.0,0.5833333333333336,-3.3,359.30570036155706,20.89919464250835,380.2048950040654
0.0,0.8750000000000014,-3.3,359.3074294081564,20.880416077096697,380.1878454852531
0.0,1.1666666666666694,-3.3,359.30954845757617,20.856392039345565,380.16594049692173
0.0,1.458333333333335,-3.3,359.31201083752916,20.829200330767492,380.14121116829665
0.3,0.0,-3.3,359.3044312714635,20.912848992106944,380.21728026357044
0.6,0.0,-3.3,359.3054644080321,20.90304264575991,380.208507053792
0.9,0.0,-3.3,359.3068724454911,20.889175843602402,380.1960482890935
1.2,0.0,-3.3,359.30869168776064,20.872506239591416,380.18119792735206
0.0,2.0707548736841606,-3.087902826472918,363.2206909327316,18.19214451013761,381.4128354428692
0.0,1.9785818430357556,-3.868640975160236,359.3162666267909,19.253720746383976,378.56998737317485
0.0,2.0438165782650835,-2.0619306993977196,367.58567227674115,16.81931172566857,384.4049840024097
0.0,4.633323830907932,-0.838716376115733,366.4352750386408,11.500123892254123,377.9353989308949
0.0,1.961332347878382,-4.157747495826394,357.8326578744904,18.987600012577275,376.82025788706767
0.0,2.2627807358827714,-3.982877821024432,358.7707888824286,17.55772477462915,376.3285136570577
0.0,2.023268412987786,-1.0704425817747456,370.1674782993961,16.03151492999899,386.1989932293951
0.0,4.657855928054297,-5.033030256312445,349.29447698387605,10.783267771885278,360.07774475576133
0.0,1.0208333333333353,-4.238803213140789,358.48710904902475,20.575503975373408,379.06261302439816
0.0,2.2594000351268777,-4.3585568489504745,356.66685197196193,17.308647549954287,373.9754995219162
0.0,1.9125166944806211,-4.495104678288815,356.2902398796967,18.59479134658841,374.8850312262851
0.0,2.9787462621934417,-0.38217394644131986,369.8058072559538,14.186255417328084,383.9920626732819
0.0,2.6317179745590042,-4.1587601609670735,357.86823090742513,15.921679925641229,373.78991083306636
0.0,1.1260212836848111,-5.559653910806498,349.5288308999079,18.186759426478545,367.71559032638646
0.0,2.6417884529360696,-4.591795736335596,355.0190433282268,15.659365115576918,370.67840844380373
0.0,0.33400539037854415,-4.8950580005127335,355.31026232352355,19.928809718374737,375.2390720418983
0.0,2.5996566319877603,-3.717598218320827,360.6877330615096,16.18857670138476,376.8763097628944
0.0,3.0573602412384204,-3.9242489166197805,359.3234653512629,14.634068599083776,373.95753395034666
0.0,3.0055672400430904,-3.36618249788286,362.5813015527121,14.875837075663412,377.4571386283755
0.0,3.5933739758542047,-3.6446222150485093,360.4591268807821,13.309521603890062,373.76864848467216
0.0,3.4961776451941966,-2.9880183331565666,363.7418864486148,13.64525395443951,377.38714040305433
0.0,4.125574974003257,-3.2713221719646035,361.5265071923088,12.315749981103806,373.84225717341263
0.0,1.9599808869807855,-5.522671219292936,348.86206772850625,16.71169651797237,365.5737642464786
0.0,2.2031755366068246,-0.24880926597763153,370.66236727793637,15.352617306044465,386.01498458398083
0.0,7.251715209314005,-2.997152088760307,351.6226878042546,8.072970139464019,359.69565794371863
0.0,0.441401709940032,-4.2503629619483405,358.6074874246514,20.67436695638952,379.28185438104094
0.0,2.8567013357210413,-2.762052100119919,365.2630688515452,15.30937874275071,380.5724475942959
0.0,3.3883544317685,-2.3438596211790848,366.2134541283942,13.97775032574998,380.19120445414416
0.0,2.9466961151074287,-5.4015876720259755,348.81167654976423,14.144154173206005,362.95583072297023
0.0,3.5486991789877242,-4.269388028730141,356.64814174419905,13.221170669055027,369.8693124132541
0.0,1.6630851973679022,-4.249049507009487,358.2277432443219,20.174079237049625,378.40182248137154
0.0,1.5148292255556755,-4.555143911322202,356.72682782865627,19.736740863887064,376.46356869254333
0.0,1.8279685958198195,-4.847164768705067,354.1683314745991,18.24430254356264,372.4126340181617
0.0,1.4711291340965582,-4.921455200953557,354.2670954157201,18.960796446708684,373.2278918624288
0.0,2.7584019466685077,-2.125573860132203,367.3629668338773,15.364688333819458,382.72765516769675
0.0,3.2916226594303493,-1.7159104083866676,367.87464075122665,14.063629835965912,381.93827058719256
0.0,3.9077995246455615,-1.9308838932611998,366.43327290279126,12.883391587770745,379.316664490562
0.0,2.6931336839450672,-1.5103917396556206,368.8774372686507,15.213019093841297,384.090456362492
0.0,1.1924778057384093,-4.689835081956494,356.24130444459064,19.8224181872327,376.06372263182334
0.0,1.1200878070158267,-4.996013190512222,354.13159953375754,19.298513827367287,373.4301133611248
0.0,0.8770917573027155,-4.761721601691254,355.98401374770935,19.916931008554457,375.9009447562638
0.0,0.7073621498956284,-5.077298626989592,353.8215773934314,19.48257301354272,373.30415040697414
0.0,3.1700499915733147,-1.1502309734468055,369.0171433937289,14.154710558991553,383.1718539527204
0.0,2.64776098464589,-0.9599478751529871,369.7686500122516,15.01718219090742,384.78583220315903
0.0,3.5835698233477338,-0.6642522508718356,368.8033268047462,13.2041851480339,382.0075119527801
0.0,5.924845676683038,-4.829427894404892,347.6003709470817,9.161705539558966,356.76207648664064
0.0,5.757028112054783,-1.1091808755578683,362.56738354423214,9.921506529322983,372.4888900735551
0.0,5.050911482829894,-1.8363920847686277,364.0173704838511,10.986200595464368,375.00357107931546
0.0,5.136889539488817,-3.876797737616685,356.1571699037562,10.536148963069365,366.69331886682556
0.0,3.675068414322449,-5.298946462999886,349.03472713151655,12.545025278888147,361.5797524104047
0.0,3.191790156474826,-4.860506400795535,352.9156212543549,13.879477348744842,366.79509860309975
0.0,2.1932206968804957,-4.760224416198296,354.2289521747991,17.092900776168165,371.32185295096724
0.0,2.408771885158745,-2.5225773046036752,366.11603233825514,16.451846338055816,382.56787867631095
0.0,2.5436264981953696,-0.2842786059797735,370.3195373292198,14.846146684600114,385.16568401381994
0.0,2.3519004340435603,-0.5643397181153746,370.39763912484136,15.287366667171796,385.68500579201316
0.0,2.4084003328228514,-5.472702332734126,348.7411376073006,15.56324054898954,364.3043781562901
0.0,1.540620420574403,-5.5530981165232935,349.14761898415566,17.55727212344749,366.70489110760315
0.0,2.461028757813784,-3.2504694129732012,363.3401216791407,16.62541581397096,379.96553749311164
0.0,0.6840856008445473,-5.513807301674333,350.2679384612147,18.695482357620563,368.9634208188353
0.0,0.3373645122070104,-5.27926359839115,352.40392368899893,19.291881182386135,371.69580487138506
0.0,7.183737790274557,-1.4435108010991247,356.0055035046716,8.14312928586179,364.1486327905334
0.0,1.9729530504103834,-3.415464940191944,361.0181803179946,19.170734097398736,380.18891441539336
0.0,2.0244423279587895,-0.7548993981757084,370.55191191481174,15.851988719667531,386.40390063447927
0.0,2.038805133247382,-1.725667600085039,368.6592250323222,16.481320739832142,385.1405457721543
0.0,2.053172771883102,-2.399831287622745,366.2410392454381,17.21863867968466,383.4596779251228
0.0,2.02929291542533,-1.3942796442253798,369.5265303442338,16.225466376285908,385.7519967205197
0.0,2.075313205485175,-2.735910039609206,364.83255087873977,17.639360619611523,382.4719114983513
0.0,1.718220171425307,-5.208275262738847,351.7845898048794,17.859649770609735,369.6442395754891
0.0,2.3331283774653477,-1.232496680157408,369.64150364831875,15.676724151051587,385.31822779937033
0.0,1.331735737153931,-4.247698341666747,358.33886556652584,20.450215516703224,378.78908108322906
0.0,2.1191157526244195,-5.150754977994568,351.7129949081919,16.891156685904946,368.60415159409683
0.0,2.5835019178076815,-5.0395952560140165,351.99154682899496,15.531011214964053,367.522558043959
0.0,0.729816951656673,-4.249544440675328,358.54623550783566,20.631106900986083,379.17734240882174
0.0,0.5833333333333336,-4.523656094187028,357.4309675010269,20.354416613140188,377.7853841141671
0.0,2.209865502673459,-3.650595112668783,360.7324200763958,17.958366365640074,378.69078644203586
0.0,0.25575437924358635,-4.500155545769657,357.53017510705655,20.42739749446372,377.95757260152027
0.0,1.9886197081041197,-0.44743771353073747,370.83707979987776,15.770343718369475,386.60742351824723
0.0,3.8414457739407397,-1.299122372438135,367.8690261703935,12.972624517601218,380.84165068799473
0.0,2.2761001074202745,-0.9164252506752453,370.1554513284946,15.58144316376945,385.73689449226407
0.0,2.3598231063796318,-1.8605445498210305,368.1838199303768,16.068849644646775,384.25266957502356
0.0,2.2908366432925518,-1.544676042788896,369.0070374894218,15.946225712870898,384.9532632022927
0.0,1.9322800792239196,-3.646940205604192,359.97963205240416,19.585063232380662,379.5646952847848
0.0,7.427045807589296,-4.585527038926379,342.27630869118565,7.591639415727286,349.86794810691293
0.0,3.9901504881356185,-2.5731874876155123,364.52812592787194,12.722556424961283,377.2506823528332
0.0,4.781722713225333,-2.7592782284789363,361.9775634013686,11.259053310440834,373.23661671180946
0.0,5.882065125317805,-2.5389526173761405,359.6336010455175,9.81129017302851,369.444891218546
0.0,4.282171478880056,-4.087933474984819,356.82129567023514,11.85621153225759,368.67750720249273
0.0,1.3310565981986482,-5.249838054960346,352.0013777657259,18.54533694941233,370.54671471513825
0.0,3.0394424022219226,-4.377120424380918,356.34802471194513,14.530557922056857,370.878582634002
0.0,0.9131214104798976,-4.4844548035286715,357.52544895618246,20.29831826560286,377.8237672217853
0.0,2.70474682574392,-0.5972908309176699,369.9983705228038,14.728256059984574,384.72662658278836
0.0,6.256002226519305,-3.690764879603015,352.70745722786165,9.026485307188011,361.73394253504966
0.0,4.0459620862997445,-4.73384602471017,352.7463040102175,12.030876570846203,364.7771805810637
0.0,4.390114155423585,-1.6176931384447153,366.0312180464799,12.003475713589523,378.03469376006944
0.0,0.6254481577275554,-4.814433580845152,355.7296292753934,19.952993834014933,375.6826231094083
0.0,2.4191797021850463,-2.851121205262683,364.91689187813535,16.60883059230798,381.5257224704433
0.0,0.29873393212334265,-5.608914190222929,349.5087087703835,18.654343467402896,368.1630522377864
0.0,1.9538002556198422,-0.203641276695544,370.9469674589846,15.719911802466925,386.6668792614515
0.0,0.2082592234425671,-4.2165491383114935,358.6801774783034,20.711342089036634,379.39151956734
0.0,1.1768462715447958,-4.443191105042207,357.6009540223201,20.230067336889135,377.8310213592092
0.0,3.001699949641338,-0.7957140088988917,369.5545982453964,14.321968250050418,383.8765664954468
0.0,4.45069695626394,-2.1548766805498216,364.8696781625284,11.943675143628013,376.8133533061564
0.0,2.3147012029084317,-2.193465759771837,367.15939226171594,16.423182732341445,383.5825749940574
0.0,1.004233773682487,-5.267380158709052,352.16092107380916,18.89757394352887,371.05849501733803
1.7020725942163688,0.0,-3.6499999999999995,360.1213375330934,19.50531263067677,379.6266501637702
1.8640662739741802,0.0,-2.776054116299001,364.49446650185297,17.768810833856833,382.2632773357098
1.8252128891402601,0.0,-1.7603344996986046,368.24377515532376,16.746992009352823,384.9907671646766
4.014416790145845,0.0,-0.763836833693917,366.4736315679796,12.623293068097666,379.0969246360773
3.7633659758146445,0.0,-5.205471384317114,348.7551961537158,12.35140869741582,361.10660485113164
2.3488138194339427,0.0,-5.535156618857628,347.99192774651954,15.336269324212878,363.3281970707324
1.3450249939097467,0.0,-4.238083355270675,358.3685632657859,20.35307271318743,378.7216359789733
1.6131967987619475,0.0,-4.217960008414612,357.82401128667584,19.521134284229447,377.3451455709053
2.6616137403740363,0.0,-0.3646894304727182,369.4557690186894,14.654977207424963,384.1107462261144
1.4728571431623476,0.0,-4.480816401919444,356.8556640724943,19.453120597643817,376.3087846701381
0.7516311571459722,0.0,-4.246090122630088,358.54742043428473,20.618409867335117,379.16583030161985
1.761781733791059,0.0,-4.48274893136851,356.2412817516609,18.389243765587935,374.6305255172488
1.9051916886592597,0.0,-4.190886591294708,357.5872733614011,18.099966861264136,375.68724022266525
1.7596781560023687,0.0,-1.0836179085347695,369.94434625204553,16.380047642970055,386.3243938950156
1.6125468125154543,0.0,-4.745416117513001,354.9215057207821,18.483284970075715,373.4047906908578
1.3018850684992378,0.0,-4.739038530776071,355.59604111839144,19.29304584849814,374.8890869668896
2.087999479839137,0.0,-4.501656959178357,355.76523351043784,17.101889582123135,372.867123092561
2.2680256197900386,0.0,-4.15941799605759,357.743473569909,16.635375471204497,374.3788490411135
2.5278472670529184,0.0,-4.543215454801432,355.2283801297832,15.640815699148845,370.86919582893205
2.761857491140317,0.0,-4.148506304511635,357.6268885604597,15.08027818265981,372.7071667431195
0.37532236868258356,0.0,-4.925075071847786,355.0523167609843,19.853964109647563,374.90628087063186
1.4489339946680335,0.0,-5.025398272990701,353.28645832645566,18.40356693403561,371.69002526049127
1.110251419143974,0.0,-5.009481879776756,353.9190747807266,19.077308908412363,372.99638368913895
2.3849855566729268,0.0,-3.7124245783013694,360.5457281132288,16.32719526656888,376.87292337979767
2.9454454378082655,0.0,-3.666321355617903,360.3576313894944,14.647503995971249,375.0051353854656
2.621230190331291,0.0,-3.2331995682096846,362.9294594806577,15.545031538134765,378.4744910187925
3.1971918725706883,0.0,-3.157367860394586,362.40782060726184,14.18283651070493,376.59065711796677
2.7561467092880982,0.0,-2.6533739711916833,365.0595053726048,15.255158786133336,380.31466415873814
3.4615096436966843,0.0,-2.5823839250735525,364.15666536450505,13.723528729039344,377.8801940935444
3.891495790604739,0.0,-3.166224844132228,360.8943012625634,12.793642248791627,373.687943511355
3.0525833922891907,0.0,-2.0853269194376405,366.2718828181667,14.511814651141776,380.7836974693085
4.232459798537824,0.0,-2.4491916188452025,362.71374327678944,12.395811850874225,375.10955512766367
1.7311044550573504,0.0,-0.4255623035764424,370.7664196930384,16.113836257972878,386.8802559510113
4.89215566087738,0.0,-3.144057042906736,357.6306264553663,11.231718745467901,368.8623452008342
1.7851504157360145,0.0,-5.025947257901602,352.6988601376207,17.530872665806783,370.2297328034275
0.6461110939720943,0.0,-5.5269675859688085,350.1062615315484,18.624041319439925,368.7303028509883
3.230363619542068,0.0,-4.117246518786031,357.306052770255,13.908006146382888,371.2140589166379
2.5119864382686448,0.0,-2.0827586011582486,366.9164731799697,15.664706772920283,382.58117995289
2.6917264777834116,0.0,-1.6203882737945392,367.89018647630314,15.165768764409847,383.055955240713
5.244491303569686,0.0,-2.012541745192493,360.45142727472086,11.024260311962848,371.4756875866837
3.252776326997396,0.0,-1.5185432278086077,367.2133043521485,14.079897852963256,381.29320220511175
0.9835054902281538,0.0,-4.723412613306568,355.9670080812999,19.77216365928342,375.73917174058334
1.267579374472101,0.0,-5.31367842988914,351.32850803634807,18.23856215458136,369.5670701909294
2.825556358381102,0.0,-1.1294648668142182,368.56539818427126,14.724050036224241,383.2894482204955
2.105797111101051,0.0,-3.276321289204316,362.773901407978,17.261869123527163,380.03577053150514
2.3227955088657186,0.0,-1.2078916226943601,369.07471251373926,15.616783995138633,384.6914965088779
2.2453283789202874,0.0,-0.3791960278249533,370.07986636103425,15.320855671095615,385.40072203212986
4.356581046585543,0.0,-3.921393304999395,355.9869332522427,11.860185435195035,367.8471186874377
5.381402318272643,0.0,-3.97409148285847,351.8427422791095,10.510940336705573,362.35368261581505
3.168891825309464,0.0,-5.238875791514852,349.4619907389308,13.577655691293444,363.03964643022425
2.2151803276679267,0.0,-4.87094014282311,353.2720928205548,16.421814477775115,369.6939072983299
2.259823836272081,0.0,-2.9005067076133715,364.4409069300423,16.62531037941426,381.06621730945653
0.7693426080858724,0.0,-4.978637114178653,354.46461331453554,19.552358677039365,374.0169719915749
5.0475115750950295,0.0,-0.8971802160494526,362.96073528124003,11.171259672172368,374.1319949534124
2.0040047502211227,0.0,-3.8668060330269682,359.45802996408986,17.9047902430018,377.36282020709166
3.22973056200215,0.0,-0.46986301045657086,368.3886855397832,13.7458536642622,382.1345392040454
0.30304405534896023,0.0,-4.509381796421056,357.50266153997404,20.409621643557102,377.91228318353114
1.8950599336888807,0.0,-5.578151313472595,348.17851647683716,16.424970638927448,364.6034871157646
1.7715356542100513,0.0,-3.1223028964286916,362.73440134698,18.566129064493566,381.3005304114736
2.4198677278068996,0.0,-0.7866675895661981,369.53780205319845,15.241856725450361,384.7796587786488
2.0753452904254055,0.0,-0.69530057694978,370.0697438755415,15.730728697092161,385.8004725726337
4.791852389386374,0.0,-5.014541346618759,347.7801453909986,10.85037175337385,358.63051714437245
1.8031520977924314,0.0,-2.4177630596278306,365.92108415479277,17.461079540038895,383.38216369483166
0.3243767694327136,0.0,-5.312087071201888,352.14516233409154,19.23502254393088,371.3801848780224
0.6277941005155453,0.0,-4.671741905535185,356.4958916988476,20.103560541021807,376.5994522398694
1.0523189658130254,0.0,-4.236094920539452,358.49217962879595,20.529897908449755,379.0220775372457
1.8072522874340466,0.0,-1.4183892677334171,369.2025496885982,16.517166288586395,385.7197159771846
1.7550900460891539,0.0,-2.0626904513414517,367.2903562318031,17.14402929041961,384.4343855222227
2.1902813771090144,0.0,-1.6167570124536699,368.37963189133666,16.06021813046334,384.4398500218
4.430131450371453,0.0,-1.5484872243633632,364.0932522415807,12.052924811581136,376.1461770531618
0.45,0.0,-4.253803596840443,358.4954409297923,20.65377424409928,379.1492151738916
1.9220612127669823,0.0,-0.24624486668663526,370.5841363506683,15.745575334056696,386.329711684725
1.7040776386431165,0.0,-3.9487198832338257,358.99891928588363,19.38437757045108,378.3832968563347
1.7610034784721003,0.0,-3.4114748256867555,361.2087980574822,19.020766055912304,380.22956411339453
1.612222357299242,0.0,-5.321121265594975,350.7355943545759,17.521873475270695,368.2574678298466
0.915704130043116,0.0,-5.296734610985011,351.88101748391256,18.793741777578703,370.67475926149126
1.7967321978085136,0.0,-0.7380015123721488,370.3819543957274,16.14257500781605,386.52452940354345
6.272682887777461,0.0,-1.2340602156215787,357.2317068430504,9.672440349557178,366.9041471926076
3.69800632123791,0.0,-1.959503245065557,365.3538115810463,13.291560828334582,378.64537240938085
2.7210748807072602,0.0,-4.997851445275522,351.8880480940947,14.85927734207155,366.74732543616625
1.072062343101603,0.0,-5.598397059363375,349.1586082374253,18.020473010855767,367.1790812482811
3.386486857765725,0.0,-0.9982098632425425,367.68753768914803,13.701968367197082,381.3895060563451
2.2237100998514183,0.0,-2.4717308025131235,365.93025484668834,16.537095146296565,382.4673499929849
1.8925317539099185,0.0,-4.725341881756916,354.5949617342896,17.606087108350835,372.20104884264043
2.0664418581862947,0.0,-5.2286459767736835,350.855898668217,16.470416714889723,367.3263153831067
1.177640852360782,0.0,-4.4783502422667585,357.2425215917323,20.008216584532306,377.25073817626463
3.1391069617702834,0.0,-4.677733872043085,353.6331581457362,13.893480171216254,367.52663831695247
3.794735262766828,0.0,-4.445353893676268,354.23692070806504,12.629921076506605,366.86684178457165
3.569302171646355,0.0,-3.7456512962677353,358.6570247908511,13.235499375654854,371.89252416650595
6.174892390709923,0.0,-3.003975042207613,352.84486955221684,9.809715497352158,362.654585049569
6.339389536791735,0.0,-4.711294703904019,342.90428017960255,9.224949785326942,352.1292299649295
1.4434696159684741,0.0,-5.605722224604411,348.5804379338379,17.383515594686457,365.96395352852437
3.756363549303666,0.0,-1.3577160788347982,366.4041192159661,13.160614188285535,379.5647334042516
1.9879059077106875,0.0,-3.5859839773474684,360.9882153211336,17.951884432717407,378.94009975385103
2.112277267758246,0.0,-2.0249808538230365,367.3240795014459,16.458669009739026,383.78274851118493
0.30541229255520785,0.0,-5.600467093258383,349.6124496383986,18.669969631698223,368.2824192700968
2.8068674631753296,0.0,-5.483240674103898,347.86128748421254,14.202264833626145,362.0635523178387
0.8648786866485625,0.0,-4.465549409292098,357.546673981873,20.277908105665972,377.824582087539
2.009795166884279,0.0,-0.4660467683102292,370.35441579878756,15.723189497841531,386.0776052966291
1.7022687046455423,0.0,-0.20666410040818217,370.9070731443846,16.06421344976451,386.9712865941491
2.8518583638765813,0.0,-0.7073672312434596,368.9151801757457,14.476215220944027,383.39139539668975
0.2155623175162767,0.0,-4.221130771808623,358.6469274561857,20.70496148854579,379.3518889447315
2.0233939097054465,0.0,-1.2366826887387674,369.3573728500286,16.095755139019275,385.45312798904786
2.000305718889341,0.0,-3.018796252386345,363.69961391078573,17.51070398549018,381.2103178962759
0.6194148613863961,0.0,-5.239509205189037,352.5683602691393,19.20411777306913,371.77247804220843
2.421886554291782,0.0,-5.195054817051196,350.65002828944495,15.50256922184576,366.1525975112907
2.0663021317690586,0.0,-0.9580269831426707,369.76154132947323,15.870338273411676,385.6318796028849
0.5994695999318082,0.0,-4.429313366143774,357.84006789140545,20.4439522290466,378.28402012045206
0.7490607859211474,0.25935272533831166,-4.0,359.30355318240163,20.88984257606552,380.19339575846715
0.75,1.5309901018028285,-4.0,359.3119379945527,20.794822520407592,380.1067605149603
0.24018315275530533,0.7452604815939706,-4.0,359.3039903775039,20.883939579686455,380.18792995719036
1.259339591040432,0.7451415575866505,-4.0,359.308831660074,20.8369140453039,380.1457457053779
0.25259074277046006,1.3125000000000022,-4.0,359.30835725058324,20.837382463242534,380.1457397138258
1.2474092572295399,1.3125000000000022,-4.0,359.3136909229744,20.784501036950132,380.0981919599245
0.45255201291486113,0.2407470952569024,-4.0,359.30227216621364,20.902538319977793,380.20481048619143
0.5909542221368465,0.4847817328071054,-4.0,359.3037507626648,20.889738911006532,380.1934896736713
0.9057576150353378,0.48266535851539094,-4.0,359.30551987052456,20.874740349290562,380.1802602198151
0.7479829701474007,0.7733994269962057,-4.0,359.3061154946046,20.864814112642648,380.1709296072473
1.0476596003300445,0.2426215819199543,-4.0,359.30550786355224,20.874573672948827,380.18008153650106
0.24822892951482362,1.023515635821219,-4.0,359.3060843461819,20.86321497711657,380.16929932329845
0.4826908305295651,1.1589476514027053,-4.0,359.30789406248124,20.844166522836417,380.15206058531766
1.2502172770799584,1.0227351060619048,-4.0,359.31081874647356,20.813384461360954,380.1242032078345
0.9966566396180851,1.1588175631094861,-4.0,359.3105283775962,20.8172168707286,380.1277452483248
0.47069817762407706,1.4881496362339794,-4.0,359.310569123352,20.81365545365469,380.1242245770067
1.0228881737742652,1.477189447715738,-4.0,359.3134171948715,20.783013401441053,380.09643059631253
1.2197068593599096,0.4615859751301088,-4.0,359.30705400347813,20.856911531115713,380.16396553459384
0.2796889565932085,0.4617346645951417,-4.0,359.302618444958,20.899697376606866,380.20231582156487
0.99829636812927,0.8955129581785868,-4.0,359.30875045531735,20.84205889571217,380.1508093510295
0.4770890607985875,0.8957911684742867,-4.0,359.30591987652315,20.867545808074055,380.1734656845972
0.744703975764369,1.2614401084234232,-4.0,359.30986708842397,20.823274431284744,380.1331415197087
0.7265611535761749,1.0187540061361515,-4.0,359.3077965681247,20.845972956181754,380.1537695243064
0.22055726193959674,0.21840651704263295,-4.0,359.3015540552462,20.908712858203046,380.21026691344923
1.2794819136623892,0.218366222137733,-4.0,359.30624118301733,20.861917117794746,380.1681583008121
1.2856332146650018,1.5379608303220977,-4.0,359.3144920704514,20.754525915126294,380.0690179855777
0.2143667853349983,1.5379608303220975,-4.0,359.3100731096753,20.816361086594384,380.12643419626966
1.0457092954511649,0.6673071057510327,-4.0,359.3075361972036,20.854853262740676,380.1623894599443
0.45357604640585003,0.6679468254653795,-4.0,359.3041818399735,20.88271613393954,380.18689797391306
0.20283296336890705,1.75,-3.6417217394866084,359.31387269961476,20.79806995490941,380.11194265452417
1.2971670366310928,1.75,-3.6417217394866084,359.3188751694442,20.729522980852437,380.04839815029663
0.7500000000000001,1.75,-3.782133720455908,359.3133926516865,20.772438406170863,380.0858310578574
1.0424524338044416,1.75,-3.7574360514454206,359.31563305366706,20.75189781923558,380.06753087290264
0.4575475661955581,1.75,-3.7574360514454206,359.31283640753253,20.788865327082362,380.1017017346149
0.4100634215940775,1.75,-3.485060606561277,359.3163345680557,20.791621625838786,380.1079561938945
1.089936578405922,1.75,-3.4850606065612775,359.3195093261089,20.74881862429396,380.0683279504029
0.7499999999999999,1.75,-3.515642511844276,359.3173607094266,20.774456539523328,380.09181724894995
0.19207610591289304,1.75,-3.833164891519739,359.3110497762944,20.796725422239888,380.1077751985343
1.307923894087107,1.75,-3.833164891519739,359.3146426806954,20.726502281962837,380.0411449626582
0.1825792769925969,1.75,-3.4520231358762437,359.31622564140633,20.798342811168027,380.11456845257436
1.3174207230074029,1.75,-3.4520231358762437,359.32340432014615,20.727648383613825,380.05105270376
0.7378505897272678,1.75,-0.2641386513023991,371.02881362754584,15.766019362443842,386.7948329899897
1.2384450073660793,1.75,-1.0763826974329413,370.0543937716587,15.768669197763927,385.8230629694226
0.7527505523669588,1.75,-3.046503188994289,361.52404522304204,19.485434498432937,381.009479721475
1.2073501439554244,1.75,-1.7250686314616934,368.59544912059204,16.303467697406916,384.89891681799895
0.25884908057944617,1.75,-1.3765414237718367,369.8306858877662,16.538193964712207,386.3688798524784
0.2953879205477067,1.75,-2.06771316909611,367.6017618977229,17.202527475584475,384.80428937330737
1.1974900834467266,1.75,-2.4251014460137457,365.9520267912535,17.232777416283625,383.1848042075371
0.26575384704176663,1.75,-0.7534813716418354,370.8613425524293,16.201078702688392,387.06242125511767
1.2095991603974554,1.75,-0.4687414739348936,370.7007694063287,15.430607330405962,386.13137673673464
0.30121290047128546,1.75,-2.7770138068466057,363.74596140901514,18.565583044680864,382.311544453696
1.1917471823031054,1.75,-2.791270449471897,363.8661479203668,18.1312424285332,381.9973903489
0.9018937692269478,1.75,-2.5854425081774646,364.94674572617635,17.865810643983764,382.8125563701601
0.8967622218804769,1.75,-2.260114331137954,366.7688437272675,17.152420540966432,383.9212642682339
0.6088598135296251,1.75,-2.4375344462047916,365.82003771415486,17.694717315783123,383.514755029938
1.2018359796435207,1.75,-2.070823945205535,367.470890542074,16.69391933761881,384.1648098796928
0.9130478078693072,1.75,-1.8860037098862388,368.2462030027619,16.671817379692754,384.91802038245464
0.9337443963351124,1.75,-1.5560481172762315,369.21727685728325,16.33177623458363,385.5490530918669
0.6335225976206891,1.75,-1.6937897372440922,368.8850035767027,16.664631080398692,385.54963465710136
0.6891998974445007,1.75,-1.3697573103181044,369.74809012832975,16.36403483715759,386.11212496548734
0.2500955938016529,1.75,-0.4507920504605174,371.0984716316902,16.08079973921423,387.1792713709044
0.5650189589646358,1.75,-0.5502389950414761,370.9886871308828,15.991140747495194,386.979827878378
0.5367083787241961,1.75,-0.8864805975339154,370.6767672524324,16.15320020429897,386.82996745673137
0.8038232153494016,1.75,-0.7492369687206129,370.7436387753154,15.930391855136747,386.67403063045214
0.7692494702658708,1.75,-1.0537225868303248,370.34656811554413,16.122942893923778,386.4695110094679
0.29879562977408336,1.75,-1.7240597282326373,368.86478379540443,16.81467620393738,385.6794599993418
1.2255387846240797,1.75,-1.4031352417161185,369.43237207935084,16.00130934211137,385.4336814214622
1.2468470087930692,1.75,-0.7695175398464182,370.4295086338093,15.552656456252521,385.9821650900618
0.2617240735132986,1.75,-1.0521816609767978,370.4822893550762,16.334310735608312,386.8166000906845
0.6291370955347034,1.75,-2.060574188310587,367.5849528712431,17.08679162178464,384.67174449302775
1.0388690442261992,1.75,-3.0597303068092523,361.9620797291405,19.34425180181188,381.3063315309524
0.4636250393921442,1.75,-3.0421153304044366,361.6252998650726,19.475668914629523,381.1009687797021
0.2787569624268039,1.75,-2.405181063297097,365.9840489823333,17.734251124420325,383.71830010675365
0.6547236791644934,1.75,-2.788940512774598,363.8227701983262,18.406465701620505,382.22923589994673
0.45111874346782865,1.75,-0.24828257137896426,371.1324235160499,15.932289686179104,387.06471320222903
1.0379363340242878,1.75,-0.2398118581969575,370.88176755560573,15.473724684464742,386.3554922400705
0.8995599268459986,1.75,-0.4877399942978893,370.90210691525346,15.726628535256168,386.6287354505096
0.9756015534139637,1.75,-1.2484412112315,369.9267305153554,16.09537298236836,386.0221034977238
1.0089121669876495,1.75,-0.9048392747678085,370.45690475504324,15.84783756039161,386.30474231543485
0.5018877392849252,1.75,-1.194179081491221,370.1878793007425,16.33414490781189,386.5220242085544
0.2193916728249953,1.75,-0.21825102964655985,371.169388166969,16.005377878018066,387.17476604498705
1.2806083271750042,1.75,-0.21825102964655985,370.6823424939746,15.147247108928127,385.82958960290273
0.9079968454575408,1.75,-2.8543773932455,363.2380200565741,18.66431942078367,381.90233947735777
1.2861232453058609,1.75,-3.0819939986861513,361.8735660404033,19.313896680930213,381.18746272133353
0.21296758797268592,1.75,-3.07561967488013,361.2846402320984,19.733972559848553,381.01861279194696
1.0337482956747148,1.75,-0.676015050313524,370.67738956706756,15.702358829323998,386.37974839639156
0.477927115788357,1.75,-1.5064841295749982,369.47556724534024,16.560878744254808,386.03644598959505
0.4530354480097097,1.75,-2.242750716727147,366.8462587932511,17.397699899459496,384.2439586927106
0.4642108108692956,1.75,-1.8865342057208565,368.2842846157042,16.926611094949408,385.21089571065363
0.7997009327907759,4.52479711858109,0.0,366.5373775375634,11.32767972064454,377.8650572582079
1.7555378530996277,1.6023975355717144,0.0,370.32654491117415,14.707688287427573,385.0342331986017
1.7655069491152546,1.9097123616545635,0.0,370.0275462694028,14.348112244702804,384.3756585141056
3.993266476646856,0.7399924028511464,0.0,366.56735416331657,12.299540175205209,378.8668943385218
1.0505207956613987,2.0089023793538816,0.0,370.5563585455885,14.994663567276461,385.551022112865
2.698648046942326,0.36877908819880123,0.0,369.41525164471796,14.370983399075328,383.7862350437933
0.4108545329767333,3.0197053835257472,0.0,369.68528043116913,13.844172983239787,383.5294534144089
6.086083953503405,4.401068954061122,0.0,352.99688911564834,7.915021801646731,360.9119109172951
1.7584128395106853,0.9987125792350257,0.0,370.6969079241254,15.42259067483127,386.1194985989567
2.9524788261059123,7.304043453986807,0.0,353.1731555623898,7.306919486904462,360.48007504929427
0.4511334026895477,1.9969073735725738,0.0,370.82343180001175,15.445647742425535,386.2690795424373
1.7307432553009399,0.4182811866836933,0.0,370.8862779805944,15.853911833758445,386.74018981435285
0.31596684526798124,2.5525139387728357,0.0,370.2490811066368,14.626386755953888,384.8754678625907
0.7606999981580801,2.701489021678405,0.0,369.97629941679116,14.223592697443848,384.199892114235
0.9059165624580208,3.198308178821121,0.0,369.2585913419576,13.356635184433856,382.61522652639144
1.3194286073830874,2.688243064831845,0.0,369.6170250318634,13.873882775679135,383.49090780754256
1.4959003038294576,3.408315837063121,0.0,368.3771817145195,12.729635286108362,381.10681700062787
1.9667824021362832,2.940819229665744,0.0,368.7597610236001,13.009888733633431,381.76964975723354
2.1852830799078964,3.6692871867667853,0.0,367.18629502186076,11.880424258958215,379.066719280819
2.80968533364483,3.0943903150060947,0.0,367.2415998903483,12.06215724167572,379.30375713202403
2.049026243910899,1.7301516590735377,0.0,369.85689240900865,14.297587030256011,384.15447943926466
3.066449377994261,3.984589114078917,0.0,364.772886146208,10.736551990578391,375.5094381367864
3.7922814679053545,3.280199426496484,0.0,364.86805440531987,10.810845370382765,375.67889977570263
2.0194129859593386,1.4320578358034368,0.0,370.13378792238495,14.66405248977344,384.7978404121584
2.371814440057096,4.646192126161351,0.0,364.6292416233865,10.453168417727056,375.0824100411136
3.3630390145111675,5.038509852298725,0.0,361.7993249800044,9.329257962129873,371.1285829421343
3.467707868748305,2.2930694470705184,0.0,366.69270724697225,12.040670426915142,378.7333776738874
4.5890696929978105,2.5602273465671495,0.0,363.1595117467523,10.534729855639853,373.69424160239214
2.246472181034604,0.37843104462498905,0.0,370.1781362870761,15.08332326384766,385.26145955092375
2.478699338439418,0.7503702923310269,0.0,369.7217218186879,14.576896852783477,384.2986186714714
2.8711118867340173,0.7687672376204185,0.0,368.9755294901261,13.960577076285574,382.9361065664117
2.707327749686212,1.1678900638903298,0.0,369.27479098286886,14.001974399292806,383.27676538216167
3.2224829398699626,1.0770352559655216,0.0,368.2283082255542,13.263117833013553,381.49142605856775
2.0517442505974084,2.0372683376410268,0.0,369.6105312555123,13.961213301531131,383.5717445570434
2.3738341027726153,1.8766712223332194,0.0,369.21614256362284,13.801553646253012,383.01769620987585
1.040680496089466,5.7516782500657495,0.0,362.63943980700753,9.582623176459208,372.22206298346674
5.023969837029214,0.8985035992263538,0.0,363.1760915975635,10.8553504130914,374.0314420106549
6.07155692853041,2.7758640244949326,0.0,357.48143180745586,8.918275440705429,366.3997072481613
4.710794307839531,7.128748047423494,0.0,348.74774562779135,6.6438944840601835,355.39164011185153
2.05499850860425,0.742275475410145,0.0,370.3877564125596,15.213318286637048,385.60107469919666
6.092403780564477,6.097878491619117,0.0,347.49790151522757,6.718501953977977,354.21640346920555
2.8748150978689724,1.7100033304320421,0.0,368.7340168208084,13.365293438372362,382.09931025918075
2.266253386350358,1.0966969775904993,0.0,369.9617927453699,14.657130528221728,384.61892327359163
1.3377311724798346,2.007251467142251,0.0,370.33532165664946,14.644304135850462,384.9796257924999
1.7904500419856966,2.32145826405173,0.0,369.5475747704885,13.914366838219792,383.4619416087083
0.7502756997251577,2.00750670624463,0.0,370.7471748078612,15.267023093733712,386.0141979015949
0.5697003494969561,2.288313691400556,0.0,370.55491077501694,14.940998955735495,385.49590973075243
1.7568352974942987,0.6950454907793919,0.0,370.7993445867504,15.66698959309872,386.4663341798491
1.7525907427704597,1.312500000000002,0.0,370.52602331748386,15.10170925179591,385.6277325692798
0.4987298437181116,3.602845942380906,0.0,368.6761751449843,12.878536956038317,381.55471210102263
2.419205032220718,2.375665655541769,0.0,368.70633363998735,13.264569301194001,381.97090294118135
0.8985186758473811,2.2938029250762026,0.0,370.35746777330473,14.71541684456463,385.07288461786936
1.1870923693364102,2.2927197059418227,0.0,370.1588962260118,14.469173712605823,384.6280699386176
1.391359124808232,7.197870595454395,0.0,356.06454020561114,7.84914901599069,363.9136892216018
4.811248685051747,5.249999999999999,0.0,356.578864912787,8.285184213852403,364.86404912663943
4.8980672198710575,3.7565221994909717,0.0,360.27580443943924,9.379836691414766,369.655641130854
0.2593658381509527,2.2017742755815033,0.0,370.6556096168347,15.196280683730208,385.8518903005649
1.92183658515299,0.2455915435193119,0.0,370.60942564071206,15.602955426458834,386.2123810671709
2.3341337413180074,5.895170207572352,0.0,360.75163993066104,9.032564557999649,369.7842044886607
4.210729457466377,1.6504028970007452,0.0,365.52069393137117,11.634929573451927,377.1556235048231
1.576614595584882,4.178597441488186,0.0,366.9696038842204,11.584828243625736,378.55443212784616
1.9851004190434924,1.153594485008285,0.0,370.2895541928211,14.98289678776132,385.2724509805824
6.211683055766475,1.229579437322807,0.0,358.1278277934893,9.40139410574119,367.5292218992305
3.642389457389256,6.191005390384496,0.0,355.7456083552751,7.989754157531536,363.73536251280666
4.0116598166606305,4.266768686727612,0.0,361.39278666577974,9.60462809951872,370.99741476529846
3.211349246168009,0.4924289974393146,0.0,368.49814396579774,13.541545931064604,382.03968989686234
2.3970879217032492,1.4863219030775072,0.0,369.5452185792491,14.160052429657583,383.70527100890666
1.599104687234598,5.047668871910403,0.0,364.3545868669554,10.322107778171642,374.67669464512704
5.401315479198771,1.953109000215557,0.0,361.26488132013947,10.031168409375653,371.2960497295151
1.9901587142590274,0.4773251019035416,0.0,370.5382542179493,15.438379819337683,385.976634037287
6.285639617680801,7.545325307808522,0.0,339.97555425914925,5.4835346145160315,345.4590888736653
0.2193944314512314,1.9692109180146022,0.0,370.91342827635157,15.57271726989967,386.48614554625124
1.0553724476762496,3.782572903666885,0.0,367.94925158327806,12.4409299133726,380.39018149665065
1.7028893906008316,0.2060574819224974,0.0,370.9407781190615,15.95185705536727,386.8926351744288
1.5713615736239062,2.039935306469333,0.0,370.1135225125458,14.383301727678827,384.4968242402246
1.4574171452985956,2.226525972762717,0.0,370.0039195609457,14.306218416958359,384.31013797790405
1.0414349126812397,2.4940636793820685,0.0,370.09802365676967,14.315580219182834,384.4136038759525
3.553153408214441,1.6321984064554214,0.0,367.3243651999248,12.501878635793844,379.8262438357186
1.7031832941093956,8.75,-2.9499999999999997,342.67759454907167,6.490363301057926,349.1679578501296
4.661921576889304,8.75,-1.4618882842376317,338.85949374159657,5.352313795503051,344.2118075370996
4.680416096206532,8.75,-4.3469297558876345,327.82790337050113,5.283430186522139,333.1113335570233
2.8737046202983896,8.75,-4.341990518116802,332.88736534747613,6.011153615227954,338.8985189627041
2.8125,8.75,-1.5346063227064386,344.3933419258296,6.113256133309221,350.5065980591388
5.882517257037295,8.75,-2.942883597433563,329.88421423046844,4.792528640582077,334.6767428710505
3.7455882726674616,8.75,-2.9225088948679447,338.2636763593535,5.799897313028453,344.06357367238195
1.2903775828815571,8.75,-4.605064770290027,332.4310589206921,6.346998740462652,338.7780576611548
6.144098274658902,8.75,-4.517766716659264,320.224134620428,4.64032962698883,324.86446424741683
1.2781366588218792,8.75,-1.290254597874621,347.63634034274276,6.535196388487748,354.1715367312305
6.233887766785321,8.75,-1.274287709667572,332.7836365671267,4.6082753051110785,337.39191187223776
0.45955364354230627,2.9333984157703332,-5.9,344.3568444312736,13.618163190064024,357.9750076213376
3.9443715916036575,0.7472995621159892,-5.9,342.07380894944225,11.506698498984179,353.58050744842643
1.930034530799848,0.35608526838470234,-5.9,345.2280836782892,15.810625098763978,361.03870877705316
0.8669697436875552,4.657855928054297,-5.9,341.7382824580411,10.270067673900712,352.0083501319418
0.37214253763496263,1.5123320854369375,-5.9,345.89120223427483,16.84604520219216,362.737247436467
5.942895252230313,4.269526011377461,-5.9,332.44787562105734,7.617227569511954,340.0651031905693
1.0765602967975247,0.37467226802043174,-5.9,346.30308235548443,17.337249518395424,363.64033187387986
3.0503179093752912,7.340116088581231,-5.9,330.9906277873302,6.810228157498955,337.80085594482915
0.36965044918016354,0.6426816968938946,-5.9,346.60949524015643,17.83863023824324,364.4481254783997
2.9512015852511624,0.7413611147035265,-5.9,343.9964755203242,13.40819632959915,357.4046718499234
3.475874472653168,1.507960703278872,-5.9,342.7941830596127,11.891321063597331,354.68550412321
2.42662048403891,1.5750386835026389,-5.9,344.3700113258398,13.882275247659322,358.25228657349913
3.060303956483588,2.2704426432945106,-5.9,342.788717211633,11.886286324661057,354.67500353629407
4.356134384387404,1.4400794686911091,-5.9,341.1573484544073,10.630592942805208,351.78794139721253
2.1964003668050096,2.346361376402573,-5.9,344.22661124851777,13.14502123905396,357.37163248757173
2.6415568742658135,3.085549819088135,-5.9,343.53532462602067,11.525323221123472,355.06064784714414
1.8041569500060142,1.5999865944303386,-5.9,344.9014934114399,14.966937949552403,359.8684313609923
3.6648157098711787,3.108262955590787,-5.9,341.4858815438864,10.241457236832787,351.7273387807192
3.142903195604234,4.052494146531485,-5.9,342.2320486365998,9.844422049370678,352.0764706859705
1.5119088929441133,2.2210486068100206,-5.9,344.5866756786302,14.397112236206738,358.9837879148369
1.686071720272572,3.025516533028366,-5.9,343.5443002357413,12.591294674607752,356.135594910349
1.1745533665831662,5.8170465236016335,-5.9,338.37898500250213,8.7217004714538,347.10068547395593
2.076611092681275,4.933985808430952,-5.9,341.08485274935435,9.525515976024906,350.61036872537926
4.390890754613373,4.10876442709229,-5.9,338.7840297398303,8.79420676985012,347.57823650968044
3.6396001260273385,5.12541003908388,-5.9,338.4260677425885,8.459648223797217,346.8857159663857
4.883261832876494,2.9357767096708085,-5.9,340.17000787070134,9.338103798124394,349.50811166882573
2.216301641204696,0.9658815739675468,-5.9,344.60078992421427,14.818862849620814,359.4196527738351
1.6795799182150057,0.9655508799848909,-5.9,345.4419184758432,15.977943583612785,361.41986205945597
4.75028001745595,7.459271724380612,-5.9,325.7711250320406,6.038411539910953,331.8095365719515
0.6070218098844481,3.6660458878272957,-5.9,343.5849498206305,12.034098477238558,355.6190482978691
5.942470184721528,6.125024315643006,-5.9,327.31985730924464,6.391295717080197,333.71115302632484
0.40426722902921935,2.4112615279902263,-5.9,344.82729887213026,14.887398078836554,359.7146969509668
0.9483679845105719,2.560999715831168,-5.9,344.80259749787035,14.271480642196423,359.0740781400668
0.9370088631949415,1.9813042160813743,-5.9,345.200695075997,15.563241550387033,360.763936626384
2.3301882211050104,0.45874496073874094,-5.9,344.7373282629232,14.873870125564224,359.6111983884874
1.5061600667272863,0.3605205236426181,-5.9,345.7050170373934,16.6667733962675,362.3717904336609
0.39042080160288545,1.065721276411478,-5.9,346.3407174167229,17.466350735377546,363.80706815210044
0.7573067542132288,1.2644272790859805,-5.9,346.13711145180724,16.995077979915095,363.13218943172234
0.35713027425601707,1.9486893448567466,-5.9,345.33420796880483,16.008468844858612,361.34267681366345
1.315507759201357,0.7011429808748222,-5.9,345.8056048256459,16.831870095306215,362.6374749209521
0.815784903544543,0.7759425713221262,-5.9,346.43096990669744,17.43819897816502,363.86916888486246
0.6556414503090753,0.3566312417162412,-5.9,346.53075150248765,17.79120101419062,364.32195251667827
1.4862373288150148,7.240326089399332,-5.9,333.07942481274506,7.284761450905421,340.3641862636505
1.3449613243853156,3.9048253392735264,-5.9,343.0459703254719,11.2354785979731,354.281448923445
6.262792434670505,2.6173972778857815,-5.9,332.2088368388079,8.240079898164026,340.4489167369719
2.196114156014011,3.83872908863077,-5.9,342.35082387602586,10.849361793482501,353.20018566950836
6.226611684422615,1.23103407331068,-5.9,334.2679283715967,8.758798859093702,343.0267272306904
5.020218039568322,0.7668490003556303,-5.9,339.35335416274,10.0622237950098,349.4155779577498
3.94122803463815,2.2560780964901577,-5.9,341.7571468626732,10.76779132909786,352.52493819177107
4.866564127420505,5.146665077847425,-5.9,334.8890494521633,7.664416035325644,342.55346548748895
1.1625695741486706,1.0874106390280853,-5.9,345.8052493971088,16.757870520893903,362.5631199180027
1.0587487711102312,1.537333086072648,-5.9,345.4880897469575,16.267293015237954,361.75538276219544
5.115041068427248,1.8745357710673611,-5.9,339.0651821073528,9.614088236992075,348.6792703443449
2.5523091615372824,6.125839413113917,-5.9,337.55658808096734,8.020033793101106,345.57662187406845
0.696900972356182,1.7196509510302378,-5.9,345.61227056259196,16.280263867346434,361.8925344299384
1.4482596993469097,1.777050534057909,-5.9,345.1478567020248,15.316401202091924,360.4642579041167
1.000496801798507,3.1990654443177036,-5.9,343.71162688862944,12.800869756923873,356.5124966455533
1.698700813894078,0.6144882920527408,-5.9,345.4548200383783,16.174740683319044,361.6295607216973
1.8996239838239704,1.9664280597522608,-5.9,344.233321294266,14.246257809208146,358.4795791034741
6.205371506241569,7.492362328115966,-5.9,319.65621689747536,5.378697848648528,325.0349147461239
0.3110941084625113,0.3108189970735088,-5.9,346.7790965046819,18.00731210754259,364.7864086122245
1.511714994328082,1.368718838882388,-5.9,345.3560889549825,15.871843194020073,361.2279321490026
0.6483296727929013,2.175290489766441,-5.9,345.0727172420484,15.361357603548868,360.43407484559725
4.133590254422981,6.220387776441677,-5.9,333.66565769793897,7.230277146969229,340.8959348449082
1.9169750531416623,1.244981299720457,-5.9,344.740086562968,15.228473757063682,359.96856032003166
1.997035530610346,0.6770049414117087,-5.9,345.2046120273877,15.537397398809219,360.74200942619694
7.5,4.374999999999999,-4.384455543377233,333.04830292987396,6.829262325159391,339.87756525503335
7.5,2.625,-1.5155444566227674,349.39871584699705,7.9279948132301,357.32671066022715
7.5,6.124999999999999,-1.5155444566227674,339.1077395878746,5.858481909634975,344.9662214975096
7.5,6.125000000000001,-4.384455543377233,328.032998163096,5.713372774809272,333.7463709379053
7.5,2.625,-4.384455543377234,335.76872739796454,7.731341483323945,343.5000688812885
7.5,4.374999999999999,-1.5155444566227665,345.46054726852316,7.050536976575131,352.5110842450983
7.5,5.269536066383523,-2.950000000000001,338.52802357537945,6.45375688845138,344.98178046383083
7.5,3.4872322598222345,-2.9500000000000006,343.21854870401603,7.481663074600078,350.7002117786161
7.5,7.229744140670242,-2.95,330.1364373034854,5.075766696748701,335.2122040002341
7.5,1.5202558593297573,-2.95,345.8973295176378,8.301162997423091,354.1984925150609
7.5,1.2377440676647433,-4.593885928490412,335.1131981295587,8.058676685494731,343.17187481505346
7.5,7.512255932335254,-4.593885928490412,319.8182803017473,4.828656509700238,324.6469368114475
7.5,7.512255932335258,-1.3061140715095885,333.24446060792616,4.879775212056927,338.1242358199831
7.5,1.2377440676647429,-1.3061140715095885,350.9787757664147,8.398766696190705,359.3775424626054
1.5,1.5526762958903526,-3.6438587104523403,359.31904046446033,20.73568021053461,380.05472067499494
1.5,0.19732370410964797,-3.6561412895476595,359.3092613458896,20.85227877699151,380.1615401228811
1.5,0.9693429625570205,-3.768329008009439,359.3124991399509,20.803099821803187,380.1155989617541
1.5,0.7720753089802632,-3.5351576171205448,359.3139561070861,20.82103306379463,380.1349891708807
1.5,0.45098557329855904,-3.54317988877047,359.31144747059705,20.84258330175311,380.15403077235015
1.5,1.2977884654924832,-3.7573182005338137,359.3147375370963,20.767263500781212,380.0820010378775
1.5,1.350077460230474,-3.486296828694422,359.31947761735177,20.761776145089016,380.0812537624408
1.5,0.3997182129013681,-3.8137861861896254,359.3078479478953,20.843679909320826,380.15152785721614
1.5,1.0718251439878186,-3.5245169423930363,359.31603463544604,20.793441894589762,380.1094765300358
1.5,0.6750758985117576,-3.77674211668168,359.3088564370379,20.827396620245963,380.13625305728385
1.5,0.18799518881497482,-3.4665309023302924,359.311888606634,20.85204743405228,380.1639360406863
1.5,0.17774171673553663,-3.84731882848079,359.3069377757784,20.850667234752507,380.1576050105309
1.5,1.5617596189432341,-3.833568715530564,359.3149603645476,20.73294560693347,380.04790597148104
1.5,1.5722174178908321,-3.452697774496019,359.3239012940922,20.73257268625963,380.0564739803518
1.5,1.4539202828621978,-1.076809412420122,370.0096616644768,15.88653575299685,385.8961974174737
1.5,0.29132073967992944,-1.7282661491046283,368.69276400324077,17.101132531798896,385.79389653503966
1.5,0.29121231422851285,-2.414298051763003,365.8761750535478,17.918898892132916,383.7950739456807
1.5,0.2983202630340358,-0.7636443820236969,370.74804636265054,16.52897589090321,387.27702225355375
1.5,1.0158816745082333,-3.048460675757439,361.5865951840097,19.530470387489515,381.1170655714992
1.5,1.4508591225228706,-2.0733558488313473,367.3833786142289,16.725661200310867,384.10903981453976
1.5,1.0223575454080462,-0.22919051177932692,371.0064472851178,15.843107980657635,386.84955526577545
1.5,0.44734509017500207,-3.0532157459170026,361.4671946787314,19.748761533763172,381.2159562124946
1.5,0.44374871356121925,-0.256238314291779,371.15021376501124,16.28385545773017,387.4340692227414
1.5,1.4500796051564357,-0.44437246495988525,370.6768564342781,15.462311356066607,386.1391677903447
1.5,1.4465198821802197,-2.795697045745417,363.74283746653396,18.18691158837123,381.9297490549052
1.5,1.4446605936772579,-2.4298878557019403,365.8660954976581,17.26129903118425,383.12739452884233
1.5,1.1571564737495095,-2.2407640335894,366.6303293308378,17.278214782925886,383.9085441137637
1.5,1.1573246507449384,-1.9029919041012486,367.9993599706807,16.81958905132177,384.81894902200247
1.5,0.8681270103899413,-2.0682629649693944,367.41009301473923,17.21277411600704,384.6228671307463
1.5,0.8699509299387991,-1.732075137660276,368.6071631558663,16.85527497486845,385.46243813073477
1.5,0.8631121633250072,-2.414637084178323,365.75384065839023,17.773302767796338,383.52714342618657
1.5,1.15681198042373,-1.5676394472603756,369.0427662186914,16.51171282534881,385.5544790440402
1.5,0.8728317281528969,-1.4035128217267863,369.5409843200928,16.579417898485588,386.12040221857836
1.5,1.1581385215159445,-1.2415035865978932,369.82174838252627,16.261427572264495,386.08317595479076
1.5,0.875734826852012,-1.0819685685662868,370.2193125939225,16.3758837634839,386.5951963574064
1.5,0.5926623836529353,-1.2390451265831146,369.9441289181786,16.65032985455423,386.5944587727328
1.5,1.1645317214469992,-0.9224037972077506,370.3740295606487,16.082532730419643,386.45656229106834
1.5,0.8785692445110946,-0.7720540253740991,370.67570937932857,16.2180665744292,386.89377595375777
1.5,1.1703063666261546,-0.6308025330269684,370.7156512196257,15.903565956925945,386.6192171765517
1.5,1.4522518295378917,-1.4012213490607728,369.3795176625619,16.091452355455885,385.4709700180178
1.5,1.1539009711080088,-2.5794885932167726,364.97480461749683,17.88535276618461,382.86015738368144
1.5,0.8619448189015679,-2.7612519683330197,363.6820020476167,18.573769017023494,382.2557710646402
1.5,0.29086203653356557,-2.067244192892049,367.4795004765121,17.434544063241958,384.91404453975406
1.5,0.2882734634833707,-1.3956229055141995,369.6028341019127,16.860519903069815,386.46335400498253
1.5,1.4528745972049049,-1.7330776176119396,368.50502796426645,16.361941929870625,384.86696989413707
1.5,0.5962361229370771,-0.9229961762108263,370.4962789132859,16.474201648207327,386.9704805614932
1.5,0.582148412520784,-0.5608735108445284,370.94229413071594,16.31526370385336,387.2575578345693
1.5,0.2959153721845698,-1.0770322923135551,370.2933291362463,16.662748154607982,386.9560772908543
1.5,1.4564729960152978,-0.76403116732769,370.4103237821187,15.671093334700913,386.08141711681964
1.5,0.5821168326797849,-1.564700443724968,369.1186437229122,16.88926714318012,386.00791086609235
1.5,0.5812258272240323,-1.8993904974804927,368.0567780737703,17.189709770488093,385.2464878442584
1.5,0.29902869392260983,-2.7908173851812874,363.55263316500736,18.75311219877358,382.30574536378094
1.5,0.7299509529551655,-0.2548493268444898,371.10024121110933,16.116719418021773,387.2169606291311
1.5,0.7278063750419119,-3.0508895329371812,361.520610614755,19.579860727656126,381.10047134241114
1.5,1.3001572869204767,-3.0626321369987632,361.5954990338643,19.302006963964175,380.8975059978285
1.5,0.5771208282650352,-2.2425196566298076,366.6659000420805,17.60984056565769,384.2757406077382
1.5,0.5792920253293444,-2.5776554922835113,364.9698551997489,18.190526563587866,383.1603817633368
1.5,0.2551071850019043,-0.45909184912654943,371.06028589268067,16.4241092363514,387.48439512903207
1.5,1.301967129169106,-0.21418172865420848,370.8740264015149,15.525880822168745,386.39990722368367
1.5,0.9265240768560297,-0.47445482993884225,370.9123322359092,16.051009060946228,386.96334129685545
1.5,0.5831548100053006,-2.8455211056976077,363.1213874771784,18.913450204551225,382.03483768172964
1.5,0.21281533535851244,-0.21391866587036557,371.18113957956706,16.344738896398667,387.5258784759657
1.5,1.5410696340470442,-0.197055986743631,370.6982235586917,15.170797385762626,385.86902094445435
1.5,1.1666666666666696,-2.8511487717051365,363.26017966071925,18.65900708201997,381.9191867427392
1.5,0.20760809015285578,-3.0806004736495796,361.3317988319641,19.794021207134506,381.1258200390986
1.5,1.5410021004868064,-3.0834596839787576,361.3698435457347,19.3615298993966,380.7313734451313
1.5,1.1742469446431545,-0.3986004136718462,370.8589477379704,15.773772784826008,386.63272052279643
0.0,0.4570147801395599,-8.986229219823297,263.24978841555856,8.912207591272022,272.1619960068306
0.0,2.9333984157703332,-6.359553643542307,335.02291079829945,12.804709351729969,347.8276201500294
0.0,4.678854517308884,-6.870711054852601,321.83368243511836,9.346516331434941,331.1801987665533
0.0,0.406880567921701,-7.4882179618904825,308.91306913846796,12.680426759919271,321.59349589838723
0.0,1.4970328100831927,-6.291119340974685,337.88004998044954,15.60472765168447,353.484777632134
0.0,4.409524709368904,-10.793061443412967,199.46898882391687,4.492736576533844,203.96172540045072
0.0,7.572128579861829,-8.374599707127702,275.3497530022003,5.703317008876127,281.05307001107644
0.0,0.8909969948459588,-10.398147286974742,213.8978979444435,6.0041769724472545,219.90207491689077
0.0,0.3616277232602328,-6.564028528678486,332.48136073710003,15.62023985115917,348.1016005882592
0.0,5.760826622321028,-6.878027206096452,319.50219614872947,8.197196498343658,327.6993926470731
0.0,5.110805596542485,-7.8616572743997075,295.76447663411585,7.695726502983348,303.4602031370992
0.0,3.921075640930814,-7.704322317208347,301.0138423564778,9.103640028914015,310.11748238539184
0.0,4.408698936911707,-8.765045663108298,269.9949601590878,7.117732720672393,277.1126928797602
0.0,3.1471161553030034,-8.500525004079025,278.5198202013206,8.48976083940596,287.0095810407266
0.0,2.7831290078222817,-7.568851569383717,305.4689618514914,10.570909678157648,316.039871529649
0.0,2.15645710059937,-8.57982833894868,275.9647831171292,9.068689549987937,285.0334726671171
0.0,2.0771651229386086,-7.639693151284511,303.98350509275673,11.196418000337985,315.1799230930947
0.0,2.5801229498629654,-9.347686468343806,250.75938159490158,7.352047116288361,258.11142871118994
0.0,1.5877887654881153,-9.153285717880639,257.6272534258768,8.189610894566329,265.81686432044313
0.0,5.611482645136383,-9.001850303178788,261.036593114243,6.070303822766846,267.1068969370098
0.0,1.9183971486824385,-10.038423776177781,227.0696499963817,6.4222921736745775,233.4919421700563
0.0,1.4694316777680623,-8.347638242189397,283.430471921361,10.006654218108451,293.43712613946946
0.0,3.4953419488703847,-6.444928035234238,332.5406999342234,11.613499796477527,344.15419973070095
0.0,2.3864761600086313,-6.331678985888262,336.1611555072136,13.946490860568701,350.1076463677823
0.0,2.5974138108451306,-6.8268017401538525,324.74691876834447,12.420708515515855,337.1676272838603
0.0,2.051029166450217,-6.749648538079727,327.05089158557973,13.44180773623134,340.4926993218111
0.0,0.5776046150936545,-9.59592566493173,242.42271156714114,7.599672890035691,250.02238445717683
0.0,6.099768574997423,-10.474449912363195,211.58854284487225,4.365649247955133,215.95419209282738
0.0,7.567570531278186,-9.767937116187767,235.07422579023515,4.717618639508146,239.7918444297433
0.0,0.449340720153086,-8.467151906355802,279.95965641642726,10.108551822245147,290.0682082386724
0.0,0.9618498703774008,-8.734287944542626,271.3796445809587,9.33664079675549,280.7162853777142
0.0,0.39298167175227644,-7.019176722209921,321.3538573611371,14.1086703696825,335.4625277308196
0.0,0.8183069051149616,-7.243340995220707,315.44082045207983,13.244505316940547,328.6853257690204
0.0,0.840228773009896,-7.71682579138262,302.30958410572435,11.902608735044794,314.21219284076915
0.0,1.2328858140307697,-7.461035126413776,309.43855955894617,12.383420733543403,321.82198029248957
0.0,1.2365970868263296,-7.01258565371133,321.2847140334193,13.653797058929456,334.93851109234873
0.0,1.7218305478900582,-7.223028014765499,315.48946991190064,12.598258290712351,328.087728202613
0.0,3.0567585948459777,-10.522490532268389,209.42983715560857,5.25770388200209,214.68754103761066
0.0,1.0691740112714943,-6.285684554843613,338.33787764327485,16.186800024603087,354.52467766787794
0.0,1.945448225598927,-6.28994306670511,337.42529170888474,14.904867694570328,352.33015940345507
0.0,0.41167099970384885,-7.965653523313647,295.2788731909407,11.371384889801845,306.65025808074256
0.0,0.8304106784354023,-6.710990277851532,328.89038799907115,14.901641417099029,343.7920294161702
0.0,1.89273351088449,-8.111472139337124,290.35154946094974,10.266544961408556,300.6180944223583
0.0,0.921716643510226,-8.220584494781798,287.5395514504485,10.567268747049127,298.10682019749765
0.0,0.6486501553782129,-6.2592836945328365,339.2189669717229,16.57424837182782,355.79321534355074
0.0,2.2380546697700026,-7.195204977807881,315.6973633823166,12.059550541976535,327.75691392429314
0.0,3.283662556760804,-6.982453895823286,320.5037226801767,11.067273986987573,331.57099666716425
0.0,0.9725087973680971,-11.369897704808155,177.30365574026308,4.382314806898904,181.685970547162
0.0,6.383029101956646,-8.02229769251827,289.67809137442487,6.609094075294365,296.28718544971923
0.0,1.6126601254096826,-6.766079468284678,327.05880467402255,13.990356365674813,341.04916103969737
0.0,1.2144116616832392,-7.891583051736031,297.1308741008767,11.258238670096773,308.3891127709735
0.0,3.735904210691407,-9.603269711141074,242.32527404787513,6.315156095315615,248.64043014319074
0.0,1.6014097225325377,-7.779074954287724,300.34866068131447,11.269695768558734,311.6183564498732
0.0,7.555601662426751,-6.981241394847333,310.6040487413845,6.6044683289396175,317.2085170703241
0.0,2.4113201795095507,-8.080074040606611,291.2790797006355,9.88088104750068,301.1599607481362
0.0,1.1891732457225181,-9.718714548159113,238.27022979302347,7.208501240128072,245.47873103315155
0.0,3.942287086713077,-6.913814535600359,320.94800314088224,10.218739479595229,331.16674262047746
0.0,0.9546862553642497,-9.237688619067482,254.78688744867208,8.247068040465706,263.0339554891378
0.0,2.1461934681713557,-11.154077137403867,185.5357390818582,4.5305256475822375,190.06626472944043
0.0,1.2491749424052203,-6.6132918591331675,330.7417498995669,14.900067051478402,345.6418169510453
0.0,7.633467821255121,-11.053477405710192,192.2656579115674,3.688754344869409,195.9544122564368
0.0,0.315803182762499,-6.216780346286943,340.25251436492647,16.875257151252242,357.1277715161787
0.0,4.853075815421165,-9.727535406640865,238.2248435777627,5.606883627739194,243.8317272055019
0.0,6.687329505451402,-9.036410269459635,259.43717655245695,5.5341797782162985,264.97135633067325
7.5,4.374944136980245,-10.612631886793054,209.4327164638302,4.22627614495741,213.6589926087876
7.5,2.565409866397434,-7.485158246363306,289.50688291401644,6.644027100456697,296.15091001447314
7.5,6.189964113208225,-7.487488787634479,286.2075408144776,5.168507699194606,291.37604851367223
7.5,1.255265929620859,-9.799316738159234,232.60483609152607,5.371946783379599,237.97678287490567
7.5,7.494876266887911,-9.799319715710965,229.79487499078192,4.121052732009815,233.91592772279174
7.5,4.375839800247855,-7.425830208157989,290.21001986723167,6.037444684567674,296.24746455179934
7.5,3.595893018875375,-9.033304514773484,253.23437291967505,5.3671045064474185,258.60147742612247
7.5,5.168300130645104,-9.056027490121162,252.87091322051148,4.936469765324972,257.80738298583645
7.5,2.5634040939601976,-10.56527500225387,210.6433591340346,4.542175788141151,215.18553492217575
7.5,6.188749734474424,-10.568524119140983,210.35350807280585,3.936943055101551,214.2904511279074
7.5,1.2142984944766015,-8.309204818795699,270.1270473810773,6.388306301311388,276.5153536823887
7.5,7.536763064717907,-8.309596716151248,264.55428542942303,4.527496306676767,269.0817817360998
7.5,1.1137340047162112,-11.07791834808262,195.5627784772887,4.338610620338244,199.90138909762695
7.5,7.636725200272467,-11.07856876697039,197.2646974982975,3.636779123145203,200.9014766214427
7.5,7.626594818907062,-7.014752444283153,290.03888441804605,4.70046740508036,294.7393518231264
7.5,1.1059416721748072,-7.0138726130318005,300.64065580963376,7.259581174135519,307.9002369837693
7.5,2.2388542806660934,-9.038451864069119,251.95181072771783,5.680463044056069,257.6322737717739
7.5,6.515730661986715,-9.044191365751768,249.99887772819156,4.547644553957298,254.54652228214886
0.44270985683691627,0.0,-8.968321350410763,263.8482778984935,8.932983933787682,272.7812618322812
2.9105784051868597,0.0,-6.446524592388435,332.8691819746407,12.632467147641933,345.50164912228263
0.40572862797578035,0.0,-7.482934141709128,309.06953543889455,12.696894230041721,321.76642966893627
1.5030366843313407,0.0,-6.279378210201781,337.99509239050275,15.518782058933368,353.5138744494361
5.032987382836355,0.0,-6.882149840928822,319.5811219500685,9.152746334094104,328.7338682841626
2.9195577892851223,0.0,-10.792083400413636,199.43078750146123,4.989433476806283,204.4202209782675
0.35438936850114194,0.0,-6.564291928775049,332.46951615954225,15.609670715604238,348.0791868751465
0.7152261473657933,0.0,-10.344848659383306,215.74282808088773,6.12023005548204,221.86305813636977
5.947971877335868,0.0,-9.772080051775035,235.84106576962725,5.538353140424533,241.37941891005178
4.008970838809136,0.0,-6.864612082139046,321.95422677855083,10.313053417152787,332.2672801957036
4.490386981784415,0.0,-7.783645910687463,298.09614521477806,8.575947078402578,306.67209229318064
3.413975731601207,0.0,-7.679463352122693,302.29684124099714,9.790613024389813,312.08745426538695
3.95123318891984,0.0,-8.670547936977483,272.67947579128156,7.716202440186805,280.39567823146837
2.8098942477644466,0.0,-8.557710192712785,276.5698306519203,8.70699970348494,285.27683035540525
2.5203629999621198,0.0,-7.727619701717997,300.9365215530763,10.561838466969164,311.4983600200455
1.9470146299872542,0.0,-8.622715942317797,274.7737515091219,9.102899493671032,283.8766510027929
1.6421866482455059,0.0,-7.852052755570443,298.29533235902034,11.040562731689477,309.3358950907098
5.400252145989821,0.0,-7.787754250657102,295.94168368769243,7.880678458262196,303.8223621459546
2.3408525009697057,0.0,-6.4632050907726635,333.0932023710018,13.613426039743956,346.70662841074574
4.552198381130475,0.0,-10.708720877400664,202.90236358675676,4.75422800694912,207.65659159370588
0.555356447716373,0.0,-9.5732055508904,243.19907085646926,7.643399078443849,250.8424699349131
1.2641282316795814,0.0,-9.727825412747036,237.7733573243175,7.190645349492883,244.96400267381037
2.192705054659712,0.0,-9.554975562227387,243.71704965371424,7.196950910369736,250.91400056408398
2.701658241680662,0.0,-7.098431907702171,317.85308744804405,11.632836465962725,329.4859239140068
2.0928465764998236,0.0,-7.037903061523178,319.87722731650314,12.591003183699627,332.46823050020276
3.4331208474033748,0.0,-9.637147097603268,241.04284804456475,6.548966994497562,247.5918150390623
0.4366465872752726,0.0,-8.452527952596487,280.4881721636655,10.134868296167781,290.6230404598333
0.8916277776227088,0.0,-8.693312629167055,272.8237916878454,9.453036951690308,282.2768286395357
0.8585350092024046,0.0,-8.19140319636001,288.5546497513339,10.655146578284587,299.2097963296185
1.3372767350418595,0.0,-8.440562228980623,280.60268382665106,9.8559013994319,290.45858522608296
0.38872475062963036,0.0,-7.011895456931151,321.5510372399627,14.127676857435631,335.6787140973983
0.801068249918954,0.0,-7.2520913320355245,315.2433270684323,13.220930085330053,328.46425715376233
1.6529860709951851,0.0,-10.671672940834117,203.73279776015278,5.3881559019214365,209.1209536620742
0.9245768062429007,0.0,-11.37092410252536,177.1956582376829,4.359017604463531,181.55467584214642
0.4151063967926646,0.0,-7.964260726043129,295.3436270683241,11.372800133312182,306.7164272016363
1.8887200025679924,0.0,-6.244061017216754,338.35116168602525,14.974825542198062,353.3259872282233
1.722961156911052,0.0,-6.677721785109323,328.85611406144415,14.063864231516789,342.91997829296093
1.5684340765848659,0.0,-7.085846143562967,319.00089312775117,13.074091735533898,332.07498486328507
1.2726379827012284,0.0,-6.6773320771146,329.32217799809507,14.571566843811468,343.89374484190654
1.0768518232868243,0.0,-6.2730324140311975,338.6310302110696,16.115265956850237,354.74629616791987
0.6358272910228803,0.0,-6.272622466717176,338.87804447882843,16.495647433774593,355.373691912603
0.8157786361450281,0.0,-6.730851195711942,328.3541548258647,14.816935705256128,343.17109053112085
0.8276534926887049,0.0,-7.713007103683195,302.5347894655679,11.921415304857305,314.4562047704252
1.3102983850177492,0.0,-7.479554358730305,308.93360029872173,12.244247053056483,321.1778473517782
1.9379983656139297,0.0,-7.527427947510378,307.0945476764747,11.575653136664755,318.67020081313945
1.4223152979871865,0.0,-9.043315393206427,261.3294247543947,8.491036262813168,269.8204610172079
1.273019355593975,0.0,-7.972116312962932,294.81900473998326,11.003664641370335,305.8226693813536
6.253715041320713,0.0,-7.1066711507018,309.51303362193295,7.988851821895594,317.50188544382854
5.1071053249390825,0.0,-8.713754551449888,270.4725060366837,7.008486362841893,277.4809923995256
1.1809509869545378,0.0,-7.064692694378892,319.92185447040345,13.487403067826051,333.4092575382295
0.9152275223685532,0.0,-9.201196067284336,255.94023405324373,8.337285421030401,264.27751947427413
4.514861125327142,0.0,-9.546799726831557,243.8573577795377,6.216389207286426,250.07374698682412
6.284840731597581,0.0,-8.317543334097305,278.20712115325307,6.885828960088531,285.0929501133416
2.0942775435445613,0.0,-8.093905799164617,291.0079337108684,10.131258497117699,301.13919220798607
3.318976976888905,0.0,-6.873154768483605,322.59449501653927,11.238044473409161,333.83253948994843
0.3119700405879128,0.0,-6.214179562540904,340.2993768681153,16.875216422703545,357.17459329081885
6.309738479439776,0.0,-11.111593427904495,190.0432965623495,4.098557171553722,194.14185373390322
1.6587549824826313,0.0,-8.196270607799281,288.0171885424111,10.222909662403765,298.24009820481484
2.312903757627817,0.0,-7.363106881221018,311.13753004375036,11.571986637137286,322.70951668088765
2.704182278519325,8.75,-7.514253981629576,287.2659174582376,5.464218321937437,292.73013578017503
4.796305837857422,8.75,-10.583512299869573,209.9789677881466,3.8466799502781726,213.82564773842478
1.318441157864861,8.75,-9.790400685639998,232.56511385821034,4.664157189595443,237.22927104780578
6.181761966132151,8.75,-8.309599314360002,264.9232294288268,4.492627567506474,269.4158569963333
4.770762872024741,8.75,-7.529205979047442,284.6199437172473,4.958083567446295,289.5780272846936
3.7510990353275817,8.75,-9.042181985247016,251.81885319907227,4.746990245515491,256.56584344458776
2.729823992976829,8.75,-10.568241199808726,210.0247511276198,4.069844320739378,214.09459544835917
1.36399001096049,8.75,-8.2625,270.66879403623733,5.362750184348613,276.03154422058594
6.13600998903951,8.75,-9.837499999999999,229.24477913996782,4.116652162690315,233.36143130265813
2.3735072951298175,8.75,-9.035515570465064,252.99549593520587,4.946396077911487,257.94189201311735
5.127187940076282,8.75,-9.060399915704807,250.83721110441954,4.41931429330765,255.2565253977272
1.1886344578959631,8.75,-7.010350796325915,299.090622332228,5.880401640337254,304.97102397256526
1.1846530301683378,8.75,-11.076728377089745,195.42434968333333,3.875920477392725,199.30027016072606
6.3114631653793865,8.75,-11.089202459973913,197.1676465217187,3.667057815695557,200.83470433741425
6.315504967631378,8.75,-7.022761058681489,289.571149734386,4.611988067328014,294.183137801714
1.1813118810026768,4.375,-12.2,146.79984923631514,2.890512554220038,149.69036179053518
6.034522900410584,4.374999999999999,-12.2,152.6212797067253,2.802534083162925,155.42381378988821
4.735067349160332,6.991927540910874,-12.2,154.5587192444104,2.69948886987288,157.2582081142833
2.811546498855633,1.46626991377675,-12.2,146.31520413402046,3.0680161993280706,149.38322033334853
4.734931134711136,1.7355684993292577,-12.2,148.84223345305438,2.9857735239901046,151.82800697704448
3.396683989009965,2.7529452327283375,-12.2,146.87170676252487,2.858647469395322,149.7303542319202
2.8194743903823545,7.261350948391031,-12.2,152.4759541733785,2.69589268446299,155.1718468578415
3.398296810205149,5.988078147753245,-12.2,150.40036593932334,2.682625424465755,153.0829913637891
6.160321537413282,6.053439111953033,-12.2,155.09916322233656,2.734376243174893,157.83353946551145
1.6138314258755178,5.990900398276787,-12.2,149.16519089420157,2.726846878581398,151.89203777278297
6.160298835005083,2.692810228086989,-12.2,151.84684099049133,2.89702344710156,154.7438644375929
1.6128578837610377,2.7559000346466167,-12.2,145.77945512603492,3.0201970876260305,148.79965221366095
6.223685199337079,7.4795330792641685,-12.2,158.3487389257088,2.8127882214927524,161.16152714720155
6.242107648004995,1.2610125909098873,-12.2,151.66369238566855,3.0113118601616122,154.67500424583017
1.3224114623473464,7.4625948617706985,-12.2,152.12412934490604,2.762509496060119,154.88663884096616
1.3224114623473475,1.2874051382293012,-12.2,145.6370932486724,3.1990901029577685,148.83618335163015
4.713168606638895,3.5287393715302007,-12.2,149.0693051951593,2.7937213156084226,151.86302651076772
2.990128719107052,4.376096493424544,-12.2,147.87163945178872,2.7798269126365653,150.6514663644253
4.83983575183083,5.229769331226432,-12.2,151.01423014483797,2.6657770789028348,153.6800072237408
0.0,4.377615474824427,-13.82137236711706,111.19680102806687,1.992917104880135,113.18971813294701
0.0,6.189699743610856,-16.998835504878915,44.21865887923377,0.6791691980974335,44.897828077331205
0.0,2.5683310878095846,-16.998871814425627,41.37185614561534,0.6344752854558777,42.00633143107122
0.0,7.491999474052157,-14.63719313681944,102.64759575865497,1.7666881583425749,104.41428391699755
0.0,1.2594768041575182,-14.637235619674595,91.44018589855978,1.6866416087177925,93.12682750727757
0.0,4.378953946727833,-17.069603031642956,40.753083779079866,0.6115200169943407,41.364603796074206
0.0,3.6007151643962567,-15.430146794195203,74.53603676525873,1.2205325949253307,75.75656936018406
0.0,5.1710952511173005,-15.400130092043371,77.47915598906104,1.2408552550324998,78.72001124409354
0.0,6.187660372204231,-13.86109896440313,113.87694909886396,1.9556030807742246,115.83255217963818
0.0,2.5676789581715034,-13.86542954756569,108.94687231188213,2.071622285747793,111.01849459762992
0.0,1.2183537570895804,-16.154109756056066,58.64900865717347,0.9659428274541071,59.614951484627575
0.0,7.534707039391781,-16.154054141133937,68.89905967225491,1.13698799974118,70.03604767199609
0.0,1.1154311524658043,-13.340533033448057,120.15728679117434,2.4365697245002167,122.59385651567456
0.0,7.635931969251278,-13.339658420244513,130.1217390798541,2.328822977453882,132.450562057308
0.0,7.6222403203156475,-17.468022811360058,38.065677616631845,0.6091809131649342,38.67485852979678
0.0,1.1293441979560397,-17.468035943427033,31.289327697464294,0.4716472098452975,31.760974907309592
0.0,2.2429111543248887,-15.417158706383436,74.47003601102874,1.266136022524563,75.7361720335533
0.0,6.515032376075266,-15.410262367855758,81.23581755708771,1.3215781526075716,82.55739570969529
7.5,4.375065701139623,-13.819073492084769,126.618807405811,2.3424771330872716,128.96128453889827
7.5,2.5637348011536214,-16.996897742571658,56.450838206029104,0.9923221018604877,57.44316030788959
7.5,6.181668912190413,-16.998871814425627,58.00353707889172,0.9962940650756877,58.999831143967405
7.5,7.490523195842481,-14.637235619674593,117.63786922859505,2.1307927034144996,119.76866193200955
7.5,1.2593263188756842,-14.637231289159933,107.89061633907927,2.0753071654098676,109.96592350448914
7.5,4.374299653363629,-17.06698119622612,55.866211693342784,0.9523078687531594,56.81851956209594
7.5,5.152955140910377,-15.427027800754725,93.37474938099683,1.6259235860876515,95.00067296708448
7.5,3.5824038128316436,-15.398505333351054,92.68035437692517,1.6698456972363687,94.35020007416153
7.5,6.1832283962957355,-13.864655566355292,128.68099384540432,2.3060814650058035,130.98707531041012
7.5,2.5645483121397525,-13.860576597640108,124.49873804632848,2.3935962208005463,126.89233426712903
7.5,1.2174121431514469,-16.1537756918133,75.22315291767791,1.3633607250107076,76.58651364268862
7.5,7.531646242910417,-16.15410975605607,84.41459737151378,1.5054628397073486,85.92006021122113
7.5,1.114774926203087,-13.339561577360008,135.44404795426854,2.7359731601608814,138.18002111442942
7.5,7.634750318427644,-13.340378237205975,144.00755950547057,2.646787840471376,146.65434734594194
7.5,7.620655802043961,-17.468035943427033,52.16789368741587,0.9173417814390845,53.085235468854954
7.5,1.1285530692997399,-17.467706209698928,45.54003315748488,0.7952016033506624,46.33523476083554
7.5,6.508004377629884,-15.416380111453261,97.32644824290291,1.7112848806964251,99.03773312359934
7.5,2.23748507763043,-15.409397330907211,92.01945386164421,1.6964766485399565,93.71593051018417
4.789831928513681,0.0,-13.831196673965675,113.68447046534071,2.1242107988181687,115.80868126415888
2.7389623381516586,0.0,-16.960482890172393,42.64750174664913,0.6797537276273715,43.3272554742765
6.174382842158824,0.0,-16.155082414649836,67.44344550398344,1.161695328350504,68.60514083233394
1.325358057262339,0.0,-14.644917585350164,91.31095548030311,1.6881808912041691,92.99913637150728
6.114359353944897,0.0,-14.600000000000001,101.7881516672204,1.8610983098493108,103.64924997706972
2.7322630318128325,0.0,-13.848317255994896,110.16320244334163,2.1208453487497394,112.28404779209137
3.7293681602700666,0.0,-15.395359229595549,77.09321534656965,1.3129721203580118,78.40618746692766
1.3856406460551014,0.0,-16.200000000000003,57.83949241424554,0.9568343525900005,58.79632676683554
4.76844457266732,0.0,-16.942527029632583,45.057829516046496,0.7204605445428314,45.77829006058933
6.3058382564917155,0.0,-13.326239334793136,129.3534720521367,2.5096597683290156,131.86313182046572
5.115277371510958,0.0,-15.384833069568728,80.3384287843629,1.374722541181555,81.71315132554446
6.313565482965229,0.0,-17.459521888856486,37.8201416513135,0.6202750892162641,38.44041674052976
1.199920596841352,0.0,-17.47209657803448,31.25913255573265,0.47368513172351,31.73281768745616
1.1865242178150344,0.0,-13.33864696826901,120.33115319323656,2.448932953736872,122.78008614697343
2.3823184467103995,0.0,-15.409815392222601,75.10735431969515,1.3001256729770034,76.40747999267215
4.789831928513681,8.75,-13.831196673965675,130.26842018113683,2.3744616404420356,132.64288182157887
2.7389623381516586,8.75,-16.960482890172393,58.52586715149966,1.0184073418511659,59.54427449335083
6.174382842158824,8.75,-16.155082414649836,84.53812436729444,1.5334488202795171,86.07157318757396
1.325358057262339,8.75,-14.644917585350164,109.03491195667578,1.9888067020428366,111.02371865871862
6.114359353944897,8.75,-14.600000000000001,118.92916867021904,2.186792552628887,121.11596122284793
2.7322630318128325,8.75,-13.848317255994896,126.5909379530146,2.315824707710547,128.90676266072515
3.7293681602700666,8.75,-15.395359229595549,95.03016170143788,1.6752687119888776,96.70543041342675
1.3856406460551014,8.75,-16.200000000000003,75.48850615680631,1.3313244719113015,76.81983062871761
4.76844457266732,8.75,-16.942527029632583,61.68881749796985,1.0835248508019362,62.77234234877179
6.3058382564917155,8.75,-13.326239334793136,144.75202423327323,2.691604401414793,147.44362863468803
5.115277371510958,8.75,-15.384833069568728,98.61026150093309,1.7698706427063229,100.38013214363941
6.313565482965229,8.75,-17.459521888856486,52.554984376371785,0.9445099027545822,53.49949427912637
1.199920596841352,8.75,-17.47209657803448,46.53056798752869,0.8040015049641909,47.33456949249288
1.1865242178150344,8.75,-13.33864696826901,136.47305212214675,2.557125061755727,139.03017718390248
2.3823184467103995,8.75,-15.409815392222601,93.20597909482184,1.6528068409609205,94.85878593578276
1.1813118810026768,4.375,-18.6,9.267962785057481,0.12451895419969894,9.39248173925718
6.034522900410584,4.374999999999999,-18.6,10.182630663508816,0.1472436764386824,10.329874339947498
4.735067349160332,6.991927540910874,-18.6,9.955670567229285,0.1435761388742609,10.099246706103546
2.811546498855633,1.46626991377675,-18.6,9.338123547225731,0.1285827083405806,9.466706255566312
4.734931134711136,1.7355684993292577,-18.6,9.159903659365813,0.12640731621686996,9.286310975582683
3.396683989009965,2.7529452327283375,-18.6,8.812453674837665,0.11138308058094282,8.923836755418607
2.8194743903823545,7.261350948391031,-18.6,10.131701048163421,0.14725355594114653,10.278954604104568
3.398296810205149,5.988078147753245,-18.6,9.557282415238369,0.13247635551863546,9.689758770757004
6.160321537413282,6.053439111953033,-18.6,10.557226770839153,0.15749097172476034,10.714717742563913
1.6138314258755178,5.990900398276787,-18.6,9.431788111426934,0.12942440827642976,9.561212519703364
6.160298835005083,2.692810228086989,-18.6,10.47498248662266,0.15685113501087322,10.631833621633533
1.6128578837610377,2.7559000346466167,-18.6,9.169684939205027,0.12247348798669933,9.292158427191726
6.223685199337079,7.4795330792641685,-18.6,11.53267040215163,0.180842185586215,11.713512587737846
6.242107648004995,1.2610125909098873,-18.6,10.420826368249783,0.15619973961804945,10.577026107867832
1.3224114623473464,7.4625948617706985,-18.6,10.492376457941713,0.15524151029922706,10.64761796824094
1.3224114623473475,1.2874051382293012,-18.6,9.120459283907326,0.12309763798240425,9.24355692188973
4.713168606638895,3.5287393715302007,-18.6,8.7952488028654,0.11370420180736396,8.908953004672764
2.990128719107052,4.376096493424544,-18.6,9.17169398747601,0.12124785522807002,9.29294184270408
4.83983575183083,5.229769331226432,-18.6,9.974827859313676,0.13999565659005775,10.114823515903733
0.0,0.8749999999999999,-19.400000000000002,4.468209206370718,0.05727158549886813,4.525480791869586
0.0,7.875,-19.400000000000002,5.936742720992571,0.09122648878856054,6.027969209781132
0.0,2.625,-19.400000000000002,4.428869354757244,0.05572726113487647,4.48459661589212
0.0,4.375,-19.400000000000002,4.400883925774752,0.055477571849158025,4.45636149762391
0.0,6.125,-19.400000000000002,4.485629940884081,0.0596798475828102,4.545309788466891
7.5,0.8749999999999999,-19.400000000000002,9.107440937975035,0.14645142389174204,9.253892361866777
7.5,7.875,-19.400000000000002,10.834847368931406,0.18328235086346645,11.018129719794873
7.5,2.625,-19.400000000000002,9.598822672411458,0.15359501846756984,9.752417690879028
7.5,4.375,-19.400000000000002,9.4342967352328,0.14980042579757225,9.584097161030373
7.5,6.125,-19.400000000000002,9.548885382057332,0.15378280506513065,9.702668187122462
0.9375,0.0,-19.400000000000002,4.461345495108982,0.05743255270006831,4.51877804780905
6.5625,0.0,-19.400000000000002,5.835069775007686,0.08922735654512515,5.9242971315528115
2.8125,0.0,-19.400000000000002,4.43509005094622,0.05712239741305858,4.492212448359279
4.6875,0.0,-19.400000000000002,4.377070722521666,0.05807920935881583,4.435149931880482
0.9375,8.75,-19.400000000000002,9.609976978183319,0.15789887819521553,9.767875856378534
6.5625,8.75,-19.400000000000002,10.875285214420334,0.18958364520897675,11.06486885962931
2.8125,8.75,-19.400000000000002,9.570306095362987,0.1585238311348789,9.728829926497866
4.6875,8.75,-19.400000000000002,9.689869640528684,0.16417734151575303,9.854046982044437
1.1813118810026768,4.375,-20.200000000000003,-0.0,0.0,0.0
6.034522900410584,4.374999999999999,-20.200000000000003,-0.0,0.0,0.0
4.735067349160332,6.991927540910874,-20.200000000000003,-0.0,0.0,0.0
2.811546498855633,1.46626991377675,-20.200000000000003,-0.0,0.0,0.0
4.734931134711136,1.7355684993292577,-20.200000000000003,-0.0,0.0,0.0
3.396683989009965,2.7529452327283375,-20.200000000000003,-0.0,0.0,0.0
2.8194743903823545,7.261350948391031,-20.200000000000003,-0.0,0.0,0.0
3.398296810205149,5.988078147753245,-20.200000000000003,-0.0,0.0,0.0
6.160321537413282,6.053439111953033,-20.200000000000003,-0.0,0.0,0.0
1.6138314258755178,5.990900398276787,-20.200000000000003,-0.0,0.0,0.0
6.160298835005083,2.692810228086989,-20.200000000000003,-0.0,0.0,0.0
1.6128578837610377,2.7559000346466167,-20.200000000000003,-0.0,0.0,0.0
6.223685199337079,7.4795330792641685,-20.200000000000003,-0.0,0.0,0.0
6.242107648004995,1.2610125909098873,-20.200000000000003,-0.0,0.0,0.0
1.3224114623473464,7.4625948617706985,-20.200000000000003,-0.0,0.0,0.0
1.3224114623473475,1.2874051382293012,-20.200000000000003,-0.0,0.0,0.0
4.713168606638895,3.5287393715302007,-20.200000000000003,-0.0,0.0,0.0
2.990128719107052,4.376096493424544,-20.200000000000003,-0.0,0.0,0.0
4.83983575183083,5.229769331226432,-20.200000000000003,-0.0,0.0,0.0
0.0,1.552676295890353,-3.6438587104523403,359.31185077052737,20.819807433722247,380.1316582042496
0.0,0.19732370410964797,-3.6561412895476595,359.30277498790247,20.914382676271146,380.2171576641736
0.0,0.9693429625570205,-3.768329008009439,359.306257576582,20.873612654159274,380.1798702307413
0.0,0.7720753089802632,-3.5351576171205448,359.305785457184,20.888455277474236,380.19424073465825
0.0,0.45098557329855904,-3.54317988877047,359.30408643449204,20.90599802997866,380.2100844644707
0.0,1.2977884654924832,-3.7573182005338137,359.30916773728075,20.844145858960133,380.1533135962409
0.0,1.350077460230474,-3.486296828694422,359.31046301489954,20.839042962213682,380.1495059771132
0.0,0.3997182129013681,-3.8137861861896254,359.30277762675405,20.907091661944264,380.2098692886983
0.0,1.0718251439878186,-3.5245169423930363,359.30807506484547,20.864326461632572,380.17240152647804
0.0,0.6750758985117576,-3.77674211668168,359.3042011103161,20.894288634635302,380.1984897449514
0.0,0.18799518881497482,-3.4665309023302924,359.3035242814231,20.914949608207564,380.2184738896307
0.0,0.17774171673553663,-3.84731882848079,359.30193823347,20.913683384201363,380.2156216176714
0.0,1.5722174178908324,-3.452697774496019,359.31310067224706,20.81766744876404,380.1307681210111
0.0,1.5617596189432341,-3.833568715530564,359.3111009988866,20.817326881750944,380.12842788063756
0.20283296336890705,0.0,-3.6417217394866084,359.3028077315322,20.914749413436198,380.2175571449684
1.2971670366310928,0.0,-3.6417217394866084,359.3081383306303,20.865549779082073,380.1736881097124
0.7500000000000001,0.0,-3.782133720455908,359.3042545079356,20.895754169756742,380.2000086776923
1.0424524338044416,0.0,-3.7574360514454206,359.3060605382974,20.881145881102725,380.1872064194001
0.4575475661955581,0.0,-3.7574360514454206,359.30297834892696,20.908401467580916,380.2113798165079
0.4100634215940775,0.0,-3.485060606561277,359.3039007738788,20.91100093972176,380.21490171360057
1.089936578405922,0.0,-3.4850606065612775,359.3072046865465,20.87964920332155,380.1868538898681
0.7499999999999999,0.0,-3.515642511844276,359.3052759276093,20.896821093133326,380.2020970207426
0.19207610591289304,0.0,-3.833164891519739,359.3019587946737,20.914250922279507,380.2162097169532
1.307923894087107,0.0,-3.833164891519739,359.3070202403887,20.86488153451245,380.17190177490113
0.1825792769925969,0.0,-3.4520231358762437,359.30352505522893,20.91572670204158,380.2192517572705
1.3174207230074029,0.0,-3.4520231358762437,359.309235483978,20.865594396789845,380.17482988076785
0.748917359713338,1.490508849958454,-3.3,359.31501232736866,20.801277704910035,380.1162900322787
0.75,0.21900989819717132,-3.3,359.30647976560505,20.893036992976988,380.19951675858204
0.24014098121717514,1.0046385254985215,-3.3,359.3086632466146,20.867201174535637,380.17586442115027
1.259369787551353,1.0048558444808031,-3.3,359.3137874410794,20.817089282718655,380.13087672379805
0.2525907427704611,0.4375000000000003,-3.3,359.30540356172156,20.90270430280168,380.20810786452324
1.2474092572295388,0.4375000000000003,-3.3,359.31033418324336,20.858364132689303,380.16869831593266
0.45252388762102697,1.509056516936083,-3.3,359.31359942183366,20.81480930268492,380.1284087245186
0.5909158311117326,1.265030789824607,-3.3,359.3116116776883,20.83354373602009,380.1451554137084
0.9057728678155312,1.2672537923553402,-3.3,359.3135430849142,20.81447822578076,380.128021310695
0.7482095617885106,0.9764508991914874,-3.3,359.31022833101395,20.851552478846486,380.16178080986043
1.0476484369688919,1.507353472025504,-3.3,359.3163819060323,20.77997910296142,380.0963610089937
1.2502385754310208,0.7272645846604138,-3.3,359.3121570668586,20.840748696278297,380.1529057631369
0.9966854516274746,0.5911746405355701,-3.3,359.309139409555,20.86519386522133,380.1743332747763
0.24823651526048632,0.726467532027532,-3.3,359.30680066185766,20.88780451377295,380.1946051756306
0.482707186500404,0.59104179843009,-3.3,359.30663490354783,20.89062056491241,380.19725546846024
0.4706990291427584,0.2618498145070034,-3.3,359.3053669484322,20.903535855858877,380.2089028042911
1.0228911137752232,0.27280975673783936,-3.3,359.3079536108589,20.878449637498306,380.1864032483572
1.2197159004614038,1.2883965164451008,-3.3,359.3152702297069,20.79151612558684,380.10678635529376
0.2797039631421175,1.2881419101972882,-3.3,359.3110293826662,20.841552949637162,380.1525823323034
0.9983531056294922,0.8544504911549691,-3.3,359.31080014553356,20.847381271161453,380.158181416695
0.47711560422403726,0.854137107221381,-3.3,359.30825597877856,20.872451987000375,380.18070796577894
0.7447071234543067,0.4885558731011408,-3.3,359.30737625530253,20.883746708629133,380.19112296393166
0.7266046133378876,0.7311993463608212,-3.3,359.30854652250997,20.87089527736913,380.1794417998791
0.22082296097308596,1.5313201925229216,-3.3,359.3129651390578,20.819541854686122,380.1325069937439
1.2794802530213005,1.5316320697742907,-3.3,359.31856100691806,20.75857209226831,380.07713309918637
1.285633214665001,0.21203916967790387,-3.3,359.30984204766133,20.863936774590172,380.1737788222515
0.21436678533499917,0.212039169677904,-3.3,359.30458888394014,20.911031601367597,380.21562048530774
1.0457399578727498,1.0826804364797649,-3.3,359.31287848829663,20.823400630166702,380.13627911846334
0.4535240810718017,1.0819473465988811,-3.3,359.3097698237217,20.855428464280806,380.1651982880025
3.3099306380339244,1.5941139912158644,-3.7469801966756,359.159472954669,13.104646340853321,372.26411929552233
1.2872614818784343,3.286625216427951,-3.5151768016904645,361.5870130060432,13.487677378638693,375.0746903846819
3.1769145740072133,1.5906231903168158,-1.9471349389636305,366.4775197572403,13.599176897355619,380.07669665459593
1.3428393449765654,2.945164452323192,-2.2578646917746132,366.63476782068847,14.395947880420522,381.030715701109
1.3616192390944801,0.7760575253450004,-4.901760181587857,354.2324677175776,18.652541054143057,372.88500877172066
0.9307887197368702,2.816944560697588,-1.1433176688403937,369.24971601716004,14.548300010175979,383.798016027336
2.5016480074779897,0.9518976581530332,-2.9439878535016293,364.53893617913974,15.630566135797324,380.16950231493706
4.3244509542121445,4.498549839042107,-2.7951454042616244,356.38620040414577,9.254886787067733,365.6410871912135
2.3853807031940444,1.1750543587139235,-0.5874925895653684,369.6439154554786,14.78552672661101,384.4294421820896
0.7947627792873257,1.5316490607743596,-4.797673788921761,355.05728988710166,18.842445091843956,373.8997349789456
2.29220306380624,1.0348509542418591,-4.660389983090556,354.4996036074183,15.795901533143933,370.2955051405622
0.9679848540062894,2.5633733196793376,-4.563644625403593,355.26087144973604,15.589118561434645,370.8499900111707
2.4099381238326485,1.0353620806417436,-1.9286153653137468,367.3952204878924,15.470735750864833,382.86595623875724
0.8664970524318282,2.6850411771705383,-2.890939071771751,364.8828460721052,15.57634543501672,380.45919150712194
2.2617984232745547,1.6627715530829967,-3.5549564148315134,361.2919217611293,15.756463932549707,377.048385693679
2.3826840883847455,2.721903540199892,-2.6579713838842287,364.7021194670456,13.554247859112309,378.2563673261579
1.7622516263212213,1.5511790024002665,-4.743588600529636,354.2201684477844,17.02526132737313,371.2454297751575
2.5762979223417406,2.859815964484872,-4.474411926095123,354.6981893041339,12.609545722213227,367.30773502634713
2.616200562607622,2.907177342729574,-1.1336506076791937,367.48572331664883,12.77993258017841,380.26565589682724
5.444633064303315,2.2117114578674384,-2.941205045900918,355.9089724267478,10.001754651340946,365.91072707808877
2.2949525152773815,1.571507661888275,-1.5023148061453668,368.380898575806,15.042680825868274,383.42357940167426
0.650415637273244,0.6636613831757976,-4.685542762818899,356.53071879823506,20.010427811131706,376.54114660936676
2.306253943934113,1.5418931504328666,-2.3689994517712103,366.2646802048761,15.450993247836664,381.71567345271274
2.0959435311364607,0.45008314999346993,-2.9782451013590445,364.0421583692476,17.16711125228329,381.2092696215309
2.319809693484344,0.5424813576776552,-3.9867508266722105,358.90317115457674,16.364031739028974,375.2672028936057
1.8171028043172384,5.379362061821375,-1.4388444867294325,362.6236387841706,10.035907801277403,372.659546585448
0.5202405730599942,2.5446203833845877,-3.984704237742238,359.06162823736,16.21340316344657,375.2750314008066
1.3753711035557854,2.5418093140236206,-3.7900318429941797,360.15064174198665,15.646162967736245,375.7968047097229
0.8309676165915105,2.387437772130503,-0.4954848194516177,370.30192425518413,14.926216621955462,385.2281408771396
0.49405831101211006,2.432393027976026,-1.5086450998773973,369.02374335210453,15.579089620842694,384.6028329729472
1.2178090763636864,2.4724687429331236,-1.5475997714233998,368.6619726078175,15.132020486624413,383.79399309444193
0.9364589354324547,2.417445424301398,-2.2777284796194843,366.7952812491807,15.955848291953487,382.75112954113416
2.142909524101208,2.3959290813266003,-0.6150301151316587,369.1138594063566,13.841052006009704,382.9549114123663
2.029446590588419,1.606911172577384,-0.5694435964085285,369.863474276807,14.815464619891259,384.67893889669824
1.2510861200585361,2.2960375736344196,-3.2081972482083088,363.3556866930046,16.58468140776415,379.94036810076875
2.152996117019781,0.4461751363929685,-0.5300770766042568,370.1091964369207,15.479008796899166,385.58820523381985
1.5684579202052469,0.48521666653764967,-4.568709316169398,356.1950755376985,18.930030879887624,375.1251064175861
2.045096869227733,0.6733588333590981,-2.4944172693633626,365.83550723535814,16.8355627174642,382.67106995282234
2.189910695506537,0.5190063329841164,-1.4474922333996718,368.76089205594076,15.860629042079438,384.6215210980202
0.8433811795288348,1.055751415496818,-5.298243025553111,351.6598478935475,18.4433121872068,370.1031600807543
1.789983117389343,0.5432163945201393,-5.3892974835670735,349.84934437781953,16.889078537172338,366.7384229149919
1.7197833253614476,2.0894263966690083,-3.2784060280942255,362.898021754243,16.52279940412234,379.42082115836536
1.7424538165449837,2.250514535310418,-2.6557721890263823,365.3061039638038,15.712012996213844,381.01811696001766
1.8661970617360337,2.5581377614363925,-1.886875690473048,367.48855589896175,14.454022148926924,381.9425780478887
2.0979298154140755,1.5263603241045627,-4.219710981009459,357.0524950760697,16.4512537822431,373.5037488583128
1.125402194808928,1.1670052302358926,-4.34965889975819,358.00972618263484,20.17198771788196,378.1817139005168
0.3596940282012112,1.1185425922408236,-4.579936162032103,356.9513168233366,20.058011949967124,377.0093287733037
3.8483760638939204,3.1162887940299395,-4.6018419783974895,352.01607956232317,10.640557997109624,362.6566375594328
1.415588758170892,2.1989065732742756,-0.9241194616904415,369.7318009634043,15.009715040959748,384.74151600436403
0.9762199247358404,0.41564555093917915,-5.138465208526929,353.11701086652175,18.984167140639215,372.10117800716097
4.828404258682758,1.397327311474072,-4.530154043294768,351.06049116654754,10.689292712276767,361.7497838788243
2.050779482926091,1.334243555452422,-2.9665122149486796,364.06788433750626,16.799247776089032,380.8671321135953
1.834483412026098,1.0494626983986788,-3.5341882962823905,361.0375488007109,18.39481569657721,379.4323644972881
4.622515806318445,3.0353351393238364,-1.2706495004421166,362.17185460094316,10.404191962238997,372.57604656318216
1.041184554491934,4.447566100032997,-1.2527750857640305,366.3772627333834,11.698456115642387,378.0757188490258
3.394946065477693,6.771437139125263,-4.042145682789166,345.83427532469835,7.490340228114576,353.32461555281293
1.0681574912553256,0.42493058314439763,-4.363997896252768,358.083560366687,20.365624940058638,378.4491853067456
1.8869953918254774,2.157973948460287,-1.2628023894984548,368.89638065659454,14.767415480286957,383.6637961368815
2.45983121831333,4.335389038058123,-4.62675368922581,352.2152204217203,10.466526771178223,362.6817471928985
0.9536777669196476,2.1432958016434602,-1.066542410155368,369.87209170610754,15.513685296735957,385.3857770028435
1.9981631316045179,0.515355789637458,-3.503196204048241,361.63044563902054,17.77057302886351,379.40101866788405
3.2532448347688505,1.8484268487707873,-4.906362932510394,351.56486578956043,12.613769502084494,364.1786352916449
1.8822138486894486,0.9866836898492587,-0.42258142600530296,370.440794215704,15.507334679521534,385.9481288952255
1.647251504529194,1.0933281320054973,-4.455974191563435,356.4886853937648,18.61529904190985,375.10398443567465
2.030593818266619,2.230374401558439,-3.8888799941332834,359.2221942202236,15.24500817469584,374.46720239491947
0.42774306771098647,2.2172969735716443,-2.09737131358061,367.47179328931384,16.48346034555351,383.95525363486735
0.45820313531875706,2.1875859902443637,-1.0329781798178983,370.01340514642004,15.706107557708663,385.7195127041287
1.7721058980952893,1.3582318259974753,-3.8083273230485517,359.6339200271513,18.508006863272158,378.14192689042346
1.3839217062190134,1.4645343130354789,-5.3879438988631945,349.925004143682,16.928821271408935,366.8538254150909
0.3351307934819829,2.024962671954428,-3.3150773519407783,361.97223484139613,18.662943111201514,380.63517795259764
1.2443710788997129,2.2517798902055928,-5.192178569561555,350.7954184267814,15.65394843553986,366.44936686232126
1.3602571314326213,2.000596044797549,-4.401540389777048,356.2750738677119,17.47583200839972,373.75090587611163
0.7632547855089391,1.9964141582887605,-4.421876213214928,356.54360505355186,18.25436609311032,374.7979711466622
0.5820972867609464,2.127213965277958,-5.260367274742675,350.73955306042075,16.550482670283372,367.2900357307041
5.690725622373883,6.751390245920482,-1.8284220110668759,345.1095349354629,6.452127884938022,351.5616628204009
3.450020519811394,0.8307309726773404,-2.8733235717927252,363.13585836771716,13.531528036134262,376.6673864038514
0.311936177393947,0.2469888113774624,-4.278270120383962,358.5223802768452,20.64487897968195,379.16725925652713
4.308876874741069,0.9036187322646053,-1.2366387128624734,365.18265950167415,12.072504471273533,377.2551639729477
1.9720096061287395,1.5466321149866966,-1.940868632384745,367.5763702860659,15.858470735013498,383.4348410210794
0.7950404301609184,2.0828385165099585,-3.138417410112111,363.14973474244704,17.872200205518254,381.0219349479653
0.7245029874490706,2.126787333512724,-2.6338810830289465,365.4186122227099,17.174906586903035,382.59351880961293
1.9909520769856632,1.2687922779071796,-1.0651984555401772,369.528199189889,15.487263335318062,385.01546252520706
2.0310573309637743,1.098798292763928,-1.5875834459196858,368.5096728967764,15.881739954236764,384.3914128510132
1.9138054132234998,0.7516113527474676,-1.9802676469811749,367.5190321826532,16.61921322998495,384.1382454126381
1.9788462380518632,1.152281264661536,-2.3666497167392793,366.2008487609576,16.62179362775464,382.82264238871227
5.78445010021133,4.367476182622614,-3.939817450611773,346.4059576849963,8.096338279681618,354.5022959646779
1.9262435071831445,1.2233574707788673,-5.4578724408501875,348.905040888417,15.919220217472628,364.8242611058896
0.26585727699544176,1.6438646563230428,-4.275349871238392,358.23934072638605,20.17186612747389,378.41120685385994
0.4612617022239345,1.5472712070079553,-5.370262927795686,350.7039161605357,17.8207056663947,368.5246218269304
2.5178395696723195,1.9119814538675597,-2.868853475178009,364.397455152118,14.630019421938414,379.02747457405644
1.8635767222809339,1.9398754818730268,-5.3927627920651755,348.9915004917387,15.001020290612303,363.992520782351
2.3179529221259214,1.7044480265118684,-4.870923888445685,352.766957607656,14.93304944252202,367.70000705017804
0.3633826078376847,2.0377655710262497,-0.2886585970728768,370.8269398307505,15.572380252010078,386.3993200827606
0.5932977560492902,2.840457469187591,-1.9351023225178945,367.7973410452093,15.020357071124863,382.81769811633416
3.8250081090240973,2.379583740384949,-3.0843408272807493,360.59366567519146,11.774931205958126,372.3685968811496
0.39531824875215793,0.434048920900875,-5.087661034567946,353.8942302926726,19.559929421924494,373.4541597145971
0.44634586619709,2.6414558853534698,-0.5397731737423239,370.1415103748892,14.752733626998634,384.89424400188784
0.6604523763427599,3.4020745219769064,-4.24009598961939,357.3056375645106,13.44838719380732,370.75402475831794
1.829237517777937,0.9838045023110539,-2.7807085167682666,364.35959643496653,17.658141941930865,382.0177383768974
3.4122213434667445,0.9964680948034274,-0.7682299521118185,367.8841051074535,13.377436976832314,381.2615420842858
1.0321587595844783,1.6135834300568455,-4.301197255726999,358.01679708026444,19.989732866330485,378.0065299465949
2.9528749306108137,1.9858454735757287,-0.8682431734594223,368.20290602753926,13.35380452480888,381.55671055234814
2.4634836235939517,2.126424146820081,-1.8463111470588516,367.1735162868203,14.254073602440599,381.4275898892609
1.239544886924205,2.1285233659993943,-2.784668123677518,364.838386215128,16.937464753244285,381.7758509683723
1.7461324716949442,1.5803115003754036,-3.5322510431313607,360.5746321836278,18.521402611736733,379.0960347953645
2.6937692793444215,3.9606603506708384,-0.9347455840421608,365.57231195431416,11.332156655995448,376.9044686103096
1.8739095237246233,0.7608664627640146,-0.9217267337351777,370.0290510493398,15.903388101942141,385.9324391512819
2.791062212840211,2.462396572921587,-3.648341792234984,359.9630410776859,13.115960958297023,373.0790020359829
1.8939743156228104,1.0337639724640526,-4.0597244670459345,358.23987229521083,17.911776412784263,376.1516487079951
0.9630551488645567,4.564589738718386,-2.974886551075363,362.08834691714895,11.446961732343027,373.535308649492
0.8969319480193234,2.1841605532472648,-3.5507029994046873,361.4971656062503,17.530405676422674,379.02757128267297
3.4034374362816022,0.8499828084783787,-4.8903737908522045,351.98894342647606,13.021927328379775,365.01087075485583
6.085413138424535,4.254448180530398,-1.4230406419406652,353.24787652623286,8.145839523842767,361.3937160500756
2.567797885191846,1.228638039526746,-4.021098066363774,358.5047873359263,15.16615896181736,373.6709462977437
1.8868520035482077,2.191942899679073,-4.813269397639136,353.16358757548574,14.997741231648718,368.16132880713445
1.68100196429979,3.057328022228489,-5.115487566918121,350.7157362030115,13.18389096657262,363.8996271695841
1.0164537908442102,4.153383986640242,-4.886516334915765,351.6813205346653,11.507069442823365,363.18838997748867
0.7557592115100645,0.919469897356449,-4.300818051042167,358.3192331415593,20.462830490642432,378.78206363220175
1.8335455466898347,0.3075679911782823,-4.1822075374299885,357.71007427544146,18.431525334775984,376.14159961021744
1.9082313961665733,0.34020478635465146,-1.0542943033348302,369.7895517538298,16.116510712295792,385.9060624661256
1.836531313332126,1.935652270191501,-0.3888577964779986,369.92786403814335,14.546471306389094,384.47433534453245
0.26179151639187975,0.7360853302423095,-4.257200222007093,358.6154345406417,20.629873043847226,379.2453075844889
1.4018117444430582,2.037834563307024,-3.803517362388442,359.6940856115812,18.083412312086296,377.7774979236675
1.3407670238333989,0.31826394290098825,-4.839312758322049,354.8015633654515,18.964702039156805,373.7662654046083
1.3737986081058593,0.3790948152531654,-5.451904820833008,350.03770753951346,17.760946064121583,367.79865360363505
3.2045496527690056,0.6408607701066924,-3.759292466238685,359.4673789898642,13.873350740828926,373.3407297306931
1.4117085303200276,1.522306676686176,-4.3087703726205016,357.7860160283526,19.66640768433126,377.45242371268387
0.3495098350906527,2.084579214675935,-4.197980585309615,357.5979177156331,18.164439426427577,375.7623571420607
1.88832070156152,1.756111030498332,-2.7282858135882826,364.923079258027,16.514162200463375,381.43724145849035
1.646075700453005,2.5389900195255946,-4.346503207787928,356.2670701320006,14.984396565056443,371.251466697057
1.3636699934268015,2.126535604133519,-0.34912438193977857,370.2243671474791,14.761456450127241,384.9858235976063
1.670986322800122,3.207977381551874,-1.0592034068737544,368.43641322406967,13.293778532163913,381.7301917562336
1.0588420952911284,2.127272296965199,-4.065152151865097,358.2941049799888,17.71341389687649,376.0075188768653
1.2839771060892802,0.8250137523838474,-4.303568008073128,358.1625235684458,20.2753345573592,378.437858125805
1.8232383829130125,1.6400387523310114,-1.0408628389853147,369.6222849427351,15.323030210016327,384.94531515275145
2.4668294067753513,0.9434495318282092,-5.38870006829037,349.0726227446181,14.845070621185926,363.91769336580404
0.592003320169739,3.4269640247728823,-2.8731464391431207,364.3591430072398,13.771042114427587,378.1301851216674
1.8527667525490499,0.37392907227152855,-2.2253398027305833,366.69489589878907,17.10908669154088,383.80398259032995
1.840617072789876,1.9729318543960255,-1.883549979920265,367.7306798817306,15.44626539233144,383.17694527406206
1.9818697805886079,1.9942698261079168,-2.3091646049487027,366.46220138732133,15.510637070444943,381.9728384577663
1.8071379907180203,1.6501857719650086,-1.5704420838578663,368.6460106842575,15.676523622174955,384.32253430643243
1.7956297073498608,0.8069105669155533,-3.1817539666573555,362.48864401739456,18.389217250929107,380.87786126832367
2.095456254661213,0.38229023128379397,-4.5841854592952656,355.22905743329335,16.978789529564438,372.2078469628578
4.43945655221541,5.065466860964284,-4.676156059474908,345.89551268650706,8.316856268830804,354.21236895533787
0.334431396095021,2.0605937023873535,-1.3194390096526354,369.6354270271535,16.092018936513284,385.7274459636668
1.311574293341608,0.859661908038183,-5.487901417927888,349.61883161265456,17.55328632463869,367.17211793729325
0.31488643811892003,0.959385523253509,-4.997004110762508,354.3514570977704,19.445551881039876,373.79700897881025
1.3180650836597678,6.1779347453682405,-4.275453833173074,350.37142137043156,8.813069512497975,359.18449088292954
1.7905075317961152,1.3927853080225232,-2.6143766232323706,365.15563715334787,17.07716260096288,382.23279975431075
2.77993058618639,0.5387969266128335,-0.4901011529255763,369.2557330675161,14.443559825071986,383.69929289258806
1.8596818443746486,0.3280188238795365,-1.7790487975186926,368.17837887484467,16.697108582261308,384.875487457106
2.4433843160312447,0.4358939615084233,-2.0783406749933664,367.0583203662419,15.774365467963321,382.8326858342052
0.9190188480604021,1.7023135202895887,-5.448747873728484,349.4777206171179,16.98352782888361,366.4612484460015
0.8593798420728541,1.0465028554769904,-4.772962880297925,355.55667312865023,19.518568179555302,375.07524130820553
1.8003335309974482,0.9283027001593064,-1.27080680616195,369.4739210855585,16.103658192469368,385.5775792780279
1.3777929793783807,2.132028006230275,-2.1508245394650927,367.0688802642336,16.09589455509723,383.16477481933083
0.6539171712328123,3.6948022724763314,-1.7822847510302355,367.2930201271471,13.218040850934642,380.51106097808173
3.5804890848396824,6.621761362713089,-1.649252441117516,353.9251062437422,7.726437475460614,361.65154371920283
1.797699287661449,1.6519775118063558,-3.120104284804752,363.2286898885793,17.379667487636596,380.6083573762159
0.6906857290453055,3.0468769038979664,-5.2166921076071215,350.17786916520885,13.830169114386308,364.00803827959516
1.1120079274160497,2.007187114423251,-0.6824350473575845,370.37175693432164,15.335514727215752,385.7072716615374
1.8007873770978118,1.3097662950997162,-0.29682583301136656,370.4579958767166,15.23897138737567,385.6969672640923
5.510185205335127,6.83906865729371,-4.005599577572321,338.33864860607457,6.367798748701659,344.70644735477623
0.7132989303820724,2.0176295603506413,-1.397689387096027,369.425050534286,16.05894891643345,385.48399945071947
0.9234606817554976,2.1278481892398857,-1.7921047498860516,368.3135317529191,16.11244042303457,384.4259721759537
1.7431099927309042,0.2801812465608398,-3.7112624343572165,360.03001752696645,19.26279199223552,379.29280951920197
0.7302916298459995,2.0098900843617056,-3.860822700425545,359.6054067466505,18.82211375841905,378.42752050506954
1.8252063348800776,1.9920223159868498,-0.7522483494482352,369.70557301683334,14.739290608523675,384.444863625357
1.7345428451408913,2.2998104605973477,-0.3053448946423373,369.7574717512645,14.174622563839932,383.93209431510445
2.0661908627693135,3.729973990506123,-2.325664655170269,365.06181693530147,12.181309036539062,377.2431259718405
0.3750811726997333,0.9357920590868933,-5.474167926400197,350.4910567272894,18.523425199980238,369.0144819272696
4.341990582863931,1.4880279028433696,-2.1783359430791167,362.84376253778004,11.774192504520272,374.6179550423003
0.9194599937022675,2.0552050097888945,-0.29234799597302963,370.633172136209,15.220532413575995,385.853704549785
1.790771671139988,1.9247513605479332,-4.2879659731199,356.67777455671353,16.688875589498707,373.36665014621224
2.4455915191545765,2.0423117404853786,-4.3244474456423125,356.2919779798149,14.390561694376743,370.6825396741916
3.9243735312657932,4.493158162174875,-1.221226336341325,361.1907626726087,9.623241748310534,370.8140044209192
1.7784877423593881,1.7827203638623814,-3.82872515549423,359.51294559254404,17.827430921689256,377.3403765142333
0.7811924388128926,1.9861223307022173,-0.7288650197771899,370.5360232883176,15.63741267188999,386.1734359602076
1.3966496631601333,0.2976715284954603,-4.287930971534233,358.1499058561294,20.15646811468207,378.3063739708115
1.7934756300575776,1.2644917356320626,-0.7095330890965996,370.2237822693722,15.531916981808081,385.75569925118026
4.401398594150749,0.9006631760792774,-3.4354163209152495,358.4587701587856,11.685898135453613,370.14466829423924
1.7766895832343623,0.3474380024830724,-2.6796232784428597,364.79080863866005,17.830411612687385,382.62122025134744
1.8409380627807543,0.26607403805717955,-0.2567153485462565,370.69265718050383,15.854473220095088,386.5471304005989
2.6154687961697722,2.370966129836556,-5.233031531388046,349.492121855133,12.8889636687,362.381085523833
0.26664082471025846,1.167655967328539,-4.250121326053139,358.54326219467686,20.535408521603927,379.0786707162808
1.818880447365592,0.33386390581829023,-3.1968270995557084,362.49792833912454,18.444612512105493,380.94254085123004
0.33592476325194637,2.040849744769745,-3.757589992163607,360.0167174843479,18.784938752459936,378.80165623680784
5.838140739146761,1.3323015525364832,-1.3820651170622815,359.07243835253377,9.989354208228349,369.0617925607621
1.6485092580291312,2.734163638478801,-3.024412169099861,364.01646878052406,14.633456720260142,378.6499255007842
0.3882137934839202,2.04774257000343,-1.7691312459174793,368.5657667454049,16.44226939037719,385.0080361357821
0.9206572512291906,0.2682302707700512,-4.726521377729873,356.08851901415306,19.84457605807114,375.9330950722242
0.3067947577725259,2.0308541938990565,-2.4400263476248156,366.1070784320642,17.285087535027003,383.3921659670912
0.3282859778323817,1.421098195893767,-4.902995527023071,354.51870913386205,19.048733445620314,373.56744257948236
2.2989861330234893,0.9453334334852528,-1.249627204768419,368.9187861157981,15.357205707964056,384.2759918237622
1.8074751666413145,0.6364734910295284,-0.3730876335842057,370.64982732164134,15.803805217641695,386.45363253928303
2.25681149379966,0.747180063954263,-0.2793868628239793,370.071883177743,15.063427038095767,385.1353102158388
2.7513660733556082,0.4780285299278573,-4.67439117130105,354.20651069401197,14.862533931942096,369.06904462595406
0.7041233633182488,0.36795630684831004,-5.545881197584261,349.94392527846526,18.52447584152077,368.468401119986
1.301705935995432,1.2868016850789086,-4.831960410283572,354.5096611570141,18.54740626575017,373.05706742276425
1.2277428762187317,2.787727529730321,-0.48375114715368006,369.6738295819409,14.064891653567088,383.73872123550797
1.7869649851236122,0.6234175920676789,-3.9158398324226895,359.2660445690699,18.9168392067005,378.1828837757704
0.27580894226612124,0.5597272068327578,-4.60780002851389,357.0028931784796,20.2433292901232,377.2462224686028
0.7511134862263207,0.24422338503914293,-4.254550568369481,358.644033057139,20.618367630159753,379.26240068729874
0.46073308295590626,2.705260722410692,-3.4238743765300033,362.59897293563046,15.670438197929116,378.2694111335596
1.0035228360040276,2.002031823298639,-2.471335871014071,365.96620903320724,17.006780144572588,382.9729891777798
1.7742676726293782,1.169874275909294,-1.9051651311742366,367.82371356454246,16.479785304309928,384.3034988688524
2.5920450420468164,0.3731286819767042,-3.2361593523134724,363.0358404625724,15.576492289366001,378.6123327519384
0.40179762184032636,2.5333729391148014,-4.645783877831615,354.7902110053714,15.931729889935639,370.72194089530706
0.691612703981844,3.3939223446882707,-0.6637331916088943,369.157034551322,13.44327842455931,382.6003129758813
0.7055990787676413,1.347418018225176,-4.284473208934688,358.40739017882595,20.436225198066666,378.8436153768926
3.9232306134944386,2.182502706057696,-0.8842562313117166,365.7709264692123,11.852714279732822,377.62364074894515
2.2753088739634317,0.3365960847772344,-2.6686362593273985,365.28768844728506,16.461335363941714,381.7490238112268
1.8301443568605666,0.878085649838386,-4.956739388897588,353.0904600388758,17.2518535275305,370.3423135664063
0.31679927051891027,2.058790352610907,-0.7202425605763951,370.5424438920435,15.757171403717223,386.2996152957607
3.2814238676838996,0.6487917628067082,-1.9721779234451757,366.3432183627209,13.94285834517251,380.2860767078934
1.19322109754522,2.001327957985612,-1.3962597029504205,369.26312277935114,15.75471213719436,385.0178349165455
3.3406112087053255,2.806823791257266,-2.056908349295897,364.63684481230507,12.120649987930392,376.75749480023546
1.734912271903813,0.6864699087146562,-2.8227462021134393,363.9933915009353,18.071265773037453,382.0646572739727
1.0649070890819763,0.6704859782248533,-4.649418782684168,356.4329656219466,19.77420490648649,376.2071705284331
2.8797320060685077,3.7895457261996492,-3.442143611397504,359.23274107778497,11.24880921990723,370.4815502976922
1.7689817226861169,0.7621670921975334,-1.5907353304014722,368.78165262981844,16.47367437230116,385.2553270021196
0.34180627861045,1.9295212704586537,-4.760059034273678,354.68573845742657,18.052623357096763,372.73836181452333
2.112834610368533,2.960815017139029,-3.680868601830883,360.120308568071,13.339689137455423,373.4599977055264
1.5219712228517104,2.063423125197681,-1.6062425847734767,368.5475598476343,15.55407743673851,384.1016372843728
1.7864564382140722,1.5592809236616136,-2.258622707450323,366.590005336948,16.46522915338369,383.0552344903317
2.291740180498924,0.4064932932180622,-0.9254140769594452,369.53859098516756,15.459381467567482,384.99797245273504
0.34908971734780464,2.3493307147854567,-2.8945561357641933,364.76321909582583,16.85056287227485,381.6137819681007
0.3876711163718436,2.591131241078511,-2.441725038479148,366.51324284060667,15.862948935314591,382.37619177592126
2.2884611476487975,1.839130969808654,-0.9671811436246918,369.032683906808,14.495478616751825,383.52816252355984
1.7938560215113395,0.40645345107264846,-1.3875282784400929,369.2643471820683,16.471723866081675,385.73607104815
0.3973699175517293,2.843853103838771,-1.2181379084303208,369.2514406240029,14.746870434531274,383.99831105853417
2.862463993924778,0.5571586411309367,-1.2895370859180364,368.3255778977133,14.597555333104708,382.923133230818
2.7252629575905005,1.2824105808785973,-1.2026087168654038,368.4737369948114,14.432864937853196,382.9066019326646
1.7245285664215795,1.4809306360456111,-4.178382654136163,357.6578822633133,18.277498606928305,375.9353808702416
1.2584424996166403,1.7749230460459664,-4.86200317064475,353.73673160304514,17.48060525133161,371.21733685437675
1.775601560226623,1.330800741990073,-1.3860967200331227,369.1634852748412,15.89259224112584,385.05607751596705
0.559685507624425,1.9833132153096198,-2.9396281178836263,363.59847414366845,18.163063600622593,381.76153774429105
1.7190890591639671,1.2779111732050494,-3.149343222188919,362.17955558175845,18.56385646157264,380.7434120433311
0.7767389681579053,2.014427021242571,-2.1486890502128806,367.2229322697505,16.740107382439135,383.96303965218965
2.2658541389298246,0.40788182385828176,-5.328451024000072,349.87514770826397,15.751481261686592,365.62662896995056
0.5323263790611829,0.26939451187619257,-4.620572503297533,356.9241070798364,20.216793477390127,377.14090055722653
1.7699249327412299,1.638276524341368,-0.3298235029578657,370.2908330030629,14.89941327743901,385.1902462805019
2.4937659961519247,5.371239647491369,-2.9437113344346786,357.94837002771226,9.646115870472215,367.5944858981845
1.8234843264961833,0.7121351807567191,-4.308063388091231,357.07098729318255,18.276071981604957,375.3470592747875
1.7649539724508923,0.8556625414783007,-2.3444489475949113,366.21727239579434,17.207298189108315,383.42457058490265
1.7825714081277275,0.2629490693580298,-0.7198667857702337,370.43595779904626,16.143115791126263,386.5790735901725
6.254028226039889,2.579402535240689,-4.610105448542495,343.30933777642485,8.676930526146236,351.9862683025711
1.2416016578780942,1.9769436088512895,-3.404506409148733,361.2630388613127,18.570739828977764,379.83377869029044
2.3452073881683675,1.8796761166004783,-0.4124642197770479,369.3574908020666,14.060091438858478,383.41758224092507
1.7740592237438026,0.3215554889185612,-4.941312239148196,353.38863586554476,17.680828139697667,371.0694640052424
1.4622126403565545,6.904425247310937,-1.5894261609977756,357.0352948906326,8.308913857587527,365.3442087482201
0.6071109395012425,0.5872042461597703,-4.2595940715834075,358.5785054480983,20.595883114705657,379.174388562804
0.1471854150434173,1.883768514871785,-1.729832281474684,368.7189982345688,16.694643318059207,385.413641552628
6.520672923724645,5.917068413063976,-5.0295153416229565,331.3110186171877,6.363268255918285,337.674286873106
1.633984945131183,1.2983350229619708,-0.11782852852143925,370.72097003232204,15.33052143071393,386.051491463036
1.647974207840889,0.15705638395212948,-1.9655638155125736,367.7197607329141,17.177911880111253,384.89767261302535
0.3272452764328034,1.9390898487993466,-5.651198256237194,347.7068983701847,16.480301370177926,364.18719974036264
0.2581311413797862,0.5321978682768616,-5.604251423963712,349.4833649165208,18.55573234911128,368.0390972656321
2.814657475446492,7.91922308482795,-0.8010460369613669,350.3267164121513,6.8553818636118535,357.18209827576317
1.1594998669679333,1.9500756260681702,-0.17932160196348232,370.5867832048295,15.06756489897731,385.6543481038068
0.15913304499932687,1.9076108650278916,-1.1317426437783644,370.16891712889355,16.20321834166947,386.372135470563
4.600467582263939,7.972007901300861,-5.026724295886803,329.47523333527977,5.878404946632941,335.3536382819127
1.7623517809143947,0.24870196677597306,-5.681153362087934,347.4578455734194,16.5645174599332,364.0223630333526
0.24653578989891176,1.3295964117002805,-5.643498175028231,348.587609152333,17.72298102581317,366.3105901781462
1.6277476895824206,0.352375935028715,-0.11931286822073814,371.02510682460183,16.079266131385623,387.10437295598746
0.2272953631345918,0.21690336921246822,-4.688510626406414,356.5841427001797,20.203195463277098,376.7873381634568
1.6526997426310974,0.1841638229527394,-1.4758598044677775,369.2160156303056,16.744221029139283,385.9602366594449
4.043793888470942,0.40318663334658433,-0.4321320986102611,366.5265710083184,12.422286888591714,378.9488578969101
0.1419464531731164,1.8790504540254667,-0.4747513078120512,370.9521135113712,15.927464542707298,386.8795780540785
0.2176016409774807,1.9728777472105499,-2.9405283814121086,363.56116128260504,18.284237842574726,381.84539912517977
1.151424627372718,7.632000206419876,-3.622026949270701,346.25311189859667,7.507844310250562,353.76095620884723
0.14414387490646827,2.127916228190653,-0.12502807589746487,370.75754270389143,15.394905229351139,386.15244793324257
1.6736208723801795,0.1788190113032289,-2.9391904040978702,363.131442867295,18.655566865711705,381.7870097330067
0.3370250891782709,3.503876866660498,-5.566828819953924,346.93327621388573,12.673893934102807,359.60717014798854
0.15709455874622605,1.9074331163137943,-3.949477049068442,359.02081513227773,19.61027460949174,378.6310897417695
1.399720408604416,0.12610466109465512,-4.12503362096115,358.8965023771899,20.59133379694663,379.48783617413653
0.26878016743048816,3.486813644997402,-0.3014549734360038,369.0822656781251,13.221246325905042,382.30351200403015
0.7182315740565817,5.2729856114811025,-0.6528572007677597,364.60721379326446,10.389656193401379,374.99686998666584
6.612243432590495,7.881875663651187,-2.9323622201500705,331.46910071267985,5.075732243579466,336.5448329562593
3.5767723993995166,0.4028330013257205,-5.500810555550468,346.71483778592807,12.475500753298547,359.1903385392266
0.7346323004756735,5.280546026760306,-5.162325814322033,346.9125533145031,9.797160815828079,356.7097141303312
1.6558385106588365,0.16045051497103183,-3.323576166118435,360.8137082337626,19.643798024020043,380.45750625778265
0.896987243189227,7.8598114552896,-0.7626442431715594,353.5150982446512,7.400609727416565,360.91570797206776
1.6097861979018633,0.10391277630835895,-3.80054572887103,359.4896582159434,20.110426567034324,379.6000847829777
6.752580378111997,0.8145595000058256,-0.7184316481571487,355.7718148336401,9.104771577499264,364.8765864111394
2.832839692510541,0.42857631122457807,-5.474555052129525,348.0005259449177,14.109726654300914,362.1102525992186
6.703040340262878,4.310736962522915,-5.098175613598978,333.7758023272427,7.271915312764179,341.04771764000685
0.13773506160960888,0.3476593742491019,-4.128051603869872,359.0246247715194,20.792031177185777,379.8166559487052
2.277908456861303,7.6938304649179345,-4.851520919891313,338.04340831340005,6.963132257272321,345.00654057067237
0.148567432336538,1.8883092366624108,-0.1447859501212946,371.0239900508437,15.78126921555804,386.8052592664017
6.62352139881987,7.854718218300309,-0.9351567763017066,336.39513973936255,5.099402351577112,341.49454209093966
0.1709502868674345,1.9049526163175896,-1.985820137665982,367.870335422982,16.92599197879565,384.79632740177766
1.6833198819125763,0.8946749622918285,-0.1897877348661456,370.83187127784555,15.722786933643704,386.55465821148925
1.171762382511151,0.1856745635170614,-4.170739548073664,358.79559013692676,20.608711217855898,379.40430135478266
0.26939236497592406,0.23382388862841463,-5.570526759992248,349.9256669074815,18.739014944634732,368.66468185211625
5.02395712568896,7.855969022978958,-0.7970069876235097,343.5345952181721,5.912473356897181,349.4470685750693
1.6604430642677717,0.16287759142041563,-2.3103116540340127,366.33580677210335,17.56575993444511,383.90156670654846
1.657773757456011,0.13505798726081303,-1.708951930395707,368.5547468186988,16.928228697618636,385.4829755163174
1.6323521785502157,0.12708018918043854,-0.3737442625481064,370.9331598425628,16.22586543882494,387.15902528138776
0.19335761601257997,1.9384221325447086,-1.5092960745402801,369.3153674718589,16.42561687019969,385.7409843420586
1.3891217935229279,0.18640744969381637,-5.7312296416620665,347.52208128954356,17.23620871433991,364.7582900038835
0.42503337007841435,4.177406060659402,-0.5639491382653532,367.70304175286327,12.134771228758893,379.83781298162216
0.3980920567290782,2.5303387475649473,-5.547450404222361,348.0074102912244,15.097480902819882,363.1048911940443
2.4238701423194033,0.2255360903182773,-0.27608086561871076,369.87760618944964,14.985964359675506,384.86357054912514
1.6740670878212995,0.5750162693345046,-0.16163483139882456,370.92470821458215,15.935901646483615,386.86060986106577
6.784011193165939,2.1905404871350056,-0.6980837074788031,354.74679575260546,8.677264687505897,363.42406044011136
6.462005597425203,1.1026688698527443,-3.6362508565119143,348.5788368172574,9.18782323983362,357.76666005709103
6.744992928438504,6.460182703851701,-0.7948686232821996,342.74876534616726,6.067226243468383,348.81599158963564
0.4362266714552674,4.368407949391794,-5.4659703763074985,346.49831198372783,11.017177848848974,357.5154898325768
1.622495583576211,0.15880470057560583,-4.040948767643297,358.69000775346024,19.83284274831982,378.52285050178006
0.12843383261740493,1.8803070453434991,-0.8149837209580233,370.64928580572536,16.071455357505783,386.72074116323114
3.435236875481736,0.37901837611516864,-0.413781278774269,368.05220543536444,13.384187627653887,381.43639306301833
1.6342125694132812,1.6268465244214472,-0.13166642324074407,370.4814296469265,14.897403778167245,385.3788334250937
4.805616384485426,0.4591577110780758,-0.5187811106207838,364.1384403018827,11.374428165825975,375.5128684677087
0.22431865762805175,2.904728315567782,-0.2254440622627382,369.92060088692193,14.198068653586631,384.11866954050856
1.4006067885510918,1.8988531736996415,-0.13608366132246957,370.4327936545404,14.803574012264676,385.23636766680505
5.221662762959383,0.7226296467958255,-5.28879348059378,344.0656080821283,10.138049316535557,354.20365739866384
0.15676664042276212,1.9052498686172838,-3.575206561766652,360.130451276167,19.718246023556333,379.8486972997233
2.323247549716839,0.2133661797946709,-5.684614906575329,346.72423985666177,15.208807436200118,361.9330472928619
1.6336261938853176,0.1364115815729396,-0.13781830787792848,371.0233368555478,16.131284584343177,387.154621439891
6.520359861178521,7.843219964726767,-4.9319406846981115,322.0626281071401,5.092820125017397,327.1554482321575
1.6899399835992381,0.17642547583929302,-1.1885155268659935,369.83386852165114,16.516740434687108,386.35060895633825
1.6103828913916358,0.1034143663978547,-3.595669333580078,359.81374092938876,20.116141131509778,379.92988206089854
6.532446149949681,0.9781351522008758,-4.956748286733703,339.82559387890865,8.841312917316884,348.66690679622553
1.0784415189759178,0.19567612624318032,-5.726012461697063,347.97312301414195,17.72042762603337,365.6935506401753
0.22162718128699993,2.396752923087751,-0.22182737586361104,370.4846124659958,15.027992187117036,385.5126046531128
0.9626558618465682,7.77663290923012,-4.9683245562801535,337.325575100781,7.140496734469764,344.4660718352508
1.6165181270763338,1.9060635931435361,-0.18625606387696794,370.2198685559289,14.63278067904156,384.85264923497044
0.25956124702254396,2.970449037910213,-5.6299980726719205,346.83858421953045,13.844226087068023,360.68281030659847
4.285082518179058,0.6364061462249948,-5.2557640500525755,347.25511695103376,11.411205502732116,358.6663224537659
1.7207866111459253,1.9719219320199495,-7.899089843577519,296.3930769033892,10.089001025387631,306.48207792877685
4.812441205802461,3.0761277981863135,-8.998823927179515,262.0715583649109,6.130324690979023,268.20188305588994
1.0955122100186905,1.137684237537259,-7.056221056139021,320.0535033146552,13.145772434496507,333.1992757491517
2.4309469621378637,4.155343432967556,-8.40230917517975,281.114697782397,7.305191838639075,288.4198896210361
1.0323620414597452,1.038590969966996,-8.235561399348509,287.1034288216372,10.229042222041244,297.3324710436784
2.1875745679625265,1.0025968217831704,-7.014693037287444,320.242573148552,12.21524393807664,332.45781708662867
1.6834364527069834,1.7661534213967678,-10.5326468232516,208.83499338665635,5.448527468384583,214.28352085504093
3.7894342244752153,2.4929437838910276,-7.39930728630604,308.97611687580553,8.965904730179602,317.94202160598513
1.043262713190412,2.4154139158062486,-6.994531423047344,320.8545209824005,11.960268162989905,332.8147891453904
4.693287485915462,6.163492484764668,-9.11525969665373,257.98342429053395,4.954156348096262,262.9375806386302
0.9870032235234015,1.737193635218727,-7.948190123087136,295.45087513824774,10.517316173264305,305.96819131151204
1.3950089740763136,3.3130943809105142,-8.048195436570282,292.1919562919003,8.79472175684441,300.9866780487447
1.997670363711874,1.8528878081196536,-7.083819317224692,318.3617129080093,11.701072881632058,330.06278578964134
2.1995656794621157,3.679762062884852,-6.983309985891921,319.77162847871404,9.697987135012738,329.4696156137268
1.1038200232327842,1.1126108338485392,-9.673106697929697,239.9608737219059,7.1629180843919755,247.12379180629787
1.445922798722935,2.338448932515867,-8.602170532430272,275.49075681896153,8.588905488543446,284.079662307505
0.747386312356112,1.8109077481030402,-6.827652330624673,325.42004940494843,13.355576943776555,338.775626348725
1.7246004923066673,0.6761549977035709,-7.653238016104016,303.944730931638,11.330457885588658,315.27518881722665
2.5942964058622042,1.2334612697216967,-8.945546989745626,264.8475019200436,7.835638054941683,272.6831399749853
0.6232818370810219,1.0077151281694785,-6.546943700246057,332.58233049799935,15.145188447744886,347.72751894574424
0.5025915402839969,0.5689822932466592,-7.711112423880502,302.68914385586044,11.96561315953619,314.6547570153966
1.5508680290547237,0.7334972924681596,-6.767633790998222,326.9401796916829,13.772017940936394,340.7121976326193
1.873428224853135,6.953011766865329,-7.956239593340677,290.68962856098915,6.116291130847571,296.8059196918367
1.4709014415419595,1.5869283876252498,-6.542417331094792,331.8226462014368,13.794271205779069,345.61691740721585
2.269968551835688,1.3227630804077977,-7.71464723106679,301.77956260812095,10.443056086997728,312.2226186951187
1.6970019370294258,0.5665604143585532,-8.376198284427167,282.6192774226123,9.717598402202896,292.3368758248152
0.5966443897469642,2.477126610068565,-6.472676074147337,333.11688021511014,13.306871572220416,346.42375178733056
0.841447176934538,3.2425611352969694,-6.661484541571572,328.3783114727586,11.443876904487638,339.8221883772462
2.9609208925884793,5.531199078865465,-10.243891038285582,220.11174311564315,4.446624233924382,224.55836734956753
5.668061050384651,1.5505712973851584,-7.557857268838001,302.31504869968484,7.724780748575483,310.0398294482603
1.4007573563191318,1.4143162177308675,-8.674677084918207,273.1709339217137,8.970929233985316,282.141863155699
2.9189299077741233,2.7239778537827437,-9.159744523598375,257.5128337015661,6.902267321205159,264.41510102277124
4.0622928792624196,1.2731984790278108,-8.676267560900897,272.6291351405171,7.5130657393651745,280.1422008798823
1.2178322876796972,1.7908119483325464,-7.313395140125718,312.92292040618076,11.847867525714832,324.7707879318956
1.6450236848287418,2.6394693781625116,-7.286868501802576,313.1428432797487,10.73731326612193,323.88015654587065
1.137029543200327,0.4272793589487153,-6.813424027012457,326.2818449306481,14.20639296269627,340.4882378933444
0.49077857794252894,1.4068493515346556,-7.310910267524187,313.4543685805428,12.562302204674154,326.01667078521695
0.5581198076683264,0.6051194689430154,-8.4887778173611,279.3772521095212,9.958907995999141,289.3361601055203
5.953569837604692,4.339263618551644,-10.563825966767327,208.5007325061254,4.087911313486728,212.58864381961212
0.6496795918179639,1.6803271335293395,-8.511269954151752,278.25542386332194,9.427986515926023,287.68341037924796
1.1556715732036413,3.112550063063241,-9.418603044530418,248.7810349504416,6.830228777557153,255.61126372799876
1.4810622497368104,1.3281151137195442,-7.738910701216582,301.50221344840895,11.011937563896026,312.514151012305
0.4411301115022083,1.2200831497360027,-7.9727482893281385,294.8551610919628,10.99309591525332,305.84825700721615
1.267470367608058,1.0329839646677315,-6.384695540530035,335.82207288086994,15.051019904665452,350.8730927855354
3.291382194296847,3.633780011559399,-10.54751308534531,208.86060618429434,4.607134685646798,213.46774086994114
0.5680997019473464,0.6277565792147864,-7.033845775971736,320.89477688487744,13.868035046154375,334.7628119310318
6.0460248299397366,7.232108159880181,-10.066358183430573,226.6913108323454,4.040839747731184,230.7321505800766
1.1075512258259927,2.116447324881327,-6.349817430675132,335.9817412620648,13.910576535246662,349.8923177973115
1.6443059079570321,2.6388912909268907,-6.516958388032405,331.5403572847393,12.200232171483208,343.7405894562225
5.641650466161163,4.78942049986146,-7.604960457102705,299.0773321209373,6.3651276970725235,305.4424598180098
1.1287508813028233,0.6044226090243762,-8.696666302573899,272.75019675741675,9.275466094947205,282.02566285236395
0.593597169490251,1.1160901747785532,-8.767059702328456,270.469519067081,9.127502418412519,279.59702148549354
1.163976996687211,4.799117331032054,-7.212756320146022,313.9754790766899,8.631255355268138,322.60673443195805
5.956296859781358,1.7371692145449564,-9.948030853711188,230.6720992573651,5.167712403675353,235.83981166104044
0.5170401778398033,2.214464184986685,-7.356220476913073,311.75087523896616,11.621537600996419,323.3724128399626
0.526716205090031,0.5046418787073934,-6.349623138068357,337.33242187343416,16.201740864512658,353.5341627379468
1.7377948760100856,0.6269252779905475,-9.229473734914725,255.12952037788168,7.922867937031043,263.0523883149127
1.2312993841483646,0.47301935343694007,-7.993913211956293,294.34499584040253,10.910674106362592,305.2556699467651
1.93977772363801,1.2092487924941608,-6.383181956540965,335.0615515477309,13.936705428559492,348.9982569762904
2.869331011513316,1.673523868811989,-6.694801855033062,327.83695370220596,11.527889971374805,339.36484367358076
1.6670339887624765,1.1426465839086586,-7.060716346311364,319.42381469299636,12.622970818243516,332.0467855112399
2.518368923184758,0.6659733470344752,-6.604019481202153,329.7609098836018,12.835624145001646,342.59653402860346
0.6519560258021316,2.503907548178818,-8.314682056300958,284.4773968700686,9.25425506264952,293.73165193271814
1.0969523340841867,2.394361889848389,-7.733527057297313,301.39639878709596,10.361271414301143,311.7576702013971
0.6349043203711608,0.5433324905258223,-9.371130165065887,250.3517085398536,8.001682286559657,258.35339082641326
0.6514362313909672,1.7669110886532722,-9.299405406151086,252.78616633467388,7.755517006886208,260.5416833415601
5.719550561439436,6.956558043545565,-7.6384108454771305,292.58000863939475,5.238342302661522,297.81835094205627
1.5908712721055274,7.122775934919329,-10.367175738206527,215.6167898243001,4.171652785045609,219.7884426093457
3.7795799014841314,7.314854314327831,-10.357600354132508,216.75317268382872,3.9779092412817647,220.7310819251105
2.605422421417937,2.337265480000755,-7.888205105889284,296.48116574562624,9.235705499642393,305.71687124526863
3.941732788624571,0.9520025795245889,-6.758394464129199,325.28996940980807,10.36180277220842,335.6517721820165
1.316754097935599,0.5024917412832535,-6.334040158114262,337.08329695273403,15.507859987339486,352.5911569400735
1.1997901827232795,0.4898599809042143,-7.286357022854706,314.18435139443375,12.79152744746176,326.9758788418955
1.7949063833082364,0.43767162079026517,-7.1330442202466,317.7067853345118,12.652655721386111,330.3594410558979
2.305301694585904,0.4625748599099448,-7.4456254082996765,309.0403126567529,11.312937087631155,320.3532497443841
4.002845220950427,4.038119178091707,-7.2463306258023055,312.5543853027608,7.974343831849012,320.5287291346098
0.6571099687297973,2.925189016002384,-7.442503010320765,309.1329517112484,10.489608637500794,319.6225603487492
2.380794122226767,0.5440030348646072,-8.234420620729432,286.94592149460635,9.545327365362368,296.4912488599687
1.4235286615739882,2.081726123202788,-6.817684830954929,325.1065778680124,12.512541893455762,337.61911976146814
2.0776659059050475,1.828321995518653,-8.524605138109234,277.7213957206437,8.699827357987715,286.42122307863144
1.7115673617969454,1.8738808598102874,-9.327655484575317,251.08090927295518,7.449897433819444,258.5308067067746
4.4099624455338695,1.6636215073899832,-10.62776190893773,205.78508967910923,4.657850330974327,210.44294001008356
3.8328345802777357,7.484566755288929,-7.656095456527775,294.0995659355241,5.6107420434707365,299.7103079789948
0.4230056176604383,1.4414717313752285,-6.421200523324355,335.20826554676285,15.172604669810369,350.3808702165732
3.3727244137891628,5.480172786255651,-7.305253702086692,309.5993743987112,7.1550966557013,316.7544710544125
1.8840446183318962,0.5451739038156225,-6.416890451540014,334.62539646037874,14.365323214018588,348.9907196743973
4.080826919876032,4.4708210825566805,-8.942530261958279,263.26440218456315,5.8648687689092185,269.12927095347237
0.4096841111947363,1.8806639701216703,-8.026302861465027,293.0466850566088,10.413898987657376,303.46058404426617
1.1181220333595798,5.252777379497257,-9.061960629178706,260.11374321861723,6.1072406720789445,266.2209838906962
3.123411465080888,0.8597205339248591,-7.652927415172813,303.4897785819165,9.955468778303327,313.4452473602198
1.818273752376505,1.127934922629183,-8.159248957017024,289.2351012210794,9.936986760808907,299.1720879818883
0.9545356972132554,1.0371098707748239,-7.595544497941922,305.7309460112946,11.855846632113753,317.58679264340833
1.0215454818227532,1.5439858583602888,-6.281256931429479,337.9513446798699,15.085178865664886,353.0365235455348
1.4412260881596108,4.513787886469491,-10.622096744839224,205.91626388304033,4.559035661043225,210.47529954408355
1.8863346045637008,1.9548914615873831,-6.368881279699116,334.8580688205867,13.198165423981038,348.05623424456775
0.4865942650838112,1.911518656137483,-6.322218170358688,336.8836720549383,14.733102161271518,351.6167742162098
5.9508763398957845,3.147623480435564,-7.622303129063848,297.9713382355001,6.959440672780943,304.93077890828107
2.8267567274881373,2.6929417311077812,-6.638242576376695,328.28497269161153,10.682913028157486,338.967885719769
6.681021510824075,4.273663834687681,-6.70597867555725,313.421777869193,6.766495267033974,320.188273136227
0.30373737388495964,0.3214370234848511,-7.2904594303950585,314.2908613517069,13.257676849731865,327.54853820143876
0.1958614889546721,1.4972760651550527,-6.125519356559421,341.452893025398,16.121249355279133,357.57414238067713
0.3022554850600122,0.3187674450203895,-8.216128786345662,287.80038157238823,10.724303263272873,298.5246848356611
6.423539513461652,0.7922953272571707,-8.450073166908867,274.76579879205445,6.672813410130971,281.4386122021854
1.6503409082525264,0.27278788829138406,-6.16376527080024,340.3156554490979,15.585237051984336,355.90089250108224
2.9574467862274254,0.7595544150670215,-11.481763982233753,173.52148506888756,3.911862453847931,177.4333475227355
1.0353843604849597,7.820716646942774,-9.057143864880189,255.83933684518632,5.122029059661713,260.96136590484804
0.7537558306321104,3.602286163644463,-11.376726763135725,177.37511595720068,3.8694051673782894,181.24452112457897
0.1991172801138048,0.1966058282659722,-6.45425015044636,335.0089535333918,16.015566718675643,351.0245202520674
2.917545989954615,0.3640985774415681,-6.243898624301898,337.3105552394672,12.924147288574488,350.2347025280417
0.1966918258937528,0.63780631780732,-6.080396504140601,343.07911899783846,17.204531935665102,360.28365093350357
0.6054591711205033,0.19060364938147478,-6.08273375810679,342.9810925727312,17.18044292292973,360.1615354956609
0.7728554401288539,6.505053267795552,-11.361201978123654,179.9168984021529,3.4141207141042287,183.33101911625712
5.227145164956325,7.9575153001835455,-11.311256747797758,186.48194440934904,3.3601359820713412,189.84208039142038
0.2754767708146151,2.2372645536672633,-6.126800230574039,340.67551877578944,14.724688931100673,355.4002077068901
0.336868712518674,0.27807265736170933,-8.765758937062047,270.4974242798019,9.39665577042706,279.894080050229
2.2794974491969717,7.984124612940355,-11.354895382923214,183.20679312046207,3.4482392283182435,186.6550323487803
5.227622145049452,8.004365359043017,-6.718017058114979,306.54154566037573,5.300612886321517,311.84215854669725
0.5205291236532552,5.038325823785166,-6.4470537025875325,330.6431378077469,9.287687151143757,339.93082495889064
2.360486974479923,7.969495797852255,-6.775893230925324,311.26903350970036,6.174267724170193,317.44330123387056
0.36758806778010994,3.478046306473198,-6.324274600637977,335.40555272177505,11.772241955039874,347.1777946768149
0.808660183508277,2.251887916722528,-11.558359587552395,170.13845664234896,3.90073422720846,174.03919086955742
6.844621120258278,6.54109695811496,-11.338880250846314,185.33950542903943,3.347573053342302,188.68707848238174
0.693523435401816,8.0888025390411,-10.210741230763713,221.12980600629294,4.357283580488712,225.48708958678165
6.756954137625847,8.04662422542495,-7.96529360183984,273.9043155291064,4.603495902488305,278.5078114315947
0.2528977908471797,1.0566757114100263,-6.153991540311308,341.2054239304853,16.58733611248482,357.79276004297014
6.8305200341259615,2.248301139599072,-11.310395496959211,184.41630852637238,3.851718322600078,188.26802684897245
1.08909146763115,0.21089177233081352,-6.10002476528643,342.3254677322156,16.645026762572513,358.9704944947881
0.29633324031454095,0.30800136741857354,-6.804927840420717,326.72146628590093,14.785797736573102,341.50726402247403
0.20224500455632166,1.8811998989366914,-6.0852783276346925,341.8460860006645,15.59276176564174,357.43884776630625
0.8547307864358873,7.908651338685543,-11.407326760108452,180.88565698598666,3.4311155551847037,184.31677254117136
4.934981347555601,0.6956267919285973,-11.57981580905167,171.5364034801647,3.623465056827058,175.15986853699175
0.7457128710747387,7.7958874962784614,-7.7237611291210255,291.4586973240165,5.952292757267742,297.41099008128424
2.158845626519843,0.279000749848317,-6.172139652756254,339.59823801530996,14.608368861779354,354.2066068770893
0.6150024282735336,4.146873838788053,-6.440081118707242,332.23774678871007,10.550635221738048,342.7883820104481
6.77053280166333,2.2337814231216813,-6.710908401592063,313.96923267653415,7.5667354693271704,321.5359681458613
6.6732126989459735,6.398502213632764,-6.709366447293857,308.27596214052255,5.602308025366369,313.8782701658889
0.8823665413511881,6.3226197907133725,-6.823340387701752,319.795752503765,7.6176978483993025,327.4134503521643
6.80053567478254,0.6719125228730775,-10.071122199794802,225.89367399705563,5.1509080774807785,231.0445820745364
1.0156815538321207,0.8005445814187598,-11.47616800664006,173.23941017662185,4.178634300327644,177.4180444769495
0.2709400974667372,2.796385905947651,-6.162991374647222,339.38417666177384,13.42519377120027,352.8093704329741
0.22678696245368676,0.22700985172407134,-6.113780170235728,342.46586172508916,17.24181734920478,359.70767907429394
6.676187679998494,7.947079228544499,-11.423948196909594,185.19883345536533,3.3748700918702923,188.57370354723562
0.79736304972262,0.5858555836955806,-10.503068000749085,209.9182130340708,5.800057767174508,215.7182708012453
5.397014527112033,0.7613433466671023,-6.56907426157273,325.4785376277896,9.044763513150826,334.5233011409404
6.6188683899818495,7.887225207825092,-6.673385502536252,302.0234052818877,4.86457876586519,306.88798404775287
6.60505622270567,0.7887457732605149,-6.702397111569407,316.3992204178102,7.994545160868711,324.39376557867894
6.56913136280939,0.8400182702950143,-11.333946210340516,182.88790815145228,3.8586631776816773,186.74657132913396
0.9388603651059442,7.771677605672956,-6.671697257615384,315.8451713599256,6.5763710456948274,322.4215424056204
3.507358440470247,3.3772344636691307,-15.406422194346492,76.85234421731724,1.238405947327152,78.09075016464439
2.994231346463068,6.03369780858328,-15.173670375518087,85.49689970791147,1.3678355536539328,86.8647352615654
5.007820136521915,6.9964912946380995,-16.779955187878855,53.644967037006936,0.841516905341642,54.48648394234858
1.6645849453405577,1.5031996702712467,-13.938620068682921,107.04334141684667,2.008390587154821,109.0517320040015
5.78812975002542,1.7780149901218054,-14.193002323798517,108.88710171481517,1.9451081539836963,110.83220986879887
1.529743272843628,4.266512378673817,-17.04336764018693,40.47240364593369,0.5886026939031268,41.061006339836815
5.343812553679096,4.537584596193633,-14.066782938390235,111.66833849324789,1.8735283342393814,113.54186682748727
5.831275588998085,7.062494663774009,-14.047004980133854,120.70284265995421,2.0703225347938314,122.77316519474805
5.970237610382404,4.2557619139380485,-17.017676525674094,46.7338716878801,0.7276134182041432,47.46148510608424
1.7663099255263954,7.011710062596712,-16.65578136882292,54.42050571616373,0.8494851699339847,55.269990886097716
2.0600035327917876,4.177467160021043,-14.001154025018014,106.99035735685048,1.8560661777396206,108.8464235345901
1.628131875990194,1.7640558914080926,-16.689340328968427,47.26963423380559,0.7329216682115884,48.00255590201718
5.857859645491201,1.7663144622640141,-16.809022518082052,50.398113066301114,0.8173930569430041,51.21550612324412
1.7552699839962882,6.981639204149013,-14.040638122377974,112.77610283825264,1.9072767934915191,114.68337963174416
3.586928426156494,5.194440449973942,-17.091612017905856,41.034016424565635,0.6018821798953482,41.635898604460984
3.804882180336724,1.7656013727710893,-16.70519913151193,48.674168165606,0.7496296496664598,49.42379781527246
3.931040740230984,7.263847977041624,-13.87850331400171,119.87422307375039,2.041731809956744,121.91595488370713
3.8004129152925894,1.625636774074361,-13.889869126335896,110.63109816941358,2.040529728814576,112.67162789822815
6.62078673100571,0.8721273548000774,-15.893392242835946,75.6601928854478,1.3271960737165358,76.98738895916433
6.538227671186708,7.677912945867056,-16.07259850875669,81.81476189904765,1.420919133018188,83.23568103206584
6.707411716902078,4.408062942335132,-13.02109060451222,138.54210847765304,2.5330072156047265,141.07511569325777
0.9020670619758661,7.87457457535193,-14.92146785928148,98.48705542561326,1.6973694674590973,100.18442489307236
0.9676870980872498,0.9286507462225643,-15.324845623082807,76.31923451606397,1.33019688157124,77.64943139763521
0.7534590849781139,4.334793021725279,-13.049273390305135,127.83499185900635,2.379941756543957,130.2149336155503
5.204831844675935,0.8615094871884059,-17.75546842382196,27.289497959176707,0.41497518423588176,27.70447314341259
2.3012888639336926,0.7900176662736139,-17.731148779869375,26.1588940442122,0.3839635072322771,26.542857551444477
5.1923026010727495,0.8459213293480673,-13.063113308821753,130.91690157683607,2.508550737951907,133.42545231478798
2.7739441109224736,0.7649266786988208,-13.055055047065812,127.46590812229091,2.546801216982331,130.01270933927324
2.323235991012775,7.958835995857874,-13.041858363756063,138.2314138182493,2.486745126566376,140.71815894481568
5.221834386570505,7.914255334090483,-13.041519340184239,142.40489219554163,2.5341032296066146,144.93899542514825
6.623151797679445,7.807938666634141,-17.705950883437563,39.14849898430672,0.6674228732415628,39.81592185754828
0.8074238408846723,6.476585728557617,-17.774417069930653,27.32997648078081,0.40351101613125095,27.733487496912062
6.651297606318901,6.657241500398554,-17.717125565791257,35.63243796445059,0.5812938425736576,36.213731807024246
2.394760539522369,7.986037433837659,-17.7591857378239,32.7025438384729,0.5303886832199183,33.23293252169282
0.8463830797112449,6.347660310964826,-13.040390960389589,131.68394153475677,2.318863943834714,134.00280547859148
6.783794939002016,2.236795989825495,-17.785957832222966,31.85292996378692,0.52396761503703,32.37689757882395
0.8939744892218584,7.878118389866974,-13.032539033569922,137.3510867199754,2.4869145626320517,139.83800128260745
6.746961723342555,2.3907964757533544,-13.085058693133645,136.28477582840935,2.6060167644298247,138.89079259283918
6.7797286161304395,8.06602306905208,-14.273591425190766,124.82225596933255,2.2662718229663597,127.0885277922989
6.786229804043049,0.6869982119760937,-14.289382553822193,111.74419642110009,2.117164287582739,113.86136070868282
0.8620112772621866,0.8620292239916442,-17.798796054461803,24.60091225921642,0.3578372608938416,24.958749520110263
0.7040883773034842,0.687027388589299,-16.56870768527262,49.932254403011015,0.8036933174574301,50.735947720468445
0.7289276667612897,8.075223499941359,-16.526698282595163,63.59363526518294,1.0699076472080975,64.66354291239104
6.646169324927915,0.858103376516549,-17.769404248995453,31.40942883300831,0.5115255270474357,31.920954360055745
0.8268027215569435,2.1777747256301465,-13.015171743001781,127.41733061088534,2.557835749503809,129.97516636038915
0.7807149924921823,2.26210193077552,-17.779020825104222,24.963321200186478,0.36024491125951386,25.32356611144599
6.750673397750197,6.390909974896258,-13.067518138699816,141.33814733013776,2.4994233234389185,143.83757065357668
6.637236921909018,0.8583193896513273,-13.02301423979008,136.81271737023803,2.6903397985727224,139.50305716881076
6.637588629374725,7.90118641988645,-13.004627442087353,147.05210137880573,2.662018799855673,149.7141201786614
0.8918020850278014,7.893291787846411,-17.793067072375045,31.219849778812655,0.4991176845708374,31.718967463383493
6.764988706742851,4.050823737747084,-19.398216383573462,6.090496323766518,0.09174660446509897,6.182242928231617
4.667468461846209,0.814368598976545,-19.398305509203333,4.287207861603201,0.05502629895467148,4.342234160557872
6.807301954924579,6.294963749405811,-19.40137469225832,6.272675524717158,0.09704948979233308,6.369725014509491
4.890667207735231,7.901074335088719,-19.39826476229129,6.064220138079107,0.09574708650422714,6.159967224583334
6.814543281506654,2.440560215895812,-19.386111166081708,6.404542253644596,0.09847228169769018,6.503014535342286
0.6721661219039302,4.986401943749646,-19.279995932241,5.137990489635816,0.06619453751204407,5.20418502714786
0.8009497304759644,2.501747157907388,-19.399498976165063,4.425878199397262,0.055387524162176405,4.481265723559439
0.7704338673317048,6.353275705196306,-19.39874926231602,4.488373332436867,0.05942450221113571,4.547797834648002
2.015165114900764,8.0171214059338,-19.399164191441717,6.045370605611874,0.09356457596782519,6.138935181579699
2.656636189540533,0.751154674744697,-19.401796954301997,4.476421306847581,0.05750427319113349,4.533925580038715
0.8418036004819678,7.899936455247952,-19.399949984873345,5.854927010599463,0.08872669249518683,5.9436537030946495
0.6729809032988053,3.7740304675899896,-19.51683606697985,3.757831105098201,0.047002395629619276,3.8048335007278205
3.239943425103075,7.97959376053467,-19.402058472471072,6.019344702852265,0.09357596028575799,6.112920663138023
6.755113356161056,8.028926854697964,-19.198904878444278,9.806747058776654,0.1641605062400302,9.970907565016685
6.569237515113808,0.6663866479367716,-19.497556958284488,5.03044382848945,0.07562900101956771,5.106072829509018
0.775934839385573,0.7451158682601298,-19.400024701078934,4.43619909068782,0.056004517342602256,4.492203608030422
6.465703181423139,5.202101551486141,-19.41535993758802,5.16346489874759,0.07588026067205789,5.239345159419648
5.875505663465538,8.142042205581035,-19.392835138226776,6.843611122056964,0.11304896923009622,6.95666009128706
1.695702561396681,0.6560450231116008,-19.40042706098563,4.495342738780185,0.0581278186149774,4.553470557395163
6.89636253292972,1.3947516116906227,-19.201807706602214,7.953854865320183,0.12365366967553548,8.077508534995719
6.914411220588968,7.211979006213158,-19.392508115851243,6.973461450793342,0.11210537286617672,7.085566823659518
0.6853375090830157,1.6094487193428133,-19.399881681051053,4.469997493274988,0.05767752691667827,4.5276750201916665
7.028458116674078,7.691650534817124,-19.794383300797357,4.0826586742217446,0.06746174853004128,4.150120422751786
6.390605392720421,8.264718842179454,-19.791549011566843,4.102514866278342,0.06911811561575121,4.171632981894093
0.7354255282057256,1.5027343345593285,-3.5912873512208545,359.3135399882581,20.80168235316063,380.11522234141876
0.2521749818706146,0.27262323997370563,-3.664812912711685,359.30304563388086,20.911682761069414,380.21472839495027
1.2542170080789383,0.24755115236648476,-3.6480698886173912,359.30814668697235,20.86574301809145,380.1738897050638
1.2146639544231024,1.4908303786335995,-3.6470374946747612,359.31631153794785,20.76790374772156,380.0842152856694
0.37642936591926657,0.7619549002205984,-3.6305731288318244,359.30588896998137,20.884229636855423,380.1901186068368
1.180701516804938,1.047654356168619,-3.665249893335149,359.3123019074317,20.818949541163477,380.13125144859515
0.8389605264980784,0.7082951288694369,-3.636331922872796,359.30770185595827,20.867618270610933,380.1753201265692
0.7519663037736446,0.2953449482768533,-3.6465933061486853,359.3051094519989,20.893211407996887,380.19832085999576
0.630407202188166,1.0122684100206076,-3.6601174527640343,359.30870369505516,20.85424050399149,380.16294419904665
0.34565907111767363,1.2810403859694224,-3.6681804689163053,359.30976170969575,20.841568776151405,380.15133048584715
0.9380376775935501,1.2371181699767706,-3.683603528738993,359.31224997817753,20.816627891002668,380.1288778691802
1.204422565563377,0.629023847510063,-3.6271583223507546,359.30949200215264,20.85123495822279,380.1607269603754
0.7503131839625066,0.13090757979759546,-3.8713428904017206,359.3039559196771,20.89426788873311,380.1982238084102
0.18652547111247456,0.46606806110207744,-3.4723248479502127,359.30456525729636,20.904366800435753,380.2089320577321
1.366620445065001,1.357758741757442,-3.8579268366031747,359.31455438726846,20.77043284760697,380.0849872348754
0.13922695326208614,1.3215491195744948,-3.8550028994203576,359.3091051360607,20.840245331906885,380.14935046796757
0.677689325388655,1.6352265268046062,-3.858241609315653,359.31247833005506,20.788892445114755,380.1013707751698
1.3781692409014714,0.3664103059362172,-3.439103966246403,359.3109722807383,20.85368156532877,380.1646538460671
1.317707703706508,0.8640416969577112,-3.4850016301797075,359.31276388019035,20.825764963710753,380.1385288439011
0.7508759747453394,0.12422771629502305,-3.4247226117124683,359.30571586714166,20.895896598814602,380.20161246595626
1.3562536228312592,1.352935467069905,-3.4948605283477097,359.31690942273724,20.772997139832626,380.08990656256987
0.1486020247296751,1.3179610520456158,-3.491348277384247,359.3102664228786,20.84156677276269,380.1518331956413
1.356564327688436,0.4723095020061522,-3.8363962701370844,359.3080605812877,20.84925318816329,380.157313769451
0.12799963786010532,0.35287897997325257,-3.885848259232662,359.3023673197459,20.90754099029232,380.2099083100382
1.3901629181851358,1.6439046704548963,-3.6617954115535976,359.3183411332159,20.732951663285974,380.05129279650185
0.09908486681255127,1.6378931700992878,-3.5933264337437185,359.3131641315391,20.810534903810094,380.1236990353492
1.1236603510461887,1.6217900308926254,-3.41850227643666,359.31827421907076,20.760818825987826,380.0790930450586
0.14934772107674618,0.7752223666676464,-3.4303342519140996,359.30637842448215,20.886728812652905,380.19310723713505
1.1020948402346304,0.14266191997848623,-3.41994867798029,359.3076980583162,20.876881212447472,380.18457927076366
0.1456773311300159,0.13847273805862764,-3.8859601435706606,359.3017959803714,20.913062829539342,380.21485880991077
0.13372637479010632,0.14614963832776176,-3.4200062256990487,359.3037442912331,20.91472356897782,380.2184678602109
1.0394774783537488,1.5714294145070151,-3.8348343753376315,359.3148598490886,20.772022297125375,380.08688214621395
0.3975100607809098,0.14337928181602183,-3.4227449389004754,359.30432058243355,20.909241029567113,380.21356161200066
0.3648784325778556,1.590596253376683,-3.4772221550700384,359.31366074512425,20.809679330344068,380.1233400754683
0.1615866546204854,0.6034531143460109,-3.8590820765559304,359.3036513295021,20.895837050338912,380.199488379841
0.19644297335600328,0.9265405573339582,-3.84507542209585,359.30589917733136,20.873937082224984,380.17983625955634
1.3695195156913247,1.0786854532863028,-3.8696905421401544,359.3120800057524,20.800259739217495,380.1123397449699
1.3582996918325974,1.0912027703091043,-3.4299229088759304,359.31526424636314,20.801631351547144,380.1168955979103
0.14063657348502384,1.6304760123892803,-3.4321499417294357,359.31429623471166,20.810949814611092,380.12524604932275
0.40056102602078913,0.12726631150603904,-3.860379445752627,359.3024611200511,20.908254173166483,380.21071529321756
1.1004586082580046,0.12239341617116714,-3.8599412103655744,359.3061837247005,20.87573082671588,380.18191455141636
0.38873505881198467,1.5817956148101793,-3.772731024512656,359.3119821610926,20.808845568572792,380.1208277296654
1.3570587977904185,0.15676461133118316,-3.8789740342521526,359.30683282251874,20.859902701146495,380.16673552366524
1.351435924709413,1.6133588619338737,-3.868921123189861,359.3150867503419,20.739203613157258,380.05429036349915
1.3633083161917043,0.1367822428034761,-3.416859171786371,359.310192559517,20.861210105825478,380.1714026653425
1.3613902645174913,1.5951696221129068,-3.4460622934333376,359.3212087605185,20.742345245887464,380.063554006406
0.1905715599285663,1.0548714738486764,-3.5184994121246924,359.3080634300682,20.86485131450138,380.1729147445696
1.3659726580144333,0.8129965061545003,-3.858733230683087,359.3099999515394,20.825133451361125,380.1351334029005
0.1611946182076367,1.5847044905775933,-3.811280160205548,359.31139407953714,20.814197945541025,380.12559202507816
0.10191591742257847,1.4963548955562143,-3.470459384094183,359.312114842103,20.824740464294507,380.1368553063975
0.22211275513724016,1.5341458421779026,-3.58244059035127,359.3122590442833,20.818955575951406,380.1312146202347
