X,Y,Z,Settlement_carga_mm
0.0,0.0,-5.0,7.028478461149064
0.0,0.0,-14.0,0.32358018699583013
0.0,7.5,-5.0,3.2022235219146467
0.0,7.5,-14.0,0.48378365073687846
5.0,0.0,-5.0,5.614829364328102
5.0,0.0,-14.0,0.43339881777277256
5.0,7.5,-5.0,2.9329830450685677
5.0,7.5,-14.0,0.5903257697927664
0.0,0.0,-20.0,0.0
0.0,7.5,-20.0,0.0
5.0,0.0,-20.0,0.0
5.0,7.5,-20.0,0.0
0.0,0.0,-0.5,44.23706442991204
0.0,1.5,0.0,40.90263534045101
0.0,1.5,-0.5,44.01478782565678
1.0,0.0,0.0,41.00529736649139
1.0,0.0,-0.5,44.199768375974514
1.0,1.5,0.0,35.192553615512026
1.0,1.5,-0.5,43.92939741243691
0.0,0.0,-0.09999999999999998,44.23839807948079
0.0,1.5,-0.09999999999999998,44.01863249332237
1.0,0.0,-0.09999999999999998,44.202839584432326
1.0,1.5,-0.09999999999999998,43.952120549805244
0.0,7.5,0.0,2.9306527533405244
5.0,0.0,0.0,5.924907233760081
5.0,7.5,0.0,1.7275673927302648
0.0,0.0,-12.291878590897081,1.0281434977126267
0.0,0.0,-11.063925100883381,1.639477158213964
0.0,0.0,-10.18308223248793,2.1283249411312113
0.0,0.0,-9.55122412320565,2.5073732135883233
0.0,0.0,-8.745022047493265,3.0477344803453548
0.0,0.0,-8.402426360920897,3.299335549962578
0.0,0.0,-8.065700741947174,3.562207676141938
0.0,0.0,-7.734744558747769,3.831826168660541
0.0,0.0,-7.409459002734417,4.117621350725912
0.0,0.0,-7.089746933510123,4.415772351038953
0.0,0.0,-6.775512685291544,4.730340705258058
0.0,0.0,-6.466662745432811,5.0633734048477095
0.0,0.0,-6.163104588404185,5.41056538541072
0.0,0.0,-5.864747567820563,5.7805933670246645
0.0,0.0,-5.571502550949949,6.1730909902414055
0.0,0.0,-5.283282087461934,6.589152747579874
0.0,0.2693222336297874,-5.0,7.015404273190342
0.0,0.5386444672595748,-5.0,6.963815029752027
0.0,0.8079667008893623,-5.0,6.880889043234049
0.0,1.0772889345191496,-5.0,6.771445254325755
0.0,1.3466111681489372,-5.0,6.631308549408686
0.0,1.6159334017787246,-5.0,6.465906491862313
0.0,1.885255635408512,-5.0,6.280649867544071
0.0,2.1585349862661216,-5.0,6.086573479192424
0.0,2.50736727433024,-5.0,5.807247147550129
0.0,2.987034442903236,-5.0,5.400844716607679
0.0,3.6467215006531566,-5.0,4.888515945815584
0.0,4.5535748736080395,-5.0,4.215621522819163
0.0,5.800503900385342,-5.0,3.4956308553443876
0.0,7.5,-12.2,1.2265144203612124
0.0,7.5,-10.4,1.8481113329008707
0.0,7.5,-8.6,2.391501912977702
0.0,7.5,-6.8,2.8650870763367777
0.0,1.875,-14.0,0.3355103074910488
0.0,3.75,-14.0,0.34978394694003256
0.0,5.625,-14.0,0.3854129466091507
5.0,0.0,-12.2,1.277832823423374
5.0,0.0,-10.4,2.198603321527031
5.0,0.0,-8.6,3.2296994982228284
5.0,0.0,-6.8,4.396193713841058
5.0,1.875,-5.0,5.024262874368787
5.0,3.75,-5.0,4.094511773087277
5.0,5.625,-5.0,3.3057255315364387
5.0,7.5,-12.2,1.3824064400118843
5.0,7.5,-10.4,1.950611387582299
5.0,7.5,-8.6,2.4399853126752475
5.0,7.5,-6.8,2.7993922834422023
5.0,1.875,-14.0,0.44831766033188103
5.0,3.75,-14.0,0.4472136574789367
5.0,5.625,-14.0,0.48336662827054866
1.6666666666666667,0.0,-14.0,0.3430673753644875
3.3333333333333335,0.0,-14.0,0.37252196955047623
0.2676071657605364,0.0,-5.0,7.015430470473092
0.5352143315210726,0.0,-5.0,6.961921590250853
0.8028214972816088,0.0,-5.0,6.892880071880853
1.070428663042145,0.0,-5.0,6.788747939184816
1.3380358288026815,0.0,-5.0,6.6618857650150005
1.6062399172006303,0.0,-5.0,6.518230637578625
1.9330132721072437,0.0,-5.0,6.314982667537691
2.3814375282492994,0.0,-5.0,6.035508192876733
2.996800723446432,0.0,-5.0,5.702787470832192
3.8412720088977084,0.0,-5.0,5.41299546928812
1.6666666666666667,7.5,-14.0,0.50843157185761
3.3333333333333335,7.5,-14.0,0.5367700534860305
1.6666666666666667,7.5,-5.0,3.105830522747624
3.3333333333333335,7.5,-5.0,2.9632549896348053
0.0,0.0,-18.0,0.08015421115150634
0.0,0.0,-16.0,0.1839699860228894
0.0,7.5,-18.0,0.16315624993334943
0.0,7.5,-16.0,0.31220687355721743
0.0,1.875,-20.0,0.0
0.0,3.75,-20.0,0.0
0.0,5.625,-20.0,0.0
5.0,0.0,-18.0,0.12083080848981176
5.0,0.0,-16.0,0.2609801390617541
5.0,7.5,-18.0,0.20485810680980165
5.0,7.5,-16.0,0.38748861900656095
5.0,1.875,-20.0,0.0
5.0,3.75,-20.0,0.0
5.0,5.625,-20.0,0.0
1.6666666666666667,0.0,-20.0,0.0
3.3333333333333335,0.0,-20.0,0.0
1.6666666666666667,7.5,-20.0,0.0
3.3333333333333335,7.5,-20.0,0.0
0.0,1.5,-0.3334731142403211,41.6879234325757
0.0,1.5,-0.16694622848064217,41.03343464970823
0.0,0.1875,-0.5,44.23142980871802
0.0,0.375,-0.5,44.218274393595635
0.0,0.5625,-0.5,44.198199386207335
0.0,0.75,-0.5,44.168657161942804
0.0,0.9375,-0.5,44.13510810302219
0.0,1.125,-0.5,44.09713486439796
0.0,1.3125,-0.5,44.05635648574781
1.0,0.0,-0.3334731142403211,41.840717455243976
1.0,0.0,-0.16694622848064217,41.06203305390741
1.0,0.1875,0.0,41.10001469802157
1.0,0.375,0.0,41.190797796179424
1.0,0.5625,0.0,41.21930717220448
1.0,0.75,0.0,40.97836243368545
1.0,0.9375,0.0,40.456500786595285
1.0,1.125,0.0,39.685589492847726
1.0,1.3125,0.0,37.78472127753753
1.0,1.5,-0.3334731142403211,39.36154505520898
1.0,1.5,-0.16694622848064217,36.827960593123464
1.0,0.1875,-0.5,44.19263615819227
1.0,0.375,-0.5,44.17678598628103
1.0,0.5625,-0.5,44.15450014799873
1.0,0.75,-0.5,44.12193803884864
1.0,0.9375,-0.5,44.08392729559236
1.0,1.125,-0.5,44.03822855692471
1.0,1.3125,-0.5,43.99100352186386
0.2,0.0,-0.5,44.233549370825614
0.4,0.0,-0.5,44.2272572962884
0.6,0.0,-0.5,44.218590983542725
0.8,0.0,-0.5,44.20894891449336
0.2,1.5,-0.5,44.00881792056035
0.4,1.5,-0.5,43.99859609164179
0.6,1.5,-0.5,43.984523466580015
0.8,1.5,-0.5,43.96452390263093
0.2,1.5,0.0,41.19525600122333
0.4,1.5,0.0,40.93021732394217
0.6,1.5,0.0,40.22502321883263
0.8,1.5,0.0,38.50733572379241
0.0,0.0,-0.2999999999999998,44.23837277902925
0.0,0.1875,-0.09999999999999998,44.233291210202395
0.0,0.375,-0.09999999999999998,44.21992140493532
0.0,0.5625,-0.09999999999999998,44.19982373594823
0.0,0.75,-0.09999999999999998,44.17042740568979
0.0,0.9375,-0.09999999999999998,44.13720423127427
0.0,1.125,-0.09999999999999998,44.099367453538065
0.0,1.3125,-0.09999999999999998,44.05836434153545
0.0,1.5,-0.2999999999999998,44.0173122451516
1.0,0.0,-0.2999999999999998,44.20227923626115
1.0,0.1875,-0.09999999999999998,44.19737421590125
1.0,0.375,-0.09999999999999998,44.18249485188497
1.0,0.5625,-0.09999999999999998,44.15845020474018
1.0,0.75,-0.09999999999999998,44.127272108471686
1.0,0.9375,-0.09999999999999998,44.088436474730685
1.0,1.125,-0.09999999999999998,44.04500438763225
1.0,1.3125,-0.09999999999999998,43.99887061519297
1.0,1.5,-0.2999999999999998,43.94802522745093
0.2,0.0,-0.09999999999999998,44.23486500375981
0.4,0.0,-0.09999999999999998,44.230689308624875
0.6,0.0,-0.09999999999999998,44.21962121367463
0.8,0.0,-0.09999999999999998,44.210624435434966
0.2,1.5,-0.09999999999999998,44.014018098984366
0.4,1.5,-0.09999999999999998,44.00415575896042
0.6,1.5,-0.09999999999999998,43.989514504554535
0.8,1.5,-0.09999999999999998,43.97162451961225
0.0,0.0,-4.724999543455094,8.155441053515403
0.0,0.0,-4.454652933463072,9.386668460655727
0.0,0.0,-4.188881419700456,10.744396152720526
0.0,0.0,-3.927607578427266,12.197360782237752
0.0,0.0,-3.670755311600163,13.76359454564087
0.0,0.0,-3.4182497957903895,15.454928182793083
0.0,0.0,-3.1700174501327347,17.264600076543985
0.0,0.0,-2.9259859559050763,19.18180551070853
0.0,0.0,-2.6860842396042224,21.22107457615698
0.0,0.0,-2.4502424349236196,23.386006415794952
0.0,0.0,-2.2183917446584367,25.676456653386055
0.0,0.0,-1.9904647509035227,28.0746715879946
0.0,0.0,-1.766394962358059,30.544962261085203
0.0,0.0,-1.5461171033175676,33.030168652574844
0.0,0.0,-1.329567085477652,35.509251205476346
0.0,0.0,-1.116681732768468,37.88586214171744
0.0,0.0,-0.9073990693764751,40.12205634837238
0.0,0.0,-0.7016581015426953,42.23819383885413
0.0,1.6871107443698115,0.0,35.073920963608685
0.0,1.8742214887396227,0.0,29.79516661027992
0.0,2.064660475378827,0.0,25.20684480282293
0.0,2.3094837378652833,0.0,20.92518164453145
0.0,2.646509675965358,0.0,16.532597257247716
0.0,3.110462572410553,0.0,12.827487828177283
0.0,3.7491376839017865,0.0,9.314192329167412
0.0,4.628353936863982,0.0,6.592458335865132
0.0,5.838620411737342,0.0,4.653747857010188
0.0,7.5,-3.333333333333333,3.3413757629710403
0.0,7.5,-1.6666666666666665,3.089846879682142
5.0,0.0,-3.333333333333333,6.543443338011713
5.0,0.0,-1.6666666666666665,6.349678795604689
1.1819312099690107,0.0,0.0,35.925713588255604
1.3638624199380214,0.0,0.0,31.026671282698516
1.5476323622617658,0.0,0.0,27.008034944613854
1.7783656164591917,0.0,0.0,22.93914156175643
2.0931972139453783,0.0,0.0,19.00833591538222
2.522779610591377,0.0,0.0,14.855394849381156
3.108988963089191,0.0,0.0,11.530228396020846
3.9087227159406956,0.0,0.0,8.583261121814331
1.6666666666666667,7.5,0.0,2.802153570085693
3.3333333333333335,7.5,0.0,2.337626150540416
5.0,1.875,0.0,5.608622559439311
5.0,3.75,0.0,4.167300589197566
5.0,5.625,0.0,3.0144206736823094
5.0,7.5,-3.333333333333333,2.562838331732621
5.0,7.5,-1.6666666666666665,1.9462406880820708
0.0,0.2821516498386845,-8.234168858659935,3.4253237830840817
0.0,2.0218953108373166,-5.234953378149887,5.897951484993513
0.0,3.3010325875871995,-5.489601143419442,4.786953954723614
0.0,0.274647497461976,-6.940684094951349,4.555693418048904
0.0,1.2222234107617165,-5.229832012530652,6.372705952939469
0.0,0.5789861975753829,-9.88348318441885,2.292704638128825
0.0,0.2555077362620303,-6.0151931128783716,5.58368668881873
0.0,0.28403338031937664,-7.573561039507659,3.9655453162350085
0.0,5.858360625513752,-9.610134567377303,2.0326903637044182
0.0,0.6636921647446914,-5.222781358723317,6.588266999923775
0.0,5.051187539653856,-5.826936830141605,3.55530388364204
0.0,2.7739446199040962,-12.473272506877338,0.9146842649638742
0.0,0.2585145927975046,-5.436577762684497,6.354691226627452
0.0,0.9129683985317414,-11.619553799452868,1.3418223318040674
0.0,0.6328800015162507,-9.237309437379446,2.69875777854692
0.0,1.1603238429283316,-9.56902083525556,2.469400694818219
0.0,1.1564058458295192,-8.876711180717336,2.910121098628352
0.0,1.734962061615241,-9.161059649486504,2.6681413146536244
0.0,1.9181355796299866,-8.580624826822262,3.0189868646219225
0.0,1.2624259366652986,-8.429383253747723,3.206659531806352
0.0,2.4370391942199316,-8.924843428535494,2.7299990581911118
0.0,2.317834968612577,-8.228934116168542,3.182267711785144
0.0,1.936061598211666,-7.977872457224482,3.427127854317078
0.0,3.0873442390921793,-8.51486475037198,2.870154493258397
0.0,3.1945499819711283,-9.362964406172607,2.369792486466565
0.0,2.8703062469420573,-7.667358357639396,3.4255552463781527
0.0,2.2280241137161676,-7.263675558905749,3.887705266752519
0.0,3.7857038096534517,-8.031070493339495,2.9822063786896678
0.0,1.9398183799808215,-10.114448477537604,2.083159230395154
0.0,3.583262039202323,-7.011539476640655,3.6231298814325754
0.0,4.538894361772958,-7.492710819128691,3.052372080834246
0.0,2.7472008586167385,-5.358750788234673,5.259134042988464
0.0,2.854520809331102,-5.84231265057433,4.776264013320343
0.0,2.269498190263849,-5.847918683491422,5.093538975038825
0.0,2.5564566038328094,-6.28630362963605,4.558976797977252
0.0,2.0266574187737145,-6.170523191643585,4.901402337245145
0.0,3.5284540675686644,-6.136179037755144,4.146367237746347
0.0,1.9256552956016173,-5.678111564878552,5.45828207031515
0.0,1.7024774519006511,-5.9817623350832765,5.237994846148354
0.0,4.69609171865915,-12.338549464360685,0.9613746160657541
0.0,3.7472992977572215,-11.201040808409752,1.4447391598524675
0.0,1.51021109743508,-8.650837598541433,3.0260597467561894
0.0,0.9609748401710031,-8.485241115690595,3.193882755983921
0.0,1.032726393046567,-8.187054227416652,3.408326556597359
0.0,1.3467650885555633,-8.068153490376734,3.458355691119351
0.0,1.0990707642293949,-7.853642759350101,3.6558213422644172
0.0,1.4105045274604078,-7.735893225413436,3.704953555926835
0.0,1.1613388043860673,-7.521656901032662,3.924004253038504
0.0,1.4753760383905297,-7.40647624370404,3.96203296879132
0.0,1.2223233761460497,-7.194869156557394,4.196388524531642
0.0,1.5305272120571658,-7.080734041543932,4.2294076560756935
0.0,1.2807312593416564,-6.872523870367892,4.479396587438686
0.0,1.5824457947905313,-6.76003235805334,4.502565233723132
0.0,1.335840934630995,-6.555398593131915,4.7701396727339045
0.0,1.035889988445988,-6.665157622763276,4.734168826395532
0.0,1.0912646022908095,-6.352275091399075,5.047764017570174
0.0,0.7881707993248234,-6.443902379277965,5.0158744624833105
0.0,0.8489479215098183,-6.1493272422122445,5.328884496611678
0.0,0.9106877350584097,-7.307478545294481,4.1431908534815705
0.0,1.1371176407340504,-6.051922519133653,5.367657884676163
0.0,0.9196378360022399,-5.8504384757109555,5.672755176941095
0.0,1.1983508249263721,-5.726469925079625,5.736922710944626
0.0,0.7945936601127565,-7.961382433572257,3.6040376713307865
0.0,0.7406715566404614,-6.760977068250376,4.686120805474374
0.0,0.4946637467976243,-6.565211813924455,4.9272127854255245
0.0,1.6284107059771065,-6.452136377927671,4.78651269625432
0.0,1.875601802783287,-6.654060020424609,4.5062757712627075
0.0,0.951471270000174,-5.549490902265067,6.045210333044835
0.0,0.6847018020258028,-5.671219563649537,5.96081423819777
0.0,1.7499091222539045,-7.6364665911996905,3.7178993443946524
0.0,4.717376881056145,-8.63567234474968,2.5008626213879808
0.0,5.679988553819616,-8.044125147202845,2.611118369705622
0.0,2.2977468967930603,-5.238169019375391,5.707538258962302
0.0,6.089071516102091,-11.36927835295468,1.3685917160902292
0.0,2.4443099548753215,-11.119597387082514,1.5353556889102933
0.0,0.8353300732433178,-10.711266662779453,1.8192050850683046
0.0,1.3744885341747615,-6.260663397389882,5.062562316492617
0.0,0.2447871354523014,-5.733451516637071,5.944607864178735
0.0,1.790875055151051,-7.289445592629088,3.986257327151563
0.0,0.24966677722113564,-6.3320656096413215,5.207631262040451
0.0,0.5352323502482201,-6.176487479683203,5.361193147154324
0.0,0.852130709761061,-7.63191628272392,3.868147306510636
0.0,0.5880914420320451,-7.430704382043551,4.06910684775454
0.0,0.6080183681799856,-7.069744976384287,4.400734012207849
0.0,0.29246511466556385,-7.252316738188564,4.257146583929526
0.0,4.313994981456604,-9.879475593488113,2.0221131390760547
0.0,1.85644934524675,-6.982433782425099,4.2258673247311975
0.0,4.037008251528188,-5.623996851543136,4.185226387001578
0.0,4.32777804404836,-6.492554787283015,3.6206864388411333
0.0,0.9663870473020918,-6.978458539936284,4.439173254540094
0.0,0.27162290360498464,-7.900044272717764,3.689679186331503
0.0,1.4867033323486212,-5.236918057839956,6.227690698569376
0.0,0.9459268278321971,-5.267994635525037,6.434699789475502
0.0,1.3628716052400964,-5.474541065781235,5.981989787532484
0.0,1.6589275713533396,-5.514552592143218,5.78944626158416
0.0,1.5037307925193186,-5.7445763513754535,5.59066072899148
0.0,1.759604891121362,-5.239317873250869,6.066235308868585
0.0,0.7314076509328611,-8.290994009408143,3.3544656762947227
0.0,0.4087985416948805,-5.216431352781026,6.655899936738791
0.0,2.658672628144843,-6.858366874138218,4.0516512019446225
0.0,0.5505136501427441,-7.7601423681508015,3.7916204046782127
0.0,0.28837655611304436,-8.565398436010682,3.1746148025870724
0.0,0.6522089019073611,-8.685303757261792,3.0715592228024917
0.0,0.4807973129924922,-5.868093577646702,5.744655932570424
0.0,2.1615740746036955,-6.855301060784748,4.236579768759441
0.0,2.189122483127431,-6.517969068030063,4.508373922841869
0.0,1.2412206075206935,-12.725050824860467,0.8193939251434301
0.0,2.156640385150408,-5.509416976701855,5.504683975054604
0.0,6.34559030728504,-6.039101221586057,3.127611768460781
0.0,0.23925965037566166,-6.6354535407857975,4.871820342209659
0.0,1.6490126565350494,-7.967176811627274,3.4863430996851577
0.0,2.150976733004268,-7.69701784620838,3.5870175318146096
0.0,1.5952809112971562,-8.32453449892797,3.236840073687418
0.0,0.539015594474417,-5.4389618932977974,6.308427099357004
0.0,5.297054541061234,-6.844739687900561,3.11398769965281
0.0,1.9000788062953369,-5.4393312582669555,5.738530549464755
0.0,1.4089830822907154,-5.9896675563471575,5.3445861231261915
0.0,1.8678673193731907,-6.401765070595593,4.744262847958581
0.0,2.4765182609925818,-9.577564959734723,2.3365552173047632
0.0,3.05551959375857,-10.282480083951661,1.914130380826606
0.0,6.282032646952249,-12.781565563463072,0.8343262700407621
0.0,3.0481390603400134,-6.418157656013846,4.208191110566176
0.0,0.5173137958974943,-8.083334607238108,3.5276486958428848
0.0,1.8479863271359673,-11.856630835304959,1.2028086152283848
0.0,1.9416242778248907,-5.927227981812951,5.183268698270226
0.0,1.5108938307423494,-10.930881181971593,1.6750539901581334
0.0,0.4907473990436592,-6.8153314499133995,4.664724853608831
0.0,1.8851351089619603,-8.251031012452398,3.2460500685035925
0.0,0.19360336239253167,-5.1976786752534885,6.709750346000561
0.0,6.4645266804331785,-7.265593211337893,2.791685303752274
0.0,1.2050704648940407,-10.241820068392611,2.068674712250896
0.0,3.868294506446924,-8.871591201237635,2.540117464171999
0.0,0.31469309190733125,-8.956851560270167,2.8964700013000595
0.0,0.7016308332735297,-5.957790093405322,5.593558933956615
0.0,4.940963627897763,-10.879695757318107,1.5639944436170623
0.0,0.7569615318154566,-5.430089670692151,6.26443484374731
0.0,2.4573831688671173,-5.525044327279829,5.296592896229967
0.0,1.6681474187483567,-6.209419654831196,5.016742452621017
0.0,0.48488283884394384,-8.401488842276036,3.286846230567434
0.0,1.9799462560313477,-7.4716513972357275,3.792376625638397
0.0,0.4415632875485036,-5.629660862783123,6.061136006877106
0.0,1.1389290910852055,-5.433100941811125,6.133456885337736
0.0,1.7346243433225217,-5.774511257567903,5.451192338284457
5.0,1.5025082475914338,-9.499999504934987,2.621196291489852
5.0,5.997373011451305,-9.499722910466748,2.1550300601321624
5.0,2.7774223905903144,-6.794978517019363,3.8369028023690817
5.0,2.778809862464766,-12.203769184859755,1.2063826755072569
5.0,4.716129023347552,-6.818925431411245,3.2235049306092662
5.0,3.804808835979897,-8.067299160093306,2.9768724326443277
5.0,4.716377260744484,-12.179135872996266,1.1851261712509853
5.0,3.805046252054374,-10.931305435096721,1.7185694339005835
5.0,6.1408588646698306,-7.778258372629647,2.652266367252082
5.0,1.3587580408072788,-11.22482684637404,1.7165744907150255
5.0,1.3586071870821415,-7.774962370409056,3.6315902956317814
5.0,6.140420022901385,-11.220675195318751,1.5596345416907127
5.0,6.179110415562537,-12.673874069618439,1.0064271980946842
5.0,1.3205962268217768,-12.675372662023625,1.0069632049928856
5.0,1.320516139066696,-6.324551167561038,4.493562234091456
5.0,6.18127654670676,-6.323723428538522,2.9802202394251793
5.0,4.990887356688168,-8.611593348620676,2.5834895457530678
5.0,3.7683839528222114,-9.499620655635686,2.342395170516525
5.0,2.5095612722108327,-8.612451187895532,2.951576161115682
5.0,2.5090789226872037,-10.387537401053939,2.056644184867281
5.0,4.990921077312795,-10.38753740105394,1.8877102871073959
0.2723229311277189,0.0,-7.239636767460421,4.271231023219315
0.2891147011632524,0.0,-8.234063551434033,3.426368846035402
1.7821794328667844,0.0,-5.270003909913504,6.084311646129379
0.26774818542750467,0.0,-6.344257448516335,5.196079764933401
2.6891191258478657,0.0,-5.46063347854342,5.44817906441078
0.448150456650497,0.0,-9.148123085349457,2.77246557244365
0.6550187374992362,0.0,-10.623503666685655,1.8860854517336207
0.9452416068118332,0.0,-5.2190377510660255,6.518607547791447
0.2517819387071471,0.0,-5.7181250593852635,5.96448367621737
3.508844682172505,0.0,-9.640325577371213,2.494172825234102
2.530296985650328,0.0,-12.547311373449627,0.9331410248879237
0.4201646014953188,0.0,-5.262144995387114,6.585404713025696
3.514037750486616,0.0,-11.281630623489399,1.61147553724809
2.2587387589134584,0.0,-10.270638460516281,2.0850474362537454
2.267957026634728,0.0,-8.987148443254782,2.848903220252808
3.164929751732367,0.0,-8.276560306061896,3.3168421671728368
2.0968837766873487,0.0,-7.978162624923161,3.527865576413305
2.7744376386178065,0.0,-7.241998092287627,4.016000172675746
2.005186004230656,0.0,-6.753081705177856,4.511406665205655
1.3417946099879463,0.0,-7.376989052266002,4.066739136290721
1.3402108966201904,0.0,-8.513118007479804,3.183625455808169
1.3125937021269278,0.0,-9.39910527550234,2.606723557362102
1.4528149328111077,0.0,-7.972333385540774,3.57697923435839
2.6873680841985714,0.0,-6.188211267737854,4.840047311088284
1.9888590702689262,0.0,-6.0223338136928355,5.17712946112475
1.4478237980917155,0.0,-6.42981043230064,4.926278693614648
1.4575187421875593,0.0,-5.844754266523909,5.543493365895472
0.8226852646179855,0.0,-11.56233419742377,1.3799173145701928
2.174305281976113,0.0,-5.329841125275994,5.8182668723508755
3.3726689654240176,0.0,-5.66465446186384,5.065422901987787
4.16295176400528,0.0,-5.790712660037364,4.917968263271987
1.1290440167338671,0.0,-12.721172254176441,0.8335104574838184
0.6107158021776695,0.0,-9.843013447374215,2.331830263385285
1.5209255894780325,0.0,-6.927464130570414,4.437707521027008
1.2099449952892676,0.0,-6.7142840400739185,4.687644115135555
1.8316336252218715,0.0,-7.297556242067207,4.074759901300155
1.2049481615701785,0.0,-7.055770655001678,4.366554256448296
0.9170589650989208,0.0,-6.898277198435873,4.5490000543114775
0.919267989211408,0.0,-6.562362830629271,4.8855062869638886
0.9467460303824025,0.0,-7.234243123547665,4.230859789354881
1.0234710102303228,0.0,-7.5684865593341915,3.9342567771962393
0.6339379522078303,0.0,-6.745985314026752,4.728488789289273
0.7036747349099844,0.0,-7.4676010811126865,4.040462516798627
0.7680551726327193,0.0,-7.785761369896127,3.7677032061728255
0.48902188415179215,0.0,-7.678477500142083,3.8701968521709347
0.6007887245611094,0.0,-6.390178769351616,5.112740636986501
0.906823294112185,0.0,-6.242227935339541,5.23392068007756
0.6567700466444188,0.0,-6.060971572518947,5.482538183466545
0.9187434386866135,0.0,-5.93195051913637,5.592996447700116
0.6686260990743151,0.0,-5.7560633572102695,5.860154552354402
0.8868186102632327,0.0,-5.63398580752574,5.974090163233953
1.0833338203225664,0.0,-7.881886698287027,3.6714720950271698
0.8341361037401094,0.0,-8.11082316721355,3.5043290120403014
0.6561101568530999,0.0,-5.47889867798359,6.22794653922702
1.1800438000521467,0.0,-6.055014523306549,5.3882199253059895
1.4775991691344779,0.0,-5.258450931927925,6.2466070449358995
0.5917843058837682,0.0,-7.135390420934517,4.351035273244008
0.2912983983187024,0.0,-6.885346912631457,4.611834511586039
0.23050716038355593,0.0,-6.018516958198083,5.579518803518511
3.661832358026401,0.0,-6.525665272746208,4.459431682544775
3.973567695912732,0.0,-7.468415154550554,3.859696225610108
1.204232245922413,0.0,-5.2317546037833775,6.40002276878522
1.3326626211765844,0.0,-5.515910019734644,5.977504363603458
0.521570074163335,0.0,-8.00217887947452,3.6027407288969044
1.6286251521862525,0.0,-5.548231606196934,5.8211274022419275
0.2170783087753077,0.0,-5.434619296307428,6.362026599975934
0.390817048685037,0.0,-6.597371231977666,4.905082226994466
1.1457604864781266,0.0,-5.7476370466506985,5.757461150312764
1.4855024966190995,0.0,-6.157654131422269,5.197979835038069
0.3689296238537657,0.0,-8.629049803708082,3.1315576585815563
0.6250489259509444,0.0,-8.390390715144113,3.3004797303144215
1.1279069771434873,0.0,-8.195294650922508,3.4270815954646565
0.7023454751907134,0.0,-5.230903456751781,6.573578766740127
1.3101037578146997,0.0,-7.690370207109484,3.8086678307145263
1.173883839232379,0.0,-6.383727344576066,5.028125319505335
0.25711971313534265,0.0,-7.871050927423136,3.714800547981497
1.276070070574447,0.0,-10.230642533984625,2.0988891244992516
1.0658933101153312,0.0,-5.4495848717804805,6.163204650366822
0.8825206156408714,0.0,-8.844527468309295,2.970259364517233
0.9619647038191206,0.0,-8.410830801813855,3.2743659292194707
1.5468037975480258,0.0,-10.999329802258881,1.6755923000892778
1.6336312833538578,0.0,-7.6561374692236175,3.804168753002827
3.8052056957954443,0.0,-12.765313915859979,0.8891870471789147
0.24480190217548503,0.0,-7.5433412193380995,3.9953696749132064
0.43751305870304413,0.0,-5.575089468239264,6.136162084749628
2.3234484573208523,0.0,-5.726925170619049,5.355865701316105
2.375983145213752,0.0,-11.398731543758846,1.4878367341624141
1.582887532371846,0.0,-6.626878264832044,4.705279102028214
0.19301025374633632,0.0,-5.1975716164210315,6.713034066462853
0.43797989591297415,0.0,-5.869669211964855,5.749527277124216
1.474825496564507,0.0,-7.164445019976326,4.233559129538335
1.7101962073030519,0.0,-6.372751482785775,4.926585506068065
1.9794834789237858,0.0,-5.5794671251396615,5.645962282770569
0.430060823729655,0.0,-6.15774362720337,5.397291486591868
0.16803291782679453,0.0,-6.619198525807763,4.894243098053664
1.7546151834682227,0.0,-11.925509363288164,1.218893953512172
0.4561214862487323,0.0,-7.4062849038489,4.109125627484218
0.8512818318468419,0.0,-5.402482113021522,6.288288479463375
2.5,7.5,-6.443375672974064,2.8821206568186
2.5,7.5,-12.556624327025936,1.0867361848746455
3.50014416742692,7.5,-9.5,2.1514055617333128
1.49985583257308,7.5,-9.5,2.1348572612327814
1.599708527066607,7.5,-11.28516593942145,1.5192855706102506
3.4002914729333935,7.5,-7.714834060578553,2.558270735077727
1.584991658530147,7.5,-7.701573768939246,2.6301689960196484
3.4150083414698527,7.5,-11.298426231060755,1.5910579393510034
3.8052056957954443,7.5,-12.765313915859979,1.05321436825907
1.194794304204555,7.5,-6.234686084140019,2.958639837307601
1.1651376860203406,7.5,-12.79605972830962,0.9648888438164605
3.8348623139796594,7.5,-6.2039402716903815,2.824329034939396
2.5007661843261384,7.5,-10.29297458087878,1.887426967368441
2.4992737044871776,7.5,-8.702396886518182,2.3524931820376764
2.4476264334453126,6.100413727510206,-14.0,0.41879364464125146
2.5000000000000004,1.443375672974064,-14.0,0.34999219914755386
1.4034339267291014,4.84417887570054,-14.0,0.36518738052737376
3.268661474133062,4.616915478061368,-14.0,0.38313111881086215
1.5579884296376372,2.9304964524253116,-14.0,0.3362371072753021
3.5604921853957245,2.691662894365146,-14.0,0.3727595928015006
1.1783491311906265,6.255819290793517,-14.0,0.4073561106255532
1.1783491311906267,1.2441807092064834,-14.0,0.32343796690361515
3.8216508688093738,1.244180709206482,-14.0,0.37134438511547074
3.809924248182341,6.268465841114315,-14.0,0.44877032165839026
0.25143641070806866,2.0122255118220487,-5.0,6.168958588320635
2.201329433591704,0.35110736930956976,-5.0,6.125072290203974
0.234522648844446,1.1963967170443615,-5.0,6.699371663253231
1.2361089216078074,0.22683983982192446,-5.0,6.692462733722095
0.35875078823467244,2.7472008586167385,-5.0,5.560441157618897
0.6783319045228879,4.100148187130598,-5.0,4.459142476313787
0.23395712605455155,0.6741894961374718,-5.0,6.904424147015959
0.6520152259732768,0.2401481265231186,-5.0,6.919982787702537
3.3762023679041775,2.8125,-5.0,4.63660732069269
2.3443938425912094,6.28232736027669,-5.0,3.2759975660271436
3.4190363661720706,0.6321268727809922,-5.0,5.447185223578373
3.6431525948861623,4.525543302584039,-5.0,3.7251417006198153
2.161545479368864,3.7376630334179786,-5.0,4.461122737709502
1.972977510029914,2.441317016252592,-5.0,5.366368266180871
1.398852506184337,2.992251091750214,-5.0,5.155978451554631
1.1802495102183639,2.211325631583027,-5.0,5.850205114683405
1.8409728271527874,1.6412973200285057,-5.0,5.900448789068918
1.175436062737385,1.600551852019569,-5.0,6.2296042298109455
2.6783448908944423,1.8173753850348149,-5.0,5.43260678211908
1.7337943882519176,0.3542490387105301,-5.0,6.406167377719925
1.9721396768625827,0.7014791664814632,-5.0,6.208740862102957
1.5740716321395045,0.6769766271965618,-5.0,6.430865585432969
2.413790290764945,0.731856866230939,-5.0,5.954772296435891
0.8288512916261621,5.061577868813563,-5.0,3.8125260396830924
4.186772359565396,0.8469722211203552,-5.0,5.265279996183978
3.6391803411399692,1.6250778842387614,-5.0,5.128360721414623
0.43833077680143606,3.2548431516469996,-5.0,5.136450682193384
0.2488623085224244,2.311347220341637,-5.0,5.937101392869266
0.5258768180203934,2.146977289515492,-5.0,6.048084406883277
0.5078255354461418,1.8306397931372704,-5.0,6.266762064305112
0.8010317299367713,1.9902049514809648,-5.0,6.106276355043889
0.7605259474621172,1.6533172967264236,-5.0,6.336219623388928
0.5029778814369883,1.5373665647252495,-5.0,6.464224629420045
0.7508676064924689,1.377504415765093,-5.0,6.506419635938727
1.0760130814349123,6.249352620641073,-5.0,3.359728743205153
0.22587796896041878,0.4055759092385959,-5.0,6.972667490705589
0.49569807411946787,0.4968565654148758,-5.0,6.904098644833738
0.47278668999028295,0.7980636051999808,-5.0,6.824018018615163
0.7188112577309904,0.674322564641803,-5.0,6.812379413266967
0.7102915697402145,0.9356058981074536,-5.0,6.7265437092743525
0.9664779814546107,0.8163319887906579,-5.0,6.680588948741075
0.9631476665275468,0.5505414989517273,-5.0,6.765623779854934
0.9373780232220941,1.1335656889743289,-5.0,6.562030507009069
1.2030426387320554,0.9852591753545881,-5.0,6.523599560468284
1.2130312186436467,1.2567713262718503,-5.0,6.408587736345851
1.464357942686852,1.1188207414709805,-5.0,6.358716533094366
1.2462484585237386,0.6937262103435876,-5.0,6.597248331881758
1.4145122101817649,0.4536945281575657,-5.0,6.573742360131149
0.23005056590997525,0.9319939233185963,-5.0,6.808836554157665
0.9517816536117306,0.2742538614019924,-5.0,6.80903613283175
0.23785595701214213,1.4700030107304374,-5.0,6.53741504255413
0.23760684426699108,1.7439938316420238,-5.0,6.362880455977518
1.527913110170509,1.9552548143265742,-5.0,5.883964782460993
0.4947475944188333,1.2710446152763872,-5.0,6.6108821596409655
0.4008854314545941,0.22363608031983334,-5.0,6.971469995457852
0.7953315907291876,2.3216250746433564,-5.0,5.858828124786953
1.472137873001656,0.2135444249593673,-5.0,6.569786939730051
1.4616285831805276,1.4039311641190508,-5.0,6.229335451373004
1.7825906266109015,1.258527511662341,-5.0,6.1264353452176294
0.9931445831805498,1.7834362831758879,-5.0,6.18060393569948
0.9933186472427172,1.4297203112105672,-5.0,6.392739336562499
1.4522104630640154,4.461959087312849,-5.0,4.167684893054087
0.8610935687661385,2.8201070988621764,-5.0,5.463876691661909
1.4463554074939635,1.686821291611057,-5.0,6.073680153202105
3.63673277067421,6.06752469235891,-5.0,3.2534644220417306
0.7562907755926025,0.44722452338670343,-5.0,6.847327287334309
1.2646197347601542,1.847477974543223,-5.0,6.053083848753914
2.6891191258478653,0.3252940542566537,-5.0,5.829861809456503
2.8448495200255643,1.0396570908308682,-5.0,5.583151309020138
2.17394233852788,1.1638425910751238,-5.0,5.948395421916047
0.4566630631890982,1.0446529746125777,-5.0,6.736410303483922
2.499516853234557,4.972277491292738,-5.0,3.6678469887875167
1.182434179441939,0.45613969335848514,-5.0,6.690482938432808
0.19699096175904748,0.19744611286104674,-5.0,6.997560595044263
0.9903380205723059,3.551708242030102,-5.0,4.810586566373814
1.6401971063901712,5.405498885667382,-5.0,3.6221648710689465
0.6783085036128311,1.1582818408018973,-5.0,6.636624460970523
1.429682231687718,0.8934222707811723,-5.0,6.444820454514968
1.732797408085906,0.9688448181112737,-5.0,6.268442270299403
0.5188046069928296,2.4692284719095916,-5.0,5.77720999613291
0.0,1.7148284365859052,-17.0,0.12900413906114316
0.0,4.673974028588915,-15.555034291607488,0.2415400419804552
0.0,4.673974028588914,-18.444965708392512,0.07486058534374074
0.0,2.8125,-15.548077367904177,0.21734993716339623
0.0,2.8125,-18.451922632095823,0.060817189748653355
0.0,5.890147263602507,-17.0,0.17678068277271386
0.0,3.7111400817162408,-17.0,0.13989746530521785
0.0,6.15071169010352,-18.61394845947205,0.07553300137363639
0.0,1.2804656873171811,-18.690384526419166,0.04926140790986144
0.0,1.2804656873171811,-15.309615473580834,0.225514430111744
0.0,6.15071169010352,-15.386051540527948,0.29625126839736105
5.0,1.7148284365859052,-17.0,0.18982367404299794
5.0,4.673974028588915,-15.555034291607488,0.3154110698635222
5.0,4.673974028588914,-18.444965708392512,0.10821632039091078
5.0,2.8125,-15.548077367904177,0.2961730501403679
5.0,2.8125,-18.451922632095823,0.09549715619111865
5.0,5.890147263602507,-17.0,0.2390868641038928
5.0,3.7111400817162408,-17.0,0.19396459489682982
5.0,6.15071169010352,-18.61394845947205,0.11472656371819845
5.0,1.2804656873171811,-18.690384526419166,0.0766250564894948
5.0,1.2804656873171811,-15.309615473580834,0.3114609763970613
5.0,6.15071169010352,-15.386051540527948,0.3782780472477789
2.5,0.0,-15.443375672974064,0.2352390366091779
2.5,0.0,-18.556624327025936,0.05708939598305385
1.5346158590977894,0.0,-17.0,0.12949345897208708
3.465384140902211,0.0,-17.0,0.15413226646260547
1.147631785644753,0.0,-18.738084623073817,0.049253127447031364
3.8523682143552462,0.0,-18.738084623073817,0.06018210896307208
3.8523682143552467,0.0,-15.261915376926183,0.28073657632799254
1.1476317856447538,0.0,-15.261915376926183,0.23422107287940364
2.5,7.5,-18.556624327025936,0.1154861478224527
2.5,7.5,-15.443375672974064,0.3814538741374882
1.5346158590977894,7.5,-17.0,0.23850075883581034
3.46276461254404,7.5,-17.0,0.2688255093546914
3.8523682143552467,7.5,-15.261915376926183,0.4197815690501763
1.1476317856447538,7.5,-15.261915376926183,0.37412132701107836
1.147631785644753,7.5,-18.738084623073817,0.10051567819804319
3.8523682143552462,7.5,-18.738084623073817,0.1179955403608739
2.5000000000000004,1.443375672974064,-20.0,0.0
2.4476264334453126,6.100413727510206,-20.0,0.0
1.4034339267291014,4.84417887570054,-20.0,0.0
3.268661474133062,4.616915478061368,-20.0,0.0
1.5579884296376372,2.9304964524253116,-20.0,0.0
3.5604921853957245,2.691662894365146,-20.0,0.0
1.1783491311906265,6.255819290793517,-20.0,0.0
1.1783491311906267,1.2441807092064834,-20.0,0.0
3.809924248182341,6.268465841114315,-20.0,0.0
3.8216508688093738,1.244180709206482,-20.0,0.0
1.0,0.14421651348099102,-0.25020967136048167,41.700737700904284
1.0,1.355783486519009,-0.25020967136048167,39.06526652913155
1.0,0.46875,-0.33762023679041775,42.284227499830536
1.0,0.84375,-0.33762023679041775,41.80212666506358
1.0,0.65625,-0.16237976320958225,41.638131632350365
1.0,1.0312500000000002,-0.16237976320958225,40.654789265243465
1.0,0.65625,-0.3527038801330175,42.41198783104886
1.0,1.0289390340726707,-0.3688868458710792,42.13478677626509
1.0,0.4710401973766571,-0.13112565173857305,41.37092042564606
1.0,0.84375,-0.1391382296513498,40.93667935520273
1.0,1.2345483917841942,-0.1458272182431779,39.40047244739864
1.0,0.29270098688328516,-0.15562825869286517,41.4015116113799
1.0,0.2654170125205964,-0.3542930326574983,42.294426659562106
1.0,1.2071951703633534,-0.344434229355396,40.97744053198173
1.0,0.12443830617719526,-0.11793964553360686,41.22007589438877
1.0,1.3755616938228044,-0.11793964553360725,37.6810855334287
1.0,0.12433457475930258,-0.3823000291012252,42.46520749941553
1.0,1.375665425240697,-0.3823000291012249,40.21386031788268
0.8563101673419298,1.5,-0.2479401281297678,39.80541554352237
0.14368983265807012,1.5,-0.2479401281297678,41.656758387208754
0.5,1.5,-0.33626770281748364,41.98308267452748
0.6876672435815777,1.5,-0.33391523948113844,41.47832719252378
0.31233275641842223,1.5,-0.33391523948113844,42.35503611536069
0.7196279851014655,1.5,-0.1408040931763454,40.10822815875346
0.2803720148985343,1.5,-0.14080409317634546,41.476422034917704
0.5,1.5,-0.14809734414980869,40.939287831252926
0.8737904996852864,1.5,-0.11487184729735739,38.07193142327796
0.12620950031471348,1.5,-0.11487184729735739,41.24451406242076
0.1312045178152985,1.5,-0.38306569637024546,42.47346044198699
0.8687954821847015,1.5,-0.38306569637024546,42.167382696688094
0.1752299417181872,0.6605065551349465,-0.5,44.18227505958504
0.48500203300308836,1.3222878316128233,-0.5,44.03673606785691
0.8413619292167622,0.4665277914656872,-0.5,44.178545891658274
0.8448356022164721,0.8321849392724335,-0.5,44.11868149962527
0.5028841983066843,0.1709039779139057,-0.5,44.220779522615146
0.17341072874928726,1.0182972753469117,-0.5,44.117972303950324
0.14385114958431872,0.28467593774045397,-0.5,44.224022361615226
0.8376202367904177,1.21875,-0.5,44.03284186142301
0.7052629262261931,0.18787150663442778,-0.5,44.210256820918914
0.5875917669823947,0.35087302610055926,-0.5,44.20511442342473
0.4143146417217965,0.34695477639659283,-0.5,44.213058258707235
0.49936002636778776,0.5119844034303986,-0.5,44.190221631288665
0.31843284619329626,0.5061246176426422,-0.5,44.19838071146398
0.4089244312132623,0.6731057971211812,-0.5,44.172555630478314
0.5800744800108322,0.6931535391891657,-0.5,44.16086879324038
0.48847330400809663,0.8443634430274036,-0.5,44.139328399371266
0.291769717038195,0.839553695441406,-0.5,44.14812368350874
0.38297275050178026,1.008849755256268,-0.5,44.11261301418867
0.5516880499574015,1.0384853791086857,-0.5,44.09627864685672
0.3048522214967494,1.178482386621059,-0.5,44.07874003606679
0.8472878499242059,0.6454482838476518,-0.5,44.152665080494074
0.8423712832462421,1.0189858168412365,-0.5,44.0797978562681
0.29536153821336386,0.18755852811619061,-0.5,44.22771714983077
0.6916131875649065,1.3292953250356343,-0.5,44.01855939775726
0.8565772557893454,0.28852732734167197,-0.5,44.19438157840801
0.14918230367495883,0.4630063433679496,-0.5,44.20880095069748
0.6837766735463575,0.5346324278293403,-0.5,44.17875377703345
0.6732251711507382,0.8876113800602361,-0.5,44.119705599200586
0.2884540523137842,1.3510265092484042,-0.5,44.04060995770453
0.4702808611480964,1.1554384824585524,-0.5,44.07556320348033
0.1439584185091099,1.2220785210287781,-0.5,44.075037068185196
0.7015045662840117,1.1250000000000002,-0.5,44.06712334229738
0.12626180192968173,0.8419082179890378,-0.5,44.15193827523527
0.8634113274236399,0.13626030527625183,-0.5,44.20383312230018
0.13311402318888757,0.1334074341435668,-0.5,44.23352212147458
0.8613948459472051,1.365071169010352,-0.5,43.99380358442647
0.13741821617306918,1.3663372360820596,-0.5,44.0430133173582
0.7241134334735212,0.7363761441272522,-0.5,44.14471389056246
0.2642284958775469,0.35766404065276586,-0.5,44.21682214701423
0.5966295236158731,1.221780632134905,-0.5,44.052013058894545
0.7347421768712843,0.3707421986628588,-0.5,44.195182229984965
0.0,0.287825512310263,-0.3460121058640514,44.228305424918204
0.0,0.65625,-0.33762023679041775,44.1865726573958
0.0,1.03125,-0.33762023679041775,44.119240376699764
0.0,0.46875000000000006,-0.26237976320958223,44.2115256273253
0.0,0.84375,-0.26237976320958223,44.15565994822893
0.0,1.2121744876897367,-0.25398789413594863,44.08135060370978
0.0,0.1265301112970921,-0.36760354405187573,44.23610546814703
0.0,1.3734698887029078,-0.2323964559481242,44.04579611097901
0.0,0.2842945614246115,-0.20323642391219188,44.22860283933167
0.0,0.65625,-0.20031619166002085,44.18664235348251
0.0,1.03125,-0.20031619166002085,44.11991276829801
0.0,0.46875000000000006,-0.3996838083399791,44.21079472947895
0.0,0.84375,-0.3996838083399791,44.15452303425087
0.0,1.2157054385753885,-0.3967635760878081,44.079472859412476
0.0,1.371807867253444,-0.3729686379796078,44.045054881801235
0.0,0.1281921327465559,-0.22703136202039237,44.23667046150476
1.0,0.287825512310263,-0.3460121058640514,44.189721713296564
1.0,0.65625,-0.33762023679041775,44.14308100058125
1.0,1.03125,-0.33762023679041775,44.065404017388516
1.0,0.46875000000000006,-0.26237976320958223,44.17147507180212
1.0,0.84375,-0.26237976320958223,44.10809083508556
1.0,1.2121744876897367,-0.25398789413594863,44.02289856456241
1.0,0.1265301112970921,-0.36760354405187573,44.19861906150328
1.0,1.3734698887029078,-0.2323964559481242,43.981620625128244
1.0,0.2842945614246115,-0.20323642391219188,44.190914994482796
1.0,0.65625,-0.20031619166002085,44.144090904673874
1.0,1.03125,-0.20031619166002085,44.06673378599538
1.0,0.46875000000000006,-0.3996838083399791,44.17002490384107
1.0,0.84375,-0.3996838083399791,44.106112249839185
1.0,1.2157054385753885,-0.3967635760878081,44.01905593467043
1.0,1.371807867253444,-0.3729686379796078,43.97848292429569
1.0,0.1281921327465559,-0.22703136202039237,44.199908371840166
0.30000000000000004,0.0,-0.3267949192431123,44.234624278696344
0.7000000000000001,0.0,-0.3267949192431123,44.21737651702608
0.5,0.0,-0.291432916976692,44.22636644896761
0.13149033323180492,0.0,-0.24673645663266303,44.23867141023658
0.868509666768195,0.0,-0.24673645663266286,44.209277587669504
0.8840375732552777,0.0,-0.3844035870386292,44.20762026909986
0.11596242674472199,0.0,-0.3844035870386293,44.23807093409934
0.5,1.5,-0.3091054696427221,43.9960907461338
0.30000000000000004,1.5,-0.2795365074011969,44.008197603242024
0.7000000000000001,1.5,-0.27320508075688765,43.980013274141015
0.868509666768195,1.5,-0.353263543367337,43.95989492477739
0.1311918850380389,1.5,-0.3546421553261219,44.01484528815192
0.11860368830541515,1.5,-0.21890846153901505,44.0163887758286
0.8840375732552777,1.5,-0.21559641296137078,43.96147546971778
0.1752299417181872,0.6605065551349465,-0.09999999999999998,44.18404621126089
0.48500203300308836,1.3222878316128233,-0.09999999999999998,44.039311799053735
0.8413619292167622,0.4665277914656872,-0.09999999999999998,44.180960382866516
0.8448356022164721,0.8321849392724335,-0.09999999999999998,44.12107066581899
0.5028841983066843,0.1709039779139057,-0.09999999999999998,44.22167647932366
0.17341072874928726,1.0182972753469117,-0.09999999999999998,44.119492403913
0.14385114958431872,0.28467593774045397,-0.09999999999999998,44.225744283385325
0.8376202367904177,1.21875,-0.09999999999999998,44.03538455780614
0.7052629262261931,0.18787150663442778,-0.09999999999999998,44.212300198963646
0.5875917669823947,0.35087302610055926,-0.09999999999999998,44.20706864182944
0.4143146417217965,0.34695477639659283,-0.09999999999999998,44.215116878923624
0.49936002636778776,0.5119844034303986,-0.09999999999999998,44.19204440004566
0.31843284619329626,0.5061246176426422,-0.09999999999999998,44.20028616329998
0.4089244312132623,0.6731057971211812,-0.09999999999999998,44.17431312566788
0.5800744800108322,0.6931535391891657,-0.09999999999999998,44.16269409268443
0.48847330400809663,0.8443634430274036,-0.09999999999999998,44.141198407300806
0.291769717038195,0.839553695441406,-0.09999999999999998,44.149986429978526
0.38297275050178026,1.008849755256268,-0.09999999999999998,44.11437532530334
0.5516880499574015,1.0384853791086857,-0.09999999999999998,44.09816564248453
0.3048522214967494,1.178482386621059,-0.09999999999999998,44.0806942815841
0.8472878499242059,0.6454482838476518,-0.09999999999999998,44.1547003034982
0.8423712832462421,1.0189858168412365,-0.09999999999999998,44.08218418920387
0.29536153821336386,0.18755852811619061,-0.09999999999999998,44.22947506476061
0.6916131875649065,1.3292953250356343,-0.09999999999999998,44.02105157390136
0.8565772557893454,0.28852732734167197,-0.09999999999999998,44.1967285531278
0.14918230367495883,0.4630063433679496,-0.09999999999999998,44.21055184786633
0.6837766735463575,0.5346324278293403,-0.09999999999999998,44.18066746210425
0.6732251711507382,0.8876113800602361,-0.09999999999999998,44.12158030303959
0.2884540523137842,1.3510265092484042,-0.09999999999999998,44.04299280479128
0.4702808611480964,1.1554384824585524,-0.09999999999999998,44.07766097573574
0.1439584185091099,1.2220785210287781,-0.09999999999999998,44.07687126283059
0.7015045662840117,1.1250000000000002,-0.09999999999999998,44.06890941824665
0.12626180192968173,0.8419082179890378,-0.09999999999999998,44.15397607361686
0.8634113274236399,0.13626030527625183,-0.09999999999999998,44.206412321260814
0.13311402318888757,0.1334074341435668,-0.09999999999999998,44.234940282179025
0.8613948459472051,1.365071169010352,-0.09999999999999998,43.99787201453901
0.13741821617306918,1.3663372360820596,-0.09999999999999998,44.04527479163755
0.7241134334735212,0.7363761441272522,-0.09999999999999998,44.14676743356955
0.2642284958775469,0.35766404065276586,-0.09999999999999998,44.218696463319475
0.5966295236158731,1.221780632134905,-0.09999999999999998,44.05414496141913
0.7347421768712843,0.3707421986628588,-0.09999999999999998,44.197268380979295
0.0,0.2000820736339955,-2.5506456178414036,22.41531433752573
0.0,2.3221732587129775,-4.7616243026413745,6.600105678023311
0.0,1.402689048672189,-0.6546464924447433,41.24725953847792
0.0,2.881480043618032,-0.3431160689410486,14.383392381901785
0.0,0.16485353548722156,-1.875714771535105,29.301656183651744
0.0,0.20487684987682064,-3.546496644307575,14.544640764996046
0.0,1.505601893597965,-4.766512924688702,7.315780345766996
0.0,0.8519261028176699,-0.6580713789707229,42.394615494496406
0.0,4.1444208000159914,-4.407052662280786,5.197338292742529
0.0,1.5874245615719236,-0.6578042314809132,37.58885220347267
0.0,1.490877792566985,-0.8252388151334022,37.19893738588192
0.0,1.6895082979516785,-0.8243166434571538,32.687842466839726
0.0,1.5892775597142181,-1.006239810392274,32.804845926249925
0.0,1.8045254735008025,-1.000080599854241,28.76485358699992
0.0,1.7000948843020747,-1.1890685083627224,28.98459670520296
0.0,1.952524225142055,-1.1782627617013643,25.098385063446898
0.0,1.481344080365011,-1.190835959828226,31.789616310283662
0.0,1.5935961098432694,-1.3816875558613542,28.360443501693936
0.0,1.3662691562899365,-1.382179751269521,30.695826539804386
0.0,1.4849649715315714,-1.5776783247477808,27.440039448967525
0.0,0.1943320347066119,-1.2405479447799852,36.528153831915205
0.0,1.2535874629456822,-1.5779954309811224,29.304310483362826
0.0,1.374158011612374,-1.7764093719232399,26.248021231197896
0.0,1.6277078189923877,-1.7893254448550677,24.13401231425948
0.0,4.203425299991311,-0.6396650495446519,7.698798103414703
0.0,0.20486055260138097,-3.066637320724985,18.04084720157428
0.0,0.20942071305675602,-4.058560394266204,11.428945805014934
0.0,1.1459451987454479,-1.7792337661316795,27.69280161995954
0.0,1.263295390827588,-1.9789114297102244,24.968540171667172
0.0,1.9139567693652364,-0.7757201687964637,27.499511185429384
0.0,0.9120328915793348,-4.750707688186436,7.798097448099725
0.0,1.0289143063299813,-1.9816656700431916,26.152485846419637
0.0,1.1496868698821663,-2.184330900960674,23.600273403940434
0.0,1.385781256298071,-2.1806483737242246,22.35848639669871
0.0,1.2710207233740243,-2.3894968478346894,21.18998115714757
0.0,1.512041170145153,-2.3857954839221858,20.038694265211717
0.0,1.3817710176893983,-2.599460915952345,19.034959663282365
0.0,1.6369415812120336,-2.5942639430550214,17.913006324701513
0.0,1.4950476300914568,-2.806289396841306,17.130224003384825
0.0,1.7664677348484885,-2.804549136431894,16.047391293332055
0.0,1.8850186368029775,-2.5887648318931467,16.76711731434446
0.0,1.6319929748856836,-3.0186213844107708,15.302518793990544
0.0,1.8970459404870024,-3.0191059209050524,14.306879208745926
0.0,1.7723257269302288,-3.2406844261390355,13.566397839541679
0.0,2.0581148678948322,-3.23313278779249,12.70069455058021
0.0,1.5075587883068433,-3.2394169968509554,14.441453169511618
0.0,1.6479809880001826,-3.4655280216119837,12.7748851256776
0.0,1.3832462858063244,-3.4668044155465565,13.43650370344099
0.0,1.2363637542687373,-3.237318126652945,15.137471827097102
0.0,1.1329852888721477,-2.5958278466277873,20.06124344042368
0.0,1.020887736588826,-1.579348330939407,30.63202645753202
0.0,1.522420032170631,-3.694346089626875,11.889859020241175
0.0,1.7858593741811868,-3.6905827896638614,11.361444348818935
0.0,1.2449968014669608,-3.692615318113421,12.465070572698153
0.0,0.46779338196967213,-0.6619970568744433,42.55992099087237
0.0,0.9133805470219075,-2.1869391263685234,24.516567437455706
0.0,2.1793612123662505,-0.18714110807572926,22.818718199124646
0.0,1.2382410482714614,-1.1882080138763174,34.28719520087563
0.0,1.6584788484826385,-3.9230304108424714,10.554130182873877
0.0,1.7004559755490896,-0.5139071779751969,33.495612539470784
0.0,1.9254980219533526,-3.9186650120843733,10.06730759597798
0.0,0.7927376429614688,-1.983284631639556,26.976173310139416
0.0,1.7960705863427464,-4.154944638128412,9.366370340854019
0.0,1.525295281864551,-4.158376757073681,9.718885155528028
0.0,0.683657710130623,-2.1847253528350725,25.219157634722762
0.0,6.056624327025936,-2.5,4.31940208355374
0.0,0.21201234790177173,-4.6104142884742405,8.656838507143107
0.0,1.306012206784636,-0.8104775158298576,39.20961261754624
0.0,1.6145688367532678,-2.1807432986791766,21.066584575968534
0.0,2.0545141870800885,-3.6836867481264024,10.757406052615437
0.0,2.2215124447289867,-3.943127789687037,9.398150322441182
0.0,2.3810922564035186,-3.6478424932597617,10.083659855521148
0.0,2.429312505476221,-3.207407897890649,11.51383458409137
0.0,2.5809382234465574,-4.078910413046903,8.281173260240564
0.0,0.8160918677423822,-2.387219279889559,22.877083484796373
0.0,1.6452571679398693,-0.24740654414040453,36.24853331035732
0.0,0.16114200517017535,-0.7902885529610266,41.35052563128252
0.0,2.8107312789611782,-3.617948986033996,9.009759056958984
0.0,2.9642262383020395,-3.140015412769911,9.865412161009345
0.0,2.66833854698677,-2.7312420035889127,12.2277569355237
0.0,3.165379589138709,-2.6711217856891265,10.311999259988426
0.0,2.849002309196468,-2.2522503630455626,12.607298314714342
0.0,3.3706671362672034,-2.1875110686561348,10.122862381197535
0.0,3.7521920215155227,-2.6474825992148827,8.251132909159026
0.0,3.0303486729254763,-1.7734474487698213,12.400119745588256
0.0,2.5469015125551526,-1.845476476944536,15.818384339545645
0.0,2.6740005678466545,-1.4283720461426976,15.81495046370901
0.0,4.035181204720326,-1.9258458607728515,8.107227411266024
0.0,3.199878805591877,-1.2118188438687962,12.001521766393978
0.0,3.3286553320112686,-3.5287927118021476,8.037834084796515
0.0,3.3168779717781964,-4.506645148047594,6.034893791097261
0.0,4.473952701795678,-2.5893191047050195,6.5573485379045735
0.0,4.765930556346569,-2.0142490810584666,6.2052311169213965
0.0,0.5645833259171675,-1.9847271499079286,27.55920145708191
0.0,0.6736764959082375,-1.7813695126077973,29.60355337779876
0.0,0.4373716481769564,-2.1920088513236435,25.660100074014935
0.0,1.6637283902182265,-4.381492596044706,8.62694127150806
0.0,1.3932791864113239,-4.371408683961958,8.96530500873098
0.0,1.2489385691022812,-4.15892545090255,10.090050781489794
0.0,1.9463225364869783,-4.381046526729827,8.266046097780986
0.0,1.1349175355896026,-4.378334315661901,9.214555510605578
0.0,0.9761027549607958,-4.157898632883023,10.409239078982068
0.0,0.8655028128431854,-4.442230754773528,9.14851763029364
0.0,0.7059046960436826,-4.173046162995051,10.55480536560188
0.0,0.8346522757935848,-3.9268905622191292,11.744119094577798
0.0,0.5807680984300485,-3.93122978104367,11.949471668685248
0.0,0.7023449047493424,-3.6925441338601783,13.248193779545545
0.0,2.347708035156236,-2.2960132436866787,15.632740920816815
0.0,2.088099056486153,-1.9484624946051983,18.979917143339122
0.0,2.263082857616816,-1.555847747095326,19.177095107991676
0.0,0.5638147823857678,-4.3895909004128395,9.582124445957334
0.0,1.7976493563944405,-4.613999065088386,7.621885433185128
0.0,2.2712832545796813,-1.1310513122704098,20.56536509899945
0.0,2.7161792338497666,-0.980834481779044,15.666571928382211
0.0,2.387992212751548,-0.6958581889874571,19.376754132914243
0.0,3.5514610700747165,-0.6961919928446392,10.083599087495116
0.0,5.052306107758038,-4.243831301548373,4.505247033779995
0.0,4.012041808706449,-3.275141523899525,6.900204178341056
0.0,5.135639653300682,-0.7928566287596475,5.618198457282574
0.0,2.837926089545885,-4.476202169853998,6.701815740779637
0.0,6.270283284357342,-1.1230934050106334,4.201077388474914
0.0,0.46004646314671493,-1.7773482706822517,30.089509138315236
0.0,0.5555042035410397,-1.5797904379448857,32.17355299357726
0.0,0.34535314814407725,-1.5958092252246017,32.31978901805692
0.0,0.40809962854219356,-1.369364255828088,34.89350762296087
0.0,0.6611721042141359,-1.3811700682801433,34.328264963311256
0.0,0.5508990654548264,-1.1877878747258732,36.79255116335048
0.0,0.7740686748400413,-1.1868281159397398,36.37897166787164
0.0,0.66049316615764,-1.0036974749312755,38.75797320279352
0.0,0.8782259589198493,-0.9986957124995985,38.36433885338664
0.0,0.44728954551050676,-1.0031573238181393,38.95857794423702
0.0,1.0008936771356476,-1.1865797184088165,35.65857268357348
0.0,1.1321723817143974,-0.9724411020245167,37.86834969297226
0.0,2.547326207039525,-0.37253515766953527,17.487426068188057
0.0,0.9690710195932334,-3.692318998980497,12.896147539693942
0.0,0.8302492013675824,-3.462439827909815,14.500547069665771
0.0,0.5739226128514909,-3.4561585824938654,14.881837050450343
0.0,0.6975479805992535,-3.2351251307633313,16.215093439001777
0.0,0.9606047855065205,-3.235686899978763,15.777533818328749
0.0,0.8241074688438902,-3.0127786182067853,17.62981834466632
0.0,0.5792435866590345,-3.007142223969351,18.061901428175275
0.0,0.683371225346445,-2.80000931369633,19.578065929555834
0.0,0.4659318617945515,-2.7961083271755163,19.936230570830986
0.0,1.0786017255572815,-3.0093666135869457,17.07741540016272
0.0,0.548371343741322,-2.6021316881588406,21.50435441668759
0.0,1.9677145927708828,-0.16889849820225766,27.09055725008284
0.0,2.0529217408123657,-0.3741384123933287,25.057951795132936
0.0,2.2647243134543933,-4.273993911781108,8.217074663894039
0.0,3.8452375209433347,-1.236101729170648,8.879126685192887
0.0,1.1040886413348932,-3.4645305978636665,14.033552296459476
0.0,1.348893260578651,-3.009601743786919,16.302767208502047
0.0,1.111624960751695,-3.925382744319806,11.42576444583662
0.0,1.1292781748224643,-1.3829963391438147,32.47875560102531
0.0,0.8957899677032338,-1.3836667893876982,33.58816214737902
0.0,0.2020939958488194,-2.3360283106286324,24.462649205147898
0.0,0.9401221700528879,-2.7757491256456754,19.212012705137056
0.0,0.9711170290791143,-0.8157522419078607,40.400398778802526
0.0,0.19518011640153363,-2.10442824778098,26.83086135873981
0.0,0.2193410208687937,-1.007416463134259,39.025588532575966
0.0,0.42906839039294764,-3.2064657769760414,16.813749371156803
0.0,0.6433693610912996,-4.630211493319162,8.424300067127888
0.0,2.023587486942394,-0.9914677582694065,24.758557330396826
0.0,0.26646190515825746,-4.3517096575715435,9.867160480826783
0.0,0.9072701171825108,-1.7803065368279087,28.8158421222017
0.0,1.7528381034915732,-2.3813046042220907,18.756541120030477
0.0,1.8637995117695374,-2.13677755739441,19.68281958937206
0.0,1.8413432698017393,-1.8983150893556826,21.433819407496856
0.0,2.000556477436355,-2.3719525070595293,17.340558832391082
0.0,1.1999142590811598,-4.782576468017333,7.4906333398656955
0.0,1.8088191671787248,-0.33978612737525804,31.007446261780075
0.0,1.8927582896073922,-0.5440802293921916,28.490140198229312
0.0,0.20411169768373716,-3.80227923637369,12.934143011115452
0.0,2.0161567282213917,-2.8002667757643898,14.948616038640722
0.0,2.102791215518927,-2.5700615032863006,15.692026882466848
0.0,2.1330292484114244,-3.010644708076068,13.425738905173148
0.0,0.7841044036942091,-1.5805987700002353,31.605684066029255
0.0,0.6574532474645569,-0.662313681938997,42.49229538273738
0.0,1.7109230389622154,-1.5735857331101673,25.2119382551204
0.0,0.23369228049310026,-2.802264188505885,20.173063905370867
0.0,3.081735319899199,-4.037980166119727,7.412193550654166
0.0,1.8202113563542615,-1.3761250015712312,25.63345768520793
0.0,1.4918572970600912,-1.9757342646766647,23.53000257486653
0.0,1.0340301634990336,-2.3874281237798574,22.196538959774244
0.0,1.9125815026682638,-3.461256532879264,12.071438687389701
0.0,1.3852924156397926,-3.925446128479801,11.010450537257896
0.0,2.1217350084165525,-0.6031064663003676,23.799934908843
0.0,0.5597963848714772,-0.8297977583923402,40.76747011317798
0.0,1.3701892073394317,-1.0085460771288397,35.71478722626446
0.0,0.7631686482183846,-0.8280547081067997,40.59565701162464
0.0,2.1671230639045844,-3.4466652919897136,11.42741823565592
0.0,0.2034972753218791,-3.297518281902554,16.297909782381595
0.0,0.18337511586260136,-1.4562769412442842,34.032999250533294
0.0,0.4115505451695702,-4.780741257207118,7.843276247525779
0.0,2.0101163503507165,-4.793276059707367,6.809410031953661
0.0,0.4275220887327156,-3.6810891037892235,13.572635877547782
0.0,0.28125,-0.6558806670269615,42.67672973142723
0.0,0.3561020563984375,-0.8247563037011956,40.93161961271639
0.0,1.2205873292825038,-0.6513632318005174,42.00891142740113
0.0,0.44883758847091704,-4.13839874501546,10.923610436781388
0.0,6.2693304649101345,-3.955605315787633,3.804313023733272
0.0,5.091576513611792,-3.272728046943214,5.076603982722105
0.0,0.39560385012685056,-2.4445225002283553,23.21841154959273
0.0,1.7715605673385166,-0.14543904611818714,32.51115711814407
0.0,1.0420338635695805,-0.653615214004259,42.25332983558582
0.0,3.704456968164753,-3.955461811342845,6.514299633547978
0.0,1.2108270129650736,-2.812396523206998,18.10905489946117
0.0,0.9331354568191318,-2.5527667038349753,21.06285580222456
0.0,0.36399225901658644,-1.1616547724572688,37.301975168120435
0.0,3.54409851469606,-1.6800047633693862,9.940742873224792
0.0,2.719832824184563,-0.6304944717662933,15.674072657103437
0.0,3.0544911275014393,-0.7020343545510794,13.058111316044887
0.0,0.3509690659836547,-1.9469255301159833,28.364085265323297
0.0,2.279465740088181,-0.40290203099427746,20.95870639641413
0.0,0.15246588378272558,-1.6562560328378106,31.77482545144514
0.0,4.532360529925755,-1.2926539238494636,6.721714993506652
0.0,2.07504077021207,-2.188301450686454,17.88260944578687
0.0,1.9421006828057166,-1.5606086321739747,22.793204843677586
0.0,2.049840475299706,-1.3603790909624611,22.72418189365615
0.0,5.195779882572015,-2.4310666734688366,5.267910720003755
0.0,2.0405438913889755,-4.1384374526481675,9.006038520037151
0.0,2.139675142879436,-4.553084963772094,7.468596983056017
0.0,1.1343845620860464,-0.7807298611134019,40.47666685205283
0.0,1.8315726220801392,-1.713777849114409,22.843984364238793
0.0,2.040153144717953,-1.7449177962048168,20.586803897722206
0.0,1.7577221490196706,-0.6605488738736796,31.70395783157548
0.0,0.6039240356412237,-2.404702802611245,23.224131246636233
0.0,3.444498997934798,-3.0525108066751185,8.58996255139445
0.0,0.1866225918076287,-4.813519555325135,7.771205312549171
0.0,0.41944178834133333,-4.552533519396981,8.855679334158253
0.0,2.1437109464110824,-0.8394407789248204,22.986255217023256
0.0,1.750594518593618,-4.836413141226241,6.884554964232279
0.0,1.6802839356831476,-1.9973073970589539,22.03769055361576
0.0,3.2694064995013052,-0.34826848326735416,11.686235396476405
0.0,4.5164023656286165,-3.8255973013953506,5.393967673009797
0.0,0.6733055840744686,-4.843297401486353,7.517770244853608
0.0,1.0786058462431414,-4.585264373864565,8.369086941400042
0.0,0.368736281957964,-2.6391344643820003,21.457564114127308
0.0,0.12597840103403507,-0.629565464306137,42.96519230589959
0.0,1.5281841117488761,-4.541177182493476,8.142705628424977
0.0,0.3677774434351708,-3.437545677893852,15.203356663998562
0.0,5.401735117538159,-1.71709628991393,5.019858223717705
0.0,2.282889379961828,-2.7692726887155,13.845581693313477
0.0,0.3823097817083905,-2.973403783277055,18.615482889506325
0.0,2.618043081476515,-4.737185573948274,6.348846066909175
0.0,1.6243869249133074,-0.11802864049323425,36.98333944246295
0.0,1.3067504721120113,-4.570878991447989,8.240317262271248
0.0,0.3666553357509902,-3.9262555738034486,12.13990695755379
0.0,0.7467194979967581,-2.6064893700568663,21.057770639764612
0.0,2.3924293146649194,-0.19251565934790804,19.474495684769522
0.0,1.629092709351129,-0.3857068748286734,36.69832862167169
0.0,2.2747203795171536,-1.792494964884309,18.134538411457243
0.0,2.480708552639042,-4.5076861914458535,7.16805000861288
0.0,0.28937028255628533,-1.7591038877380125,30.499455877592
0.1990895772272892,0.0,-2.3343170897910284,24.415835025918625
0.2153642774803164,0.0,-3.286431309726355,16.3442893033411
2.317091686577716,0.0,-0.32867072332013514,16.33236215260854
0.18435397752090912,0.0,-1.654285413643425,31.70326529179235
2.1471246444499386,0.0,-4.66654396480757,7.087040823411769
1.201060846001245,0.0,-4.772534647095348,7.5321125948564145
0.8947838859151086,0.0,-0.6604578132707708,41.40926472696208
1.082917963289788,0.0,-0.6361884806839964,38.45105396866347
0.9894661237169895,0.0,-0.8294794512675967,37.40622534585958
1.1930004931946803,0.0,-0.8165361629390606,33.66859937928564
1.0918371214831124,0.0,-1.0133149191221724,33.4993821244077
1.3068088761722785,0.0,-1.0105629632545359,29.8047601922529
1.2007531106833749,0.0,-1.20178150727978,29.985519746391077
1.419858440790263,0.0,-1.200256366315533,26.74488818661851
0.22478564986140318,0.0,-4.05906817053018,11.404949259284422
1.4045759012885235,0.0,-0.8037541217202673,29.01962494585115
0.18280411330444857,0.0,-1.2231244091230606,36.62372016622524
0.2074166628354756,0.0,-2.7994726261631495,20.180308837091786
0.9818504682629131,0.0,-1.2038370817787625,32.77371497518274
1.092445323965037,0.0,-1.394965447465192,29.473034426749564
0.7775175738983334,0.0,-0.8362908404186156,39.54714686012272
0.6620067332447892,0.0,-4.775051462546934,7.8030733752680135
1.6672305906035536,0.0,-0.16273901084932785,24.46526362911152
0.8694061820435335,0.0,-1.395731480593097,31.6271155350924
0.9822730582876652,0.0,-1.5901291710286332,28.604801307933172
1.194052317770914,0.0,-1.5803880678759867,26.714351381851714
1.1291157018989606,0.0,-0.4389887352322983,37.18527677820947
0.7553231610407556,0.0,-1.5915192843232862,30.351370303253503
0.8703915401390275,0.0,-1.7887993527339994,27.50885930864473
3.66887333667961,0.0,-2.478543581207912,8.804863170359994
0.6402789707306386,0.0,-1.7898437832800655,28.815191553020554
0.7535321195546693,0.0,-1.9857280704031917,26.25969351556688
1.0027901266130694,0.0,-1.9994587202470022,24.667581475297794
0.1632191494153703,0.0,-0.8051917898543666,41.148485148804895
0.6408470782431192,0.0,-1.390597106370203,33.295929031755435
3.5088558395149434,0.0,-0.6001309687162015,9.924046067335723
0.5234961747439485,0.0,-1.9822260303861543,27.242552177994497
0.6370975916294821,0.0,-2.2049332186814086,24.62487575778698
3.470958199292578,0.0,-4.443455105971633,6.395565312562127
0.4953926908155458,0.0,-0.6750896395304862,42.297814883304824
0.25544280012626547,0.0,-4.571400226132274,8.813104527162466
1.256994995372387,0.0,-0.14277867428698343,33.743562286649706
1.285823876372109,0.0,-0.5791890010847638,32.36807838520784
1.5199575485942547,0.0,-0.5912042152676147,26.743864035376788
1.6331696313639537,0.0,-0.8315305346576007,24.75082507971416
1.7872084361229374,0.0,-0.5626447565560868,22.38048613075148
1.9695579906355523,0.0,-0.8593016853100242,19.90954194230642
1.4332439890560633,0.0,-0.41044057322560956,28.756803988635085
1.763320722906164,0.0,-4.709558459828947,7.347647400385341
1.846790347820232,0.0,-4.336970255956507,8.515898626961814
2.3339124880269067,0.0,-4.253715715263491,8.03910645215683
1.9392424646638786,0.0,-3.9189602083226767,9.805032294255653
1.6203625225678429,0.0,-4.097222731888358,9.735420046043373
1.6876098487105278,0.0,-3.6206028624746063,11.562428826375509
1.2998575178467275,0.0,-3.8357429453228074,11.453670552972113
2.4846570300965642,0.0,-3.8232297276849665,9.068424923050713
4.250160742951265,0.0,-0.7357013790759099,7.82804478237469
2.8189619038040035,0.0,-0.4445058040469627,12.841593121266527
2.929419014986618,0.0,-1.0427572241004848,11.897158461396259
2.386393212093306,0.0,-0.738084927917984,15.770513862505396
2.2195023130884124,0.0,-1.24904085563406,16.694517185872115
2.877565640018652,0.0,-1.7522989886499483,12.03614549395894
2.0224325010201003,0.0,-1.9562578386301994,17.124914712937283
2.6273608030034303,0.0,-2.526981502764464,12.045060720834073
1.9018855636489789,0.0,-2.6473853748832497,15.134881784705442
1.5820139831615354,0.0,-2.0219578822812965,20.161463798887183
1.4707484960370973,0.0,-2.6269154264294157,17.422160853688695
2.292940486152147,0.0,-3.1142624590392636,11.726350354497015
1.920004401444348,0.0,-0.2539771156484143,20.683961542201047
0.38246865725888135,0.0,-1.7708433308351887,29.984544510460267
0.29053025807240496,0.0,-1.9905277195103204,27.84925982955224
1.628485191188376,0.0,-1.7026012284393186,21.49872502415323
1.4086350903233247,0.0,-1.8359041827009968,22.829600153752835
0.22256205126713127,0.0,-3.7966856258112376,12.93087957675857
0.4521067713008615,0.0,-3.9220870137617094,12.084766582232902
0.4497200433000249,0.0,-4.176756715412929,10.689576590717337
0.6862667942373218,0.0,-4.050405024612447,11.183347320820388
0.6777901165322233,0.0,-3.7798471333819883,12.671618627566858
0.6716486779660938,0.0,-4.336078587264491,9.755551249977572
0.9284392832722314,0.0,-4.178591066438117,10.300574172274082
0.9262293739362453,0.0,-4.459349546195757,8.993850576711338
1.130171040490537,0.0,-4.341554703220367,9.33010132194903
1.1622214285009638,0.0,-4.032521832399606,10.708201648801321
1.5647871288118371,0.0,-4.474253506099185,8.338857663998368
0.9093520914234463,0.0,-3.905801864189913,11.700385070108354
0.893057318282581,0.0,-3.6365883377113404,13.212729479290402
0.6684208449045178,0.0,-3.51367528877541,14.300965739274176
0.8859608420348735,0.0,-3.3725062928309955,14.824110444467266
0.658714500954292,0.0,-3.2520380994715428,16.01675551886356
0.8747881480322586,0.0,-3.113538898857712,16.518247388948083
1.1035095479954569,0.0,-3.2316007772670154,15.18260203030053
0.6500100794222053,0.0,-2.994937726176794,17.885050535048805
0.8620796535544679,0.0,-2.858891432951203,18.341936596201577
0.6410271057382636,0.0,-2.7423389769789006,19.877449413809586
0.8493648711945276,0.0,-2.608409556001405,20.31730645104105
1.060565696795026,0.0,-2.7229059843872525,18.629720126339862
1.0423165994970733,0.0,-2.475141770736346,20.575829012947082
0.6331914915047068,0.0,-2.486175635650292,22.086233391626962
0.42642989285806904,0.0,-2.634348189432577,21.265833267499858
0.4354395059672431,0.0,-3.1410160892726857,17.190588193554845
0.8363073057904301,0.0,-2.361386428757183,22.419199557854284
1.0421635208299065,0.0,-2.22980217100944,22.48023027186892
1.2886964054677137,0.0,-2.3773321705919237,19.977967463854895
1.2123888697834977,0.0,-2.1309320575421657,22.193324964190793
0.42416917690534595,0.0,-2.3781729537895693,23.600150815217006
1.0860428412561565,0.0,-2.9747601167135693,16.83912839746864
1.318349244094349,0.0,-3.0905270456236096,15.354896482637997
1.3304032761289066,0.0,-3.342450743199375,13.905127905853618
1.5484823626322286,0.0,-3.2039196636885023,13.96967773786011
1.277992087281492,0.0,-2.824662433693216,17.106895274355054
1.545725167578929,0.0,-2.9081552132748443,15.544414956460344
0.17785514511151146,0.0,-1.0097025871719203,38.98474827378726
0.3567847179200286,0.0,-1.1161117290602585,37.57091868658179
0.3973736105798462,0.0,-1.35870225012438,34.666721122109664
0.9262465535118057,0.0,-4.7407771679002915,7.815513681665408
0.7641486910536994,0.0,-1.2018551424835335,34.790838769369714
1.45337935520655,0.0,-0.20566858032188673,28.388841876590334
1.4813945639932111,0.0,-1.0085434483426607,26.808077613189738
0.5259821614252476,0.0,-1.579089469517593,31.615452461128086
1.460070179342334,0.0,-4.74794898653392,7.433676114584728
0.1848082835399796,0.0,-1.438474347393075,34.16269807915509
0.22033249934849555,0.0,-3.5381194626322756,14.57223700136052
1.1055586698438447,0.0,-3.4835841755513135,13.694324100518202
1.3105877051308452,0.0,-1.3905329293217181,26.920533851721302
0.22380935341881739,0.0,-4.306088976956512,10.111545615627705
1.0964964672723991,0.0,-1.7845247183437358,25.84980969449498
1.5337273408270296,0.0,-1.3909446795600808,24.226274919730514
0.8782150509720945,0.0,-1.013335351021821,36.26267422373192
0.6679630564029846,0.0,-1.022610649033826,37.661653928047855
0.4491344606883046,0.0,-3.6535621554635407,13.693046606147647
0.21586103107834048,0.0,-3.032987087623453,18.249931363867432
0.44353758407009625,0.0,-3.393660608580287,15.39685641339787
1.7251993958921068,0.0,-1.1375411893833913,22.66944799465213
0.3616737709727989,0.0,-0.8774506243228082,40.231017507804125
0.41171820788066077,0.0,-4.774196410583414,7.884505387824561
0.5275226869945202,0.0,-4.568172931531507,8.742487895304265
0.2003132810879968,0.0,-2.562682006139764,22.247672169711592
2.5693375144748742,0.0,-4.613430096507637,6.837392077700315
0.4341827322167424,0.0,-2.880775705838289,19.191818974931806
3.8332251593006847,0.0,-1.4117092599966883,8.928611454279263
1.133548115179405,0.0,-0.25369815380743166,37.1959685786116
0.294240223549056,0.0,-0.6672242581314389,42.50557888266954
0.5546804171358165,0.0,-1.1846571470897516,36.19812369088177
1.389044849947287,0.0,-1.607876565138926,24.539073545867637
0.6841989159268171,0.0,-0.6714843525586014,42.13362718740507
2.0919714050087306,0.0,-3.510207821253238,10.909873059936132
3.0397095753557286,0.0,-3.3228381992248393,9.234500653711564
4.1649600145350085,0.0,-4.21747214034191,6.2845503088629755
1.8191854905463263,0.0,-1.423170755863775,20.584508270563987
3.848530508453525,0.0,-3.425874500374862,7.47726193626815
0.5534562987122972,0.0,-0.8545523446378205,40.18118750148011
1.1152788893742152,0.0,-3.7424199183762905,12.267380139065637
1.4073928393498283,0.0,-4.235550454806445,9.467126624649524
1.296448479742978,0.0,-4.530983911110081,8.386243484987517
2.0760511453747723,0.0,-0.548535841750529,18.803936563935054
0.8544473891615815,0.0,-2.159591999244042,24.1143262095884
0.3369000871035878,0.0,-1.5555391061776742,32.54670805049054
0.1714705785704391,0.0,-1.8345032354501036,29.694907449388722
1.628661487669814,0.0,-0.37897728805437225,24.90240118095636
1.3752609768093758,0.0,-3.614723185924281,12.376598918265046
0.17646900587755449,0.0,-2.144245171605533,26.351211715546413
0.3842786338018878,0.0,-2.164534247386229,25.796398296111022
1.2776017587332777,0.0,-0.3296074539519571,32.778440733275744
1.820494499293285,0.0,-3.0456641241965396,13.744149461285133
2.915186630728495,0.0,-4.158444706747103,7.597431495476513
0.20174100138316697,0.0,-4.799074636354178,7.81214631872848
0.7427308051306909,0.0,-4.575885939087796,8.599383116329761
1.3973011664256483,0.0,-4.002289572693719,10.500793617256164
1.5532724161706668,0.0,-3.848256917771075,10.87668353039956
1.6208305004750088,0.0,-2.358150427581589,18.11711143512005
1.8134389164541402,0.0,-3.354597910096839,12.406329901873448
0.14515573009062105,0.0,-0.6456134950809718,42.777299644574185
1.2280638570156803,0.0,-2.6053915571676307,18.73645231755745
1.1144948641041605,0.0,-0.11268461131501084,37.81569213378813
0.49891165222878514,0.0,-1.0110764988288934,38.454669924573636
1.0766035694508966,0.0,-4.600793497944605,8.284783883493333
1.5461022402527367,0.0,-3.437582717153836,12.800082456766148
3.4539377371085553,0.0,-3.874636449741854,7.421729204164649
1.2096393237977914,0.0,-1.9276211318634746,23.80147639336161
1.4210342671904244,0.0,-2.18218440679868,20.465521279715546
1.3667423068513147,0.0,-2.0197199322373227,21.941203560553788
1.609833209637435,0.0,-4.285999237187624,9.008496214158214
1.2595736098223433,0.0,-1.747262933184624,24.753577801859677
0.4162190300615119,0.0,-4.387316746291752,9.651546316857264
0.4536254481395629,3.3991015416387684,0.0,10.902367244495082
1.1738513344871513,1.4128901938741736,0.0,31.704238168273037
0.928136168364507,1.6864918253584178,0.0,31.2745517680126
1.1623797632095823,0.8437499999999999,0.0,35.81516238790354
2.815884286840284,0.43985072985658585,0.0,12.724944583695475
0.25194809443980165,2.4779967069153206,0.0,18.528224648628225
1.9357814152022852,0.23623651048494893,0.0,20.77387335486125
0.5002921719707494,1.6732964870264246,0.0,34.682874770353806
1.1571066337657965,0.4528294338999133,0.0,36.5104681914199
1.1490206020165177,1.624121715308863,0.0,28.798847353205815
0.8915779753737203,5.248679455754144,0.0,5.367505888683468
1.458350027967118,0.1610552719026463,0.0,28.72341294429546
0.18014283336161385,1.965458952933828,0.0,27.42160745755504
3.800206556339405,2.7467897279014886,0.0,6.740993180882839
2.3755653143530018,6.386145487365926,0.0,3.6162933383317863
3.6138063341801407,4.32152809321889,0.0,5.035049148684806
2.299456847259634,3.949729789647943,0.0,6.8133837864201325
2.1869473718945174,2.5035620679361346,0.0,11.517435302063461
3.8764500135188307,1.3643278801579117,0.0,7.98819376308461
0.9593759985569668,4.330827708663158,0.0,6.991951931795285
0.2976308918103948,2.823069821013917,0.0,14.785073049952928
0.5696979103653952,2.5659304200271538,0.0,16.740883294534086
0.601957603886846,2.186264699832752,0.0,21.96331279945332
0.9096584404064516,2.360933569359912,0.0,17.89101634073893
1.0127823545767396,2.8183376363625507,0.0,13.947985102933416
2.3073629146344556,0.31789527173560417,0.0,16.617435307503627
2.059113329290377,0.5864019818758924,0.0,18.5847288621421
1.7063408924490784,0.4908854138873696,0.0,23.71496491485817
1.805164436095572,0.860424230099163,0.0,21.58513371565502
2.106597353937485,0.9486757211193793,0.0,17.470082891019075
1.898264118146349,1.255415245662406,0.0,19.01258167437095
2.374370171057686,1.3671563578136317,0.0,13.966629510375384
1.5523639119686934,1.1155489059884718,0.0,25.260665336523573
1.5838024233010153,1.497126732253552,0.0,21.92007512638375
1.4939643663471207,0.771145824104429,0.0,27.207654489128856
1.3600774099351234,0.950882713464772,0.0,29.974555996508315
3.508855839514943,0.5840444082890716,0.0,9.602242693574027
1.4483330589502135,0.5166763229213438,0.0,28.805902971752545
1.293272946730576,0.6674215160312349,0.0,32.59017778617053
1.390516673230049,2.4847371477283717,0.0,14.480497675493922
0.8348379843468448,2.0420305784066164,0.0,23.610215341300147
1.1096715675585598,1.83703836723448,0.0,25.223265602240616
1.6917572276522783,4.7016945003078945,0.0,6.058323902514871
1.6248960729869242,3.1114709818553976,0.0,10.660246385249906
2.984547456864825,1.0457716109256763,0.0,11.053133064841603
0.16683147801184983,2.163142323688728,0.0,23.101073971945056
1.3891194523561583,1.3380860071890237,0.0,27.087150640623946
1.6629989893604789,0.1727767453176428,0.0,24.608237781451976
0.7012142827433174,1.672568700188744,0.0,34.00474448836718
0.6003684516461542,1.9019435804058435,0.0,28.04124921027963
0.3744865437024436,1.8450881343123238,0.0,30.301166924948717
0.2944524644591141,1.6554937137460062,0.0,36.02643908349563
1.152680571128136,0.26887244622769174,0.0,36.70512855301254
2.879405510072602,2.022323652096924,0.0,10.075363881987187
0.3777631140233765,2.054695830045223,0.0,25.210892158428123
1.8062950438594179,2.12400854727482,0.0,15.090478665826396
1.1667519520271612,1.0334804522441285,0.0,35.141995994144395
1.1623797632095823,1.21875,0.0,34.185818860551336
1.1302625828186554,2.099137858525915,0.0,20.266086696658334
0.16153224975214817,1.77796229266851,0.0,32.529985873002374
1.2733664847945616,0.14715501723254898,0.0,33.41624009133457
1.3330817514516313,0.34284221851180924,0.0,31.77994444903976
1.106732066197597,6.35172816840355,0.0,4.038823210550731
0.8044323002127611,1.8293812841452954,0.0,28.74532272897622
1.3261384978993436,1.131349615777279,0.0,30.19589707566948
1.521820944035704,0.3368471945081623,0.0,27.293663820774498
1.3128076026461473,1.5002445230831145,0.0,27.01014604950163
1.350018995792657,1.6968617811288722,0.0,23.68323294555458
1.2832367066538959,1.9071693180757234,0.0,22.013969428932427
1.9150050060383903,1.6946663562029798,0.0,16.887489191742986
0.6476110547249834,3.023827626449126,0.0,13.323363860736663
1.0556566352914478,3.4335021152297744,0.0,10.131835506859488
1.1368662423224005,0.6503357718669356,0.0,37.147027817470615
2.441312585437519,0.7842919455544616,0.0,15.068325579136626
1.5262285563494502,3.9054450191408336,0.0,7.703298940023757
3.6738956408148598,6.065877563755473,0.0,3.3443001720547443
0.9540758384639294,1.902349334360237,0.0,25.422336968841734
1.124395556107556,0.12421219120104918,0.0,37.54389197429214
1.564897876230221,1.8661607935462712,0.0,19.06393679170418
1.438002718151037,2.1138035639657913,0.0,17.73129695552717
0.13775536728621904,1.633911544582571,0.0,36.730143316017944
2.560177300842018,5.176983181643335,0.0,4.847855147550149
1.3064178394811654,0.8139262448941823,0.0,31.82966878105094
1.7160617959409328,5.604333095936891,0.0,4.55213976721538
2.7341197821222036,3.109234052109463,0.0,8.204397423072976
0.3687345626201792,2.2781796906305023,0.0,21.028296924530025
1.2229869680054075,1.7662977954369847,0.0,24.7271880542894
1.2937105668855806,0.5246784572929712,0.0,32.84217294616715
0.481460113111221,3.952388598432921,0.0,8.618277818462047
2.2324046205845227,1.942343396264898,0.0,12.916588950651658
2.5,7.5,-3.5240414685174146,2.9752085581410768
2.5,7.5,-1.474746876424108,2.712932779786314
1.2371995914194756,7.5,-2.499798057490254,3.0908644894984434
3.7628004085805244,7.5,-2.499798057490254,2.5505752791917473
3.7884012257415716,7.5,-3.7884012257415725,2.9266715626106645
1.2115987742584264,7.5,-1.211598774258427,2.979489725499292
1.2115987742584275,7.5,-3.7884012257415725,3.1847008746146344
3.788401225741572,7.5,-1.211598774258428,2.240290460797894
5.0,6.100413727510206,-2.552373566554687,3.0109722997742665
5.0,1.443375672974064,-2.499999999999999,5.907870507427049
5.0,4.84417887570054,-3.596566073270899,3.768900319134218
5.0,4.616915478061367,-1.7313385258669385,3.9008595041250373
5.0,2.9304964524253108,-3.4420115703623626,5.121062505529977
5.0,2.6916628943651455,-1.439507814604276,5.241350419751427
5.0,6.255819290793518,-3.8216508688093738,3.19475694567393
5.0,6.268465841114313,-1.190075751817659,2.696415547043273
5.0,1.2441807092064816,-1.1783491311906267,5.752101705463161
5.0,1.2441807092064834,-3.821650868809373,5.977883775069444
1.6967648131722393,1.8063503510884846,-2.0218990035262636,14.974791539158446
1.0856368801376537,1.0312499999999993,-1.5303455653037914,26.307138738781646
1.3633672203419005,1.371386404132492,-3.3126461512027636,12.457487523573576
0.9000000000000001,1.8893859051842654,-1.3108196609387266,22.397521445456363
0.9663407573893742,1.0250020530872785,-2.4953727147368836,19.16580084691688
1.8462925369005871,1.03125,-0.9441271561755902,19.253476130903465
0.9403500523396635,1.9522698353515455,-2.6934728142997333,14.455349774842006
0.9186671324214998,1.6596995739471048,-4.0790789907761775,9.402330851070985
1.4254175660067292,0.9046608401298291,-4.090676351639402,9.673671669662667
0.7643882350242894,1.5839498557024414,-2.005044232900295,21.06559114274259
1.502069104440824,3.2648275595618994,-1.6035922406168106,9.618300688665471
0.8050542586863779,0.7929390203141132,-3.2505569456386665,15.134257949392321
0.6683472532302553,0.6606008730631848,-1.162045666687915,35.42012693590155
1.3000308977912214,0.65625,-1.0577712057597535,29.110142706616358
0.627140632493681,1.290539568160739,-1.1277259505856962,33.47307236046302
1.2280981157600983,1.40625,-1.0637498785858468,26.78968745034038
1.4082296249095685,2.0951436779936343,-0.7696127956839385,17.317209179984445
0.8613595150339158,2.4547865779472064,-1.9795778783330664,14.527521034347245
2.3498821666290626,2.857892581891094,-3.306673182737136,7.681159754637093
0.6807257572075279,0.6852449233574549,-1.967957970631096,25.971498127147385
1.359764516939602,0.6834162797667186,-2.051888527415266,21.055226638301633
1.7186001339077601,0.8128531663674387,-2.798321720987821,14.733831803456411
0.727311967572017,1.7437593475683508,-3.369972928002971,12.494100045737412
0.7000000000000001,2.1681790864608406,-0.6965238907369964,21.121847362547697
2.4758519183054757,1.1593284907759203,-3.628191853330106,9.017317969682978
0.7143775988216098,0.9729447397923441,-3.95011037705686,11.112817520308653
0.9513236382592919,2.6073471984113477,-3.7972493982466418,8.692573557643783
1.2613561914059428,1.2662162227988851,-2.0434966095482174,19.891483090110484
1.4237874990269053,1.48887585004353,-2.6550217485539127,14.892009489566817
1.5715184238528115,0.5713269521371284,-0.5585498984873657,25.063438311333243
0.5566687645981319,1.1713357956556445,-1.677075773399533,27.63693566996963
0.6244123006929159,1.4277542711715936,-2.836241979963884,16.578328248302228
0.5922928256114646,0.6017261824530248,-2.710720844681061,19.713483380407894
1.2229503419462402,1.5522219140974152,-1.585233436522856,21.5064791719675
1.411358218906706,0.6485466472170256,-3.478583526781281,12.65869951881993
1.046093449426163,0.5116146402235081,-1.4910442897631004,28.723161295387882
1.5419588018744734,0.732958500355195,-1.5403627030593707,22.29232463113655
2.0261361794056043,1.0955125607910339,-2.038538946013547,15.339956200848803
1.4777250527346202,1.40625,-0.47451300617593295,24.148824618740264
1.3917713820525268,1.03125,-0.7670236048901959,27.642878875262085
1.3007632355537206,1.787726183869263,-0.41673655712016056,23.02701490529418
0.5,1.742938975604266,-0.9347840701407283,29.912837286426708
1.1722925178947778,0.583706377850457,-2.834222123080807,17.058473594557228
0.9676414812179266,1.03125,-0.9519294131543181,35.002436600930935
0.5024776583443178,1.798115711882475,-1.6205592448672173,23.056610473687527
0.5330034104006312,1.1488403459817451,-2.20968253569198,22.532344225667742
0.9483670182960631,0.46875,-0.9093881216042692,36.84977403236721
0.966535205377784,0.6125350019182855,-4.384748567848872,9.128103088633367
1.5303304853378725,1.208913656591505,-1.4031682268573138,21.432098231378575
1.687234328685352,1.7927870037148714,-1.2412812348532785,16.966974658224387
3.2742301247131813,2.095648098531812,-1.6071284011085272,8.681678929283521
0.9765372196124648,0.5271041424537806,-2.3601158371898103,21.353704516065335
1.9596210879872618,5.162922811052256,-2.0348979722146487,4.933926636170526
0.9510345524748826,1.7218118935012074,-0.8925138948997637,28.026548598804936
1.0208340259902597,1.1853567831259146,-4.38834740040776,8.667161250092192
0.5229480809509189,1.757604970253782,-2.439078565907477,17.799702758234105
0.5441944495999854,1.2284422125616763,-3.483495118184232,13.343452758223009
0.9512725026291414,2.934837024100134,-2.849813791141509,10.082664288605258
0.933668536795562,0.5365471568879754,-3.7120141554029695,12.481333062489682
0.9555529602708749,1.5181368929897414,-2.456624229940353,17.640120105292425
1.258186255029616,1.0798708342129544,-2.9088180961318297,15.339936389221066
0.47945283988828263,0.9546546438394768,-0.9113456814062872,38.893239794395015
0.5463070817285238,1.4710822030883484,-4.448067963767756,8.44783021758235
0.5997247328021924,2.081098623426905,-4.393214296313024,7.8916101320106975
0.4107040122464348,0.45324366107791086,-0.9050862207123505,39.75440744905589
1.1453663253184976,1.2598174724238569,-3.79458368170637,10.914242712792742
1.573627061342633,1.5540269219965317,-4.235909658800006,8.348638153159328
1.425606750876987,1.8884839518257948,-3.725650521291555,9.685486685512217
1.4733050261788196,1.989812729248387,-3.091150297733827,11.48983693847336
1.7221641255468056,1.2699244385599937,-3.754645227652534,10.0666997206975
0.48051379774276537,0.48372182139772535,-1.5737675263851592,31.51089491795605
0.5516972309050046,2.012688584812729,-3.834597419941575,10.020942989679128
0.492883620989338,1.9062767391944102,-2.9187490785158268,14.433352700560278
0.47111338541346043,2.114444762892618,-1.250109271349773,21.4656924334827
0.7952755311224711,1.494721641706576,-1.4835293762558002,26.1090002216109
0.5347921700401929,2.261680966966115,-3.340758184925654,11.382028334503701
1.0682185381411347,1.57642133074163,-2.980076918218867,14.191081353753532
0.5545881279476879,0.9401354452203391,-4.455500476735885,8.884856238561582
1.0536577126349618,2.687035899189522,-1.2198298943289132,14.098000967370012
0.5115811996349624,0.5025092070678504,-4.049990434455564,11.144324942599468
0.41837145526949227,0.9605526812491905,-1.3332518629932286,33.42494079476418
0.8983421559101236,1.0592584816322754,-1.9221121869912667,24.010724082686863
0.471035415656109,0.9907608946335478,-2.966422278982563,17.23247994450105
0.47969413679095724,1.5203630354828914,-3.884323679785763,10.81507585766812
1.3579205423619354,0.4650702840820598,-3.9135508788533357,10.82778814395499
1.9639644110487877,0.6720447224595779,-3.815848406262065,9.97545791260626
1.576563406378587,0.5051983150708198,-4.377554852014258,8.594745419917501
1.1629313636016994,1.967389101865857,-2.1632615622514617,16.036248740607277
1.3607911289545203,2.1439956480344087,-1.6157325045769806,15.776748733765942
0.9129210656211153,1.9576521668072318,-1.7709272145993267,19.015719475988163
0.5405363694568363,1.984106620262585,-2.0393307528522815,18.682021228954937
0.49032125265219395,0.4875792654179667,-3.488494478687927,14.432402393865289
0.4020503494794792,1.9140633203750848,-0.41593529753172137,27.632293198887766
1.0307259261329527,0.4284880488015147,-1.919554411512098,24.838125838938595
0.7393009658799369,0.8051643844357557,-1.5432228666902883,29.83813182664744
0.5449249355911197,2.336895325005655,-2.5038479677751715,14.267374638646515
0.4285985293318285,0.7370372105720433,-2.3251049299883984,23.167004159583968
0.9564971098988719,1.8344850600692517,-0.41673655712016056,26.82456320096199
0.39658254447195457,1.581548813038028,-1.2932547836681811,29.1827713473767
1.2791268881055642,1.590168564036056,-0.7378729645837658,26.30690633650741
0.38674709061414375,1.3936757722531157,-0.8592216628743312,37.461173484982
1.3705770652664997,0.9290187235570972,-0.39664349176432667,29.10249757746101
1.314673619758497,0.7709977347722627,-2.4722287689867146,18.378284150261663
0.9342083246603711,1.2307287320937879,-3.246340459057223,14.057704298784813
1.4121608660208411,0.39428179043259537,-1.3512321351871608,25.66053348105561
1.432025450824435,1.988425636712573,-2.5888671542920934,13.374029388102315
2.430735652761356,1.7404373797178285,-2.7603138622356456,10.350651232744667
1.3035794909883622,1.033370382459493,-1.1436118148449788,27.14607683737657
0.9423725058479779,1.3695672218711494,-0.8460271153049925,35.06006142672021
0.3924209321314816,1.4924855198035072,-1.86638393734442,24.097419141157474
0.576379496824597,2.239988593365467,-1.6700095583771326,18.46575786104117
1.0858176045441488,0.44576567136848,-3.249977072185268,14.889226912732767
0.5356274504478186,0.47145757209781,-4.5221296964950115,8.848244234589913
1.4058300824938126,0.40145376231501606,-1.759743902079398,23.025847503296745
1.295544744885167,0.3728233599122069,-0.7564577269787638,31.6159976590244
1.693650074729792,0.4313959659264783,-0.9794258502529634,23.071981676583448
0.420152110345843,0.4256888880559309,-3.066264137771515,17.565228222387645
1.307051221766918,2.204041636839668,-4.305524445594073,7.582045928458001
1.3148376383111922,1.6019156649706825,-2.274931647008306,16.792923788781223
1.0074690451149693,0.7995363155718107,-1.24504814729881,31.176893859509647
0.38410599479271984,0.8239710435791356,-1.7482394479711867,28.994506473187357
1.4175916191799862,1.0480753089463013,-1.7494252340732313,21.378455747959862
0.7000000000000001,1.7990126528344446,-0.6526882968920467,29.37265425163713
1.1684313845640657,1.6432002456242691,-4.506536415926746,7.7048290367751235
1.508105747330442,0.4347719687770404,-3.0944094424805844,14.477578331830784
1.618306633266047,2.461809426064671,-2.149299008075071,11.8348287004454
1.2637048918750067,0.7143973708748927,-0.7196255325577672,31.668779194226545
1.1568771558824,1.7443824998561148,-3.3654030377510455,11.762392793540641
1.4966684215905506,1.15245736448109,-4.509979801184105,7.863283102544074
1.3350381237783715,1.1699628188089402,-2.426842439417708,17.513097621097216
1.5921771996448073,1.023551042212885,-2.129818154513638,17.945448848995852
1.6909038549133282,1.3950316821501496,-2.3280763868228656,15.364683777480082
0.9658299650631396,1.2371928079502772,-1.2535424119266358,29.49878612598883
1.7776855558851274,0.5907583483809091,-2.3377387711920736,16.813431704381856
0.39719186239008336,0.4050353200100864,-2.0797560571506275,26.360206746657553
0.8013032623204629,0.7630757814560605,-0.8287624793512406,39.38534214450681
0.5761500129941975,1.0066444022083236,-2.580929779346518,19.882301572629217
0.7593027717873247,0.34546597114116423,-1.3299969079505636,33.29215196046053
0.9566508960990538,1.9015984089695963,-3.71884340469284,10.337239914110597
1.2536737159857139,2.2228730175773928,-3.4757996991902673,10.072157516154164
1.1065228030826955,0.9444735795779609,-3.51071849180247,12.796930930791774
0.8473472976944182,0.8822217009489832,-2.856554546986132,17.451338696649998
1.6807498620364245,1.7630494850324117,-0.6492213190324007,17.87654943619421
2.519914785076064,2.2480812648619675,-0.9124809543966615,10.477994385283864
0.8075351400817211,2.004690784743026,-2.3271715478869885,16.338877006713886
1.1236820458444134,2.322052761247968,-2.4689389525771075,13.155271023016638
1.134482036752218,1.6566694792250956,-1.9422546686819933,19.15170660435666
0.3559352578498807,0.3504131159330412,-1.254170284134858,35.906564606266926
1.304954556595431,0.37900243604137995,-2.5230409370565665,18.717838062802997
0.4055640016229647,1.5760634211082782,-3.160958226558807,14.424915193200519
0.3933115141706201,1.381632563748815,-2.5084614333135504,19.423130642188397
1.1370051452283265,0.7469699233477092,-1.762554627242973,24.744248432258814
0.742747078592331,1.6194224665977641,-1.1539508682879993,28.50692733558148
0.4132085105028373,0.8668019590571555,-3.6675417358331392,13.01690803135915
1.341027703911604,0.34924355585421457,-0.40530989770889325,30.833116603005635
1.7024995826324592,1.262299253919655,-2.982232265120281,13.083534319645906
0.38778574218147643,0.37748392571690115,-2.467556418778568,22.656964794740844
0.8068621946204979,0.3818896156422332,-2.968785013162659,17.508894868706733
1.1049008064821053,0.3366994690729067,-1.193436816371598,31.27193695732342
0.9388840277278605,1.936863073691315,-3.09219016930175,12.8193897281119
1.8083183918815828,1.682645945822081,-3.4011765809811254,10.458519632694134
2.052048744020116,2.1585406333187773,-4.003299123748318,7.685019230685981
0.9704292343038317,1.3813585716650845,-1.777396218555743,23.16013847033517
0.33563448146576336,0.7164451913073502,-1.1092702951414837,37.222287373056645
0.7514602744209592,0.3479462090114612,-2.137884095832985,24.589228579066713
0.3171772497186427,1.7515606864198132,-0.675251697469577,31.671763065614698
1.0519492523818403,0.8442612107697325,-2.1827308046536147,21.65201215383138
0.8208111102039845,1.4722463648195887,-3.662352504477936,11.602362329910761
0.6645081645764026,1.2041734515044542,-0.8169996274004789,39.198342918317195
0.41896739833070096,1.1983328069781094,-4.150362662884016,10.090068792807216
0.7844352298542401,0.3401180975021861,-1.682283294487503,29.046025337898755
1.4131407085231615,0.9807409533094127,-3.260850040075762,13.258822724680527
1.8473926333415258,0.7468963521923383,-3.269917351339812,12.336045325313648
0.6846818975885913,0.30865552017129555,-0.8131477426019187,40.23249684822875
1.3206041701372695,0.33859233833571595,-2.0927477190637496,21.54902484906947
0.3162049435486603,1.1749795267268142,-1.1000473069221934,35.774000210585086
1.0518186923521768,1.5891342134760722,-1.285797268137826,25.150616352686797
1.275208071926453,1.7702012280723447,-1.0576999932380624,21.925496485539128
1.1366719863063408,1.8703141451296392,-0.6785518239641493,23.709420805869485
1.048183829124268,2.0985882519071737,-0.9992604234358626,19.91483536273003
1.180454141605415,2.1926639148966642,-0.4089536669141527,18.44362928485117
2.168467832544755,1.1780261718611984,-4.294052709246492,7.761706920386075
1.2602851423431134,1.4183717531331432,-0.3083304993868133,29.863082362223423
0.32843809690174214,1.2764475457595978,-1.440101652171591,30.389821592009895
0.9652278788564383,1.293713710222111,-2.7566265314715737,16.649429463774084
0.7305623575996524,0.9848438992129906,-1.2156667551735119,33.488874809435714
0.8617095888611578,1.2931656259950117,-2.192515146147202,20.901806429019103
0.3772935795301127,1.7388424167958043,-3.5646248860063423,11.925267843114199
1.2161800448834006,1.2851376312788962,-0.7230333561614657,31.238565063322937
1.57584216318526,1.3641763796162905,-0.8486658080541385,22.099377249628645
2.022260929941703,1.3493306428984382,-0.5276213824680678,16.56142789482118
2.2020115112402534,0.618543106482976,-0.6179178862520478,16.600508613212725
0.8731130141816241,2.068805644409724,-4.085653077264812,8.769497925774516
1.3375697044311032,3.92546102045009,-3.7225289701085824,6.012364582315712
1.3053586767833414,0.6403070262768187,-0.30764740446221006,31.789841603016896
1.0530120865358417,0.7657735490023695,-4.021753231894258,10.577223288205573
0.37118631778658706,0.797751833301288,-3.2879651578848703,15.51352076066101
0.3233742503790488,1.1455482716253458,-1.9329248146238627,25.740207092797846
1.61485839660914,1.4474243058360436,-1.7703166382319444,17.87405780089577
2.184021301563347,1.372579117005375,-1.4171245782596584,14.731848055684651
0.4079030414575709,1.7709489665250695,-4.202673782742843,9.117554323412605
1.3774908740628957,1.575896846756393,-1.2989347920130425,21.57489786653798
1.2203653063380693,1.8524888938238167,-1.4228303329069474,19.94798222461378
0.3385513825538551,1.7109650379910348,-2.140108641026112,20.412668278680286
1.3115202988288464,0.7724819715000715,-4.583366114483285,7.971288617810785
0.6699040753289499,1.5160659714097466,-0.8038649130168344,36.28932442051516
0.7454999070579049,1.9121139298875216,-1.0370340163325973,24.727289350096527
1.5304509356692737,1.7469023453631607,-1.5814795078335004,17.65404054648627
0.30515070472682965,0.7244581774593815,-0.8022030504650997,40.82423354905282
1.0032388221514958,0.37426058883974367,-4.067992999036661,10.654775319685427
0.9806969333355599,0.340146229618362,-2.6615636646780834,19.281933988630612
0.331021401412306,1.659141636571042,-2.7213849118507367,16.819037203216453
0.33359837659558544,1.9961167399581627,-2.617102476246577,15.801374264548002
1.3839978579020444,0.30296221263844736,-1.0508420170901245,28.10382333980928
0.7324706204072711,0.8858821805936161,-2.291474450698482,22.189591756078954
1.1353952725341596,0.8096294339294742,-3.110845400005501,15.126393554587509
1.2187974384799043,1.4179546495186446,-4.1444258205373545,9.199468105867226
1.2890877796848588,1.8140230134871813,-4.117748879363301,8.692652853139379
1.7655778830643762,0.6121206961313564,-1.8989163981875126,18.67826288460074
0.7856138166450963,1.7738573892273106,-4.602840426468156,7.483475950181429
0.7819785437167341,1.3070585719928394,-4.118641339723033,9.846290156459332
1.2001714354274697,0.379306709052505,-4.608860941665028,8.10666509569998
1.2735491374779233,1.1846992735898743,-0.46576705004164143,31.12810637771713
1.5625939223945096,1.1207119805195425,-0.5326503029967541,23.983243505015707
0.3167470655999485,0.31143097077984533,-1.7859797011387717,29.826040046603367
0.25590901481832456,0.268239621717692,-0.7626738044428889,41.506938569264776
1.1157419497685024,1.7162150055806484,-0.25020967136048167,28.301446105210516
0.7711087883577264,0.8446704007418688,-3.6086399097673207,13.00776827792697
1.4245794617864218,2.1451611028139994,-1.1915890155267628,16.274038106243097
0.63041004114302,2.7911772230221015,-0.5912883224618212,14.566020121476157
0.5524415777118324,1.4777299321881099,-2.2352527966203297,20.689810613433878
1.277171693107717,0.692162939574137,-1.3715549786209,26.801403372054835
1.5458579987084886,0.8159994008872534,-1.2171759138769653,23.69958056381512
2.134802068267817,0.6617389777711082,-1.3569304883546485,16.91777224680419
0.3583922736742108,0.8451125016471895,-4.0383569853168915,11.041431599187462
1.2246337731395016,0.3409946047641263,-3.5812631764069134,12.804142424656305
0.35269351211552935,1.1967515317839192,-4.642673237372526,7.987747432405456
1.121817595914767,1.8076120946547845,-2.453486701757279,15.72026833331907
0.7940971811613572,1.123940158600948,-1.484552308469693,28.88515741757263
0.32129593043750804,0.8145709802558532,-2.7109277221286474,19.812085707032736
1.2274167014948163,1.2871455506269651,-1.4184269842349775,24.574915892519613
1.1853274306489034,4.1014067329796635,-2.4736400847468962,7.1092475981875225
0.757129106782815,0.3334968431662425,-3.3153348990796476,15.333039133142364
0.7403188178404854,1.2111312187733365,-4.634732468561809,7.874532803475432
0.7127344636135259,1.2945156982956727,-2.4888424369234263,19.153491923286367
0.6032638186624555,1.2613598895345146,-3.141667335883624,15.184800365164278
0.6129554790147436,2.708504551558319,-4.42658115684354,6.9661385373779865
0.9731028512955529,1.7331849757800546,-1.5672418485539266,22.076656937411997
0.5617333301614251,0.27356496456742746,-1.0698371954399457,37.51724006251155
0.5004725413018387,1.4955508316345048,-1.5689750605422312,26.572435308189
0.43716627494459737,1.9091370984910205,-3.2645028344903295,12.815725924258544
0.7164192835987012,0.3545121791822396,-2.4653919698154354,21.762930883100694
0.2891088753812384,1.1318446045175174,-0.7849299889731554,40.35247546508583
0.3281127204715743,0.33862525971162033,-3.794462902207273,12.806817422607566
0.30449081581192367,0.8521307350084554,-2.0553227233310167,25.73876640889401
1.3937671780800402,1.1384586118838904,-3.5756628391694933,11.63550375664505
1.118830796562829,1.03125,-0.7259076051407468,35.45535262450562
0.5931286848207866,0.9843250595129641,-1.9270606259767151,25.76228482841185
0.6476962590736327,1.2946245096570792,-1.953631897223696,23.728649764560743
0.7537145879232262,1.6798417910122438,-2.664056090896736,16.328189687629646
0.42320353899083163,2.3415976620007553,-0.4198327672856139,19.446215432354336
0.3460185048739091,1.2013827807764639,-3.783218264633563,11.95419869428153
1.3563783596258587,1.3977195436423366,-2.9746256648662843,13.904210467429493
0.3064317296481939,0.6842798645660023,-1.4154059885933572,33.54269803613579
0.9388493355803882,0.25300609905388216,-0.75184438377221,39.94304540377837
0.6680506769313141,1.7954859231090061,-0.3573687880290032,30.27380894870214
0.32334988894041533,2.031839233658338,-0.8745168348467676,24.501795458550447
0.7201481714783297,1.6840080839703777,-3.036397962698959,14.335438072699958
0.39312566609469046,1.8026934948254654,-4.594742600920864,7.62514773596908
0.3115875127245469,1.1439528499750087,-2.721852041040082,18.842036778450023
2.177067400643446,0.5567639794723689,-4.431420791158619,7.662846795671044
1.137886189168387,0.28492494049580813,-1.6729542115325347,26.415300079487963
1.0709510574974104,0.7655142940551396,-0.9251460907107097,34.41464230540302
0.35272968959294615,1.9885958949236446,-2.29804126074655,17.584434506763955
1.198609641681511,1.861857323806027,-1.7264885788932518,18.57576968140509
1.3010783607406176,0.8096356721583015,-3.7735031133383052,11.320568255960438
0.3561089870945928,2.1246945528295975,-4.1232585460525115,8.890639420487304
1.5847400500766178,0.7503946572526778,-0.8673512683558752,24.12179479365841
1.756653581422545,0.3921453463809739,-1.5609762065059156,20.592115433872266
0.31210294378242925,1.858325058445624,-1.8635374632035513,21.22443339345338
3.1426878634632596,3.8252047203967194,-2.0319529340869638,5.622074392985041
1.9520707611344934,2.159800408724814,-1.622155857190848,12.590970292612553
0.3158157828244468,1.022462671749944,-2.4018817577646487,21.86207432934154
0.836855551193025,0.738499377330275,-2.555838642206008,19.99032121019792
0.9580673860445632,0.9007885416651591,-4.630644919527272,7.962913940998618
1.1936339453891804,0.9838379521300269,-1.9475374889237904,22.077425555673557
0.9659881701690113,1.727407276143942,-2.1952511348245145,18.097591371931543
0.7301293801000134,2.2828170939749057,-2.9051315155058135,12.67100685762935
1.3774875229386685,1.4514946400223714,-3.6156620007602873,10.982758965551795
0.4431214459712465,2.5035878763446795,-0.9495896751763391,17.1212819489362
1.3562499866484554,0.9713392754635317,-1.4277371368073177,24.562844597545137
0.5402922539480716,1.8127567374913733,-1.2083250378974364,25.98762066632716
0.30291819586308455,1.853411988281472,-1.3961059196865666,24.733496302181578
0.2821727442642959,1.5909411695693614,-1.0339930461278697,32.26554033911725
0.8451135977333637,0.3373092627315062,-4.646506546985633,8.203825304132096
0.8662738215513665,0.6214847941881292,-1.7422093022989946,27.438552606065798
1.2441962552676658,1.2861524314580988,-1.7145372661942635,22.074391916141224
1.7458256572324684,1.1723019073537708,-4.166987947735776,8.699795002717309
0.28590910797854835,0.3487752844937735,-2.760071845643136,20.245518519098454
0.5976064902849982,0.5914419388566392,-0.756085636654926,41.07334406478907
0.8115425718835932,3.5259244176554496,-1.0564570462338096,9.77520295962961
1.4641960813726966,1.22243182527396,-0.2530197848232289,25.73982832418028
0.5955676123318794,0.695694103599622,-3.0218556036349424,17.240495580441916
0.6462720813678999,1.9993447025757904,-2.595857704964803,15.427781662841852
0.2750311725310931,1.8699353725875656,-1.108952648638107,26.559137569628916
0.31334863087724346,1.1214145897764598,-3.230083989295289,15.338479645457284
0.7369956927107306,1.6546927920360248,-1.7220128522720588,22.894679966284144
0.31498320849665823,1.4019560068770425,-2.909455130733139,16.58347987598978
1.5183453256295252,0.3351537433008889,-3.4161677944493807,12.896222753629132
0.28000730394130485,1.0796286270220468,-1.6511484823596587,29.205255929083933
0.6620803846679775,0.3357620001928964,-3.73788229454191,12.84422470811063
0.840976649675287,0.2701224043757128,-1.07376107101297,35.83642725505308
1.1350732725348371,0.8699178259763773,-2.710216542182567,17.50561765342303
1.2345751250605785,2.1654854904361542,-3.892750282312383,8.931352072057024
0.7771697442405178,2.140581863704705,-0.3437242649637536,21.34077313945275
0.29670290576985053,1.3320058662672862,-2.1686988641326947,22.59261143824949
0.9207734490777078,0.5444737528747046,-1.175647408705314,33.45964929205738
1.0760052888295517,1.4391956334039886,-3.45753339869847,12.24281835772527
1.0982099388904516,1.6063996737525248,-3.798881194620109,10.411625711484476
0.8602913012108677,1.159741857822764,-3.56097186759162,12.624586930956667
0.3465176440215272,0.3173443737385667,-4.283922352875634,10.114624937949003
1.707819573230538,1.2066268009941383,-3.3633281764092193,11.676931500928305
0.6994430697727121,0.7449459303245846,-4.20960750278202,10.03955303134154
1.3527611433813527,0.31484190410084656,-2.836827126159427,16.582003752744328
0.5686307061465748,0.4429614710772328,-1.847912147039836,28.184203356107815
1.7260236760461107,0.8398137350197413,-0.3591863173874229,22.22002065462317
1.2758541937510381,0.5937077292766514,-4.226346860117566,9.501856813472983
1.7258008256428579,0.8180539648063102,-4.610566814526883,7.491533238967577
0.27507085339305104,0.5861146772673135,-1.8826855377018195,28.417601365931375
0.2661074968616611,1.638354476896733,-1.6536480904123851,25.02257240005119
0.48553505316267753,1.9635343853052138,-0.6687251563555658,25.954703137407392
0.8000837884246261,2.2016143310167804,-1.2116935318165947,19.547359931518344
1.2281586317452307,0.22114045081523853,-0.23483980278757732,34.42931383334823
1.139677919237838,1.0871567343822397,-4.0863482126502335,9.886674681979486
1.141843754352938,1.606103404254757,-2.68382914556957,15.380339442010353
0.8812769964160758,1.5031345697806469,-4.381898930805519,8.487091365402023
1.1341107478181482,0.2554878869922875,-0.9378974360383386,33.7398288466388
1.5141460518394543,1.3583501698651461,-1.1428266393761004,22.097336250407352
0.24796835360359085,1.746866726699228,-0.2517812757632133,33.08091789749355
0.2644077448614931,0.27037997195263797,-1.5103365408174512,33.13390665904382
1.2488862388267696,0.5451684996514183,-0.5338044418843786,33.08607867248159
1.1007612976186247,1.1283375452022402,-2.2505825590214896,19.960228363242578
1.561141449115415,0.49582224312769085,-0.27269363675189456,25.817169448477813
0.32363899305422006,0.6956310636872811,-4.354286758337098,9.596499361677445
1.410530882747788,0.990140857061395,-2.6608021740370797,16.282473766478688
1.4264600748910643,1.218488680603306,-3.9726328451841884,9.811179384838766
0.685719701924834,0.5929571127333544,-2.2916326013762593,23.02807156361618
0.7516753418492417,1.903870663722932,-1.5481354583662679,21.545402802482897
0.7227356882858018,0.3344991651110732,-4.265889645542128,9.99165790241588
0.9421957255042214,1.9765767952085416,-3.408901883491981,11.349442597725385
1.688243911318257,4.287094626945909,-1.0848436414915783,6.521175779430166
0.9380368452064609,1.7066043259062553,-0.6375016140360998,32.066157701999714
0.8994493374527652,1.9618283211181815,-0.6339238708773189,24.107192281994628
0.6000300025493147,1.3008453378953055,-1.4015865588231913,29.803944107543515
0.8260437555556962,1.9334515018948122,-2.046608246334993,18.166701467199573
0.2867473428155525,0.6963319495888067,-2.995354514401215,17.83646244167491
1.3817513902886391,1.212989592715037,-0.9622805230933276,26.33207276530453
1.5850172003935823,1.0816581793349886,-1.116294214644003,22.656044647502313
1.528330330514401,1.5296285305965538,-4.629473019567475,7.193035474472822
1.4751202308236424,1.853000040043215,-4.443251172346628,7.437105708323088
2.001423164373702,1.7511658889689397,-4.497512353564533,6.91578001910969
0.2853921458637223,0.32154361428369405,-3.3254067546850847,15.881392653937468
0.5846254273619746,0.29864177627107485,-2.733632063278346,19.97365619777193
0.9777752111948731,1.8692362193747563,-4.339645896775821,8.14737603536733
1.1774182765826569,2.0120853320395873,-4.65046701043619,6.912954298988126
0.5283982059018771,0.24911440348548236,-1.441079057037082,33.14492525906962
1.0883875091864033,1.468134854432136,-2.1559468343606647,19.185014419157824
0.9953850922601151,0.2520085738518195,-1.4275885572851925,30.072201519871015
0.6734461141720258,1.7557056963889672,-3.6854997651726036,11.095304145953918
1.2586130912150693,0.5458670104663157,-2.2883560629213235,20.30863550640501
1.1303616143897002,0.2834476993269833,-2.3083361685679105,21.256616943104888
0.31376514979452685,1.4486981551229456,-3.4415330281158285,13.30915403078754
0.9706147128449303,2.161094393642387,-1.5038227052723738,18.106445101689644
0.3051445929695509,0.24103519820536815,-1.01999791327377,38.722660702832144
3.6290126795387567,2.1205227147317425,-3.5821768456753977,6.541447197959201
0.8888776710139374,1.120030480340756,-0.7200496780814314,40.111122641037895
1.4849562790030508,5.434507155369883,-3.4712240096649074,4.359447798427766
0.30325651802609965,1.799757727375252,-3.880870659078342,10.428349881160386
0.24490218832885824,2.0663521981506308,-0.24825543638557976,24.56366057522456
0.9919400907632501,0.65625,-0.7235426795429085,39.770358210306966
0.35692569983234945,2.1695893870504763,-4.665520227241419,7.024969457880644
1.217833752315908,1.3220993201026072,-4.6506713898081955,7.479349029816262
0.2353670663631925,1.9872180480464408,-0.601687842373077,26.004107196661778
0.7123145501962969,1.143937325574043,-2.8082456999756893,17.41753713951769
0.9340254971762978,1.4472033902372912,-1.0976589440223252,30.1582892297383
1.6612094139282754,1.6643659473132482,-2.9350605567921666,12.420672194834992
3.016872467806052,0.9868077951992128,-1.044324885664766,10.735215089816563
0.30210021540304766,0.3140473190591895,-4.692923301138722,8.214916910120934
0.326239103962511,0.8090005663890367,-4.683908307318807,8.083028365069993
1.6239033165986287,1.6841822282427041,-0.3026040987197735,19.7826458323392
1.2471442031470552,1.081276700808146,-0.23572405839545008,32.76569056640224
1.5337872964069381,0.2889573229029074,-0.6136368770354862,26.1688672388386
1.8785458685363614,0.3600679159741117,-0.45011712766673323,20.79184357719967
0.2674324457901046,1.6231712710418267,-2.40765733620165,19.115251620909163
0.734228586932184,1.4361268805690799,-3.3587311080959257,13.317061037643128
1.548201876865864,1.6319029398078768,-3.8638340832331317,9.487872694759801
1.36400265620951,0.8037556556607515,-2.8866833998991193,15.615927974968628
1.448568973340877,0.5729138269657486,-2.707904557454864,16.657345889934362
1.0044139786194743,0.7759739279731375,-1.5124763121367726,28.288807158593016
1.2166116433900676,1.8757898994923397,-2.8881914474588077,13.279051453798019
1.3369112578474933,1.6839382427395744,-3.110857490031732,12.613934124987935
1.1713815561793384,2.3118224057677943,-2.996268037950496,11.476169594811637
1.4969547051931287,1.64704870018248,-3.3819213451315453,11.250720960125847
1.491518874138425,0.8253368006401052,-0.6182460670062937,26.334341308822673
1.5390138124360246,0.33295183355916047,-4.678858237196187,7.608843880116211
1.4163918216408238,0.7693808984220802,-1.7897749189495653,22.050356596524267
0.645503241712186,1.766193029257809,-2.184906857351633,19.03168625002874
0.6542298934983594,1.2607534610619746,-3.8305106312380706,11.360115946527003
0.671370202457752,0.5814310107333658,-1.4161141991243553,32.43129897804957
0.9178626065480546,0.6122673617051395,-2.0991853096600286,23.657304062628754
3.2536343676420385,5.852216191233158,-3.154469604974354,3.783762432859504
0.6027034181050202,0.6423207073493022,-3.782351080627192,12.445418172991168
0.5261132342233718,1.5103393399965386,-1.0409314564652035,32.92106358971009
1.2342274540071816,1.5680226311025232,-0.49915999334818356,27.995915464726323
1.4132734658104276,1.5307039038038244,-1.9901129725912987,17.88766374393572
1.3843838802951631,1.8430557743714355,-1.9787993614639665,16.5879520405409
0.5444915722331288,1.7179441411490421,-1.9081356833518317,21.49320453910471
0.22359138854396388,1.5360965542178469,-0.739760155013834,38.18580247320426
0.9926862464501347,0.9839654403091082,-3.8021713245896,11.50003547883452
1.0944904360973629,0.2994281166314961,-2.988396107293639,16.634612208758853
0.6799772872764489,0.7268760608623182,-4.675470983166413,8.021168636257045
1.587505098918264,2.0922021572068097,-0.39086838482352254,16.35328295143134
0.9824950026647561,1.308836642593763,-1.5212307555140718,25.87106341495499
0.6431043952004465,1.9545531128940437,-1.790717246702713,20.07310121254153
1.2443194105676214,1.2636333929055603,-2.6854213076314144,16.171337772442
1.0028552461876798,0.6654636626159665,-3.4444793954187163,13.720925798343558
0.2291619255906664,0.5028008733858558,-0.7222367982473255,41.86714832776448
1.1326218354429416,0.8860725810535921,-4.33930656239711,9.00634789231384
0.5,1.7192065678268345,-0.5203495463978425,33.26137969669324
0.7063567377972464,0.5068466909238136,-0.9665812895226493,37.987979935406344
0.5923970002067998,1.0013765639189203,-3.292355950770727,14.871778574453117
1.2737535718535788,0.5772515522090289,-1.610901577869206,25.220204600233558
1.4291469459267212,1.5636635186647514,-0.9652392944821163,22.429961021884253
1.2078680230136427,0.84375,-0.5366238284277578,34.298659754140914
1.7975116631617423,2.527535459660287,-2.810181033472192,10.248852563015078
0.6438251750591935,1.7003061866025346,-1.4219398592614225,25.35877155839958
0.7006385437564492,1.392033712538377,-1.7092998033723559,25.153859007730574
0.7257379611647431,0.9614670014610045,-0.9647075805802873,37.3525461580318
1.2941436267229207,0.8806316119524992,-0.9436353076498474,29.40603571920144
1.4454888314489605,1.8912030337653671,-2.2867686066549364,14.856678676536376
1.886132579545188,1.8426210724967327,-2.348920447237158,12.989312914595075
0.9776048505838273,1.1105577706706826,-2.983743577925117,15.724485244231715
1.405954027716301,0.7033701958519255,-3.160825560041264,14.193282083903568
0.8532706313177294,1.382035586978324,-3.0107843287054696,15.162197499582703
1.1971407299011985,0.28125,-0.5705497679442291,35.27380547901916
0.639634769907022,1.7618839302401303,-3.9929650930014002,9.810850079410045
0.30033797702923415,1.4759441637619357,-4.247794384987307,9.365634961204307
0.8873567483441345,0.6027670333154193,-2.8038336439582436,18.192520325568665
1.031835074224733,1.7820591038214182,-1.124067949432692,24.04590460477587
0.5961788468020182,0.6707147826019982,-1.7186563312328211,29.053679373350064
0.5489073461684084,1.9850574868226354,-3.5342204680894307,11.263756387704404
0.2531532414693963,1.3448153087305361,-1.6894394905895656,27.200963237340034
1.3273137004968587,0.9399250522193824,-2.2302754079305043,19.42608626281961
1.5658895498150953,0.9244349712218972,-2.412201955878356,17.0240918532794
0.5346260028864134,0.7175341393894586,-0.9606138148980129,38.573648868242344
0.8566353087496413,1.737680292182806,-0.222299034279062,31.209632048981007
1.1358585939722408,1.2113524008243606,-0.9441631613953534,31.265100272099374
0.9053130516856199,0.8801430281593007,-1.7312807490522155,26.48277780666365
1.214344208948165,1.4180184622090335,-2.456809447607571,17.010824317148035
1.2185916344219851,0.8463682005577005,-0.22992234156245803,34.20434400129025
0.23899431195929044,1.3881972040392119,-1.2245889811395816,32.307744600897365
1.5915865909166516,0.9956779215264073,-1.5529007378301625,20.843162075723967
1.6931492416349219,0.9185506050686845,-1.8456554250727724,18.965761022556507
0.23527276887834148,0.48770421786727014,-1.0816974270760509,37.964982004832166
1.1765859908500913,0.548941739900831,-0.8765563226202946,33.15973267016085
1.1594846105238443,2.1559287755111947,-1.8848327830174652,15.7754769876463
2.877038493419528,4.349625813521549,-3.5707721075154897,4.7828383617465136
0.8754023113022538,2.0807050143746872,-4.5605652630258415,7.24283588790135
2.510955767480968,0.7988141643962914,-2.6191091210903963,11.972054413526735
1.412170474824742,1.5928544823113815,-0.34811171438134264,23.803124960997593
1.439765527355597,1.6698634682033882,-0.5756587209209625,22.347561278297263
1.437305901750333,1.8141553261090442,-0.8243358375260577,20.11721418869348
0.8422507231203347,1.2309368320245038,-1.0234085989338833,34.11437227036973
1.4920268389025084,0.5623967624058617,-2.43525794111762,17.93072759022536
1.6241058268994129,0.3014526953249362,-2.6063655939238783,16.618628418164207
1.9323968125102167,0.42667556481304403,-2.9214511747793512,13.716870185086634
0.9326619788802739,0.28398424487697493,-3.5521511435750037,13.540346639588648
0.5879716018238325,0.8355612182290565,-0.7250995370420729,41.30329909437992
1.422548058926878,1.388768717525542,-1.5562426181146285,20.937150904483076
1.745877147818188,1.49590393294266,-1.437882201058832,17.663936032362614
0.24784809898929203,0.9407183250573479,-1.0208420759842773,37.89710140689067
0.4764647557206497,1.8086857333887032,-0.21387872340300318,30.64290229465385
0.5230278203164023,0.9416756939703649,-1.5670649524054605,30.16828857482824
1.2080589935532304,1.1673136301006115,-3.1795824138034883,13.897711190639683
0.4994638578328401,1.0889428235781005,-0.7140904166677187,41.23474118390851
1.8647449776398246,2.861566929224835,-0.8753486737646132,10.627740059702376
0.7011302826491346,1.738795750146602,-4.2950007808455934,8.652018459535583
0.2575026095731323,0.6218872861799086,-2.5162874882793957,21.98495570715221
1.0139161679377082,0.3055286224802688,-4.371056138241385,9.261071275470044
0.3055846883526309,0.6365689995579107,-3.8282590742014966,12.41918748426238
0.19219068815543602,1.310711606567592,-0.7043965328598552,40.89124883871128
1.1076711638609045,1.5376471595341115,-0.9002165665749915,29.409809907265355
0.9409343334268802,1.599253429814127,-3.2388802854281624,13.165022523597855
0.8042351126505726,0.48889708586597846,-0.7282671989014399,40.821519817660146
0.2982363344997843,1.5062120609582734,-4.637758129695345,7.780749061467787
1.4266723809318216,2.1567792293115082,-2.085172169774844,14.295075747211342
0.4573275755784036,1.5676511930628259,-0.71772924116788,37.462724760052765
0.7987528666954427,1.7467011622279216,-2.406358979974285,17.32028245486873
0.21824269603508567,0.921458022507369,-0.7089669152222161,41.73587083679459
0.5122566510426607,2.073740406374567,-0.23103733463272977,24.0473609844301
0.7789552678407615,1.0371314002682936,-4.267595424219846,9.508661892628595
0.2750904019833803,1.0002401713019327,-4.338637197792327,9.470811516455967
1.2090265125466966,0.4496327220140696,-0.22359624503565237,34.938639692496224
0.20825399054667082,1.7947960261595757,-0.47515734995172987,30.989409991332252
1.0973107103599675,1.028255808639979,-1.282124769020191,28.758118243711408
1.4853765540927424,1.210179848680684,-2.8141970364674727,14.66234991991027
1.6004979394783614,1.1806248848456147,-2.5476457297686363,15.429329702953282
1.5529314489338097,0.623395507622595,-4.0932180933622355,9.653819058981213
1.595702153135946,0.6474047466493824,-3.7602122017145274,10.953029577933535
1.7039273037163156,0.33115680393315716,-3.9214265978713203,10.224766835281486
1.2905082178050982,0.2844872362803744,-4.163743864576466,9.877267135550198
0.2905825348682577,1.0873352442012332,-3.5196681203863336,13.646577336144844
1.6360991188430423,0.9053064274796606,-3.509872616526738,11.638043666600709
0.847738612922049,0.23756268379199674,-1.917688060533226,26.330131519121466
0.48136064640014375,0.2703803432724291,-0.7083796252404109,41.91892621806778
0.27368510770707005,2.036570896876891,-1.6285870184643492,21.104254419569287
0.3103196585244961,2.1782146818634445,-1.918284726361963,18.232895618487305
0.5275758097086809,0.24712617348977484,-2.2666927765259457,24.282424092295088
1.4707682644531803,0.24175522859936943,-0.22944883923337112,27.837234850448567
1.3116667946305172,0.2648275884150739,-3.2245084208472288,14.548707778811405
0.7073953403647468,2.0014706920843466,-3.2473724308553367,12.30258459706127
0.2560172845074282,0.6141993443890815,-2.1641046131941115,25.3739426722438
0.4623091755381713,0.571793023738563,-1.2623060315898758,35.13759497767688
0.25989537341791286,1.7508003586768386,-2.9847275723974183,14.952023940406463
1.1026359480450796,0.6351568049122327,-2.575995370328716,18.96477108220938
1.097127143461823,0.46875,-0.6743943288480988,37.91765568490882
1.283747439263682,0.2155292255859865,-1.8510472880211546,23.732395609583193
1.2451343420849634,0.23508030951743047,-1.4510834998425202,27.135381369744294
1.490781041631469,0.24386527102915698,-1.5594591854204114,23.651361115228013
0.5493093569275038,0.22952071761571283,-1.699934899036623,30.119882391936727
0.8176736955101875,0.589163254915382,-3.9804504061353505,11.184144247992577
0.21962059663267045,1.49871929957786,-1.4452284854953847,28.60876993070761
0.9304232845230275,0.6074938592053021,-3.0811775146815865,16.208949226812905
0.9668314276856369,4.940562687554877,-1.5591239429611532,5.419835126858345
1.0007831211541562,0.6006657174687218,-4.691889277174093,7.8579323832748855
0.8511557904064105,0.7815510691274137,-1.0632462296292964,35.252427924276475
0.9106457279627422,0.9021866806888917,-0.6979562398848711,40.99995785898909
0.5079135653794834,1.9711368667617295,-1.0240218984211442,24.51630519171087
1.508578696519745,1.0090789084234524,-3.0027443270252165,14.160670596666506
0.26723689419521196,0.2319548994954126,-2.2298248344341163,25.23862750755083
0.5289312601838039,0.8825260609323352,-1.1349330708411394,36.005785710655545
1.5697543064107835,0.9794172821873219,-3.814502670248389,10.45887758319543
0.7470015389295566,3.316097633226291,-1.8854761796300272,10.38621989266781
1.3332965118435527,1.6569934490829943,-1.7866753900596495,18.761568185833227
0.727184406616714,1.0269979888407883,-3.054961560495309,16.07276732185028
0.5421183685773001,1.5076095149088489,-3.6047108829577983,12.125648782179468
1.191465289845451,1.9842253859171637,-1.1928444537705616,19.749655784087793
0.2268834260506659,0.9089282374360118,-1.4806052410586446,32.16647607173087
0.6872359934086625,1.5045138285378268,-4.723310832511657,7.355231136802189
1.2055362372212302,1.9211392862679728,-3.159729632425349,12.04348569867696
0.9299985954397045,1.1367690686723946,-1.6900497752735024,25.62224582640863
1.370755601462232,1.4052832573610592,-4.404514406274139,8.148250225076765
0.2156313349811335,1.7766175398775959,-0.8935976042882794,29.907693971841667
0.2656576705222807,0.6657707089672857,-3.5220521513517054,14.25579943912723
0.7214995131285822,1.7303346508186241,-0.8717983355767527,29.685597253485412
0.6568478590165722,1.9487689458001047,-0.8252352339368266,25.335112365462123
0.2478375985087126,0.565760519252906,-1.6315785258925979,31.356692843705332
0.633309285497186,0.5766489950864532,-3.268871738124817,15.633244137335879
0.21614558998611405,0.8703309526644892,-1.2459881989575352,35.2655852659411
0.5962355965633153,0.7999344541758528,-1.3502756584448103,33.11950183488142
0.7275417343994608,3.3757888672135428,-3.866112277778385,7.1035908019208875
0.7614544260437255,1.9076060298141488,-2.8907482335203634,14.154223968694026
0.27183114272752074,1.9866765002466724,-3.479863949875903,11.685080512127769
0.3818544140028217,2.2714516630456005,-3.660899495100322,10.178483158354112
1.4898980758916052,0.5073558045917668,-2.1850161431024704,19.490780820608222
1.608536465334333,0.3074376138668387,-1.977216261853906,20.035603216664157
0.24233029541909495,1.0741296801069762,-2.1635658963326767,23.944243145767615
1.24325027347431,0.5513688582716186,-1.8751898771549005,23.386764152309496
0.5768955329312676,1.5112682849336254,-4.159878215594246,9.54416967009763
0.8012778250412809,1.5341896354127693,-2.253224047894765,19.412809797538813
0.546852171450816,0.8324584346123467,-2.1234249663328155,24.494523700443636
0.2715056480700123,2.1049842265310925,-2.888572314258322,13.981106199313217
1.3562350914761228,1.7700512901214998,-4.714659390600533,6.847760381643468
1.015341861130977,1.2680053152460316,-1.9962413777361896,21.764656605826247
1.1516076084026938,0.5663449360072917,-1.2170279627688478,30.108430765624632
0.7858680336910281,1.3891584612060612,-1.2723396367155126,29.615232078733357
0.9439809526131111,1.6895757187287717,-3.5375758798883274,11.52783932966392
0.4625661470378203,1.1873351837085082,-0.924094918592046,37.93268076507454
1.395012117628488,0.4947525728173416,-0.924276592587625,28.470083483158078
0.22600979495026038,1.1010672651108615,-1.3091631492672655,33.44944915911134
0.9640681454117519,0.22084994458682802,-2.135743724632549,23.660108330421025
0.8322991607627026,0.8617507724185195,-2.0623614516754163,23.836132572588326
1.5001921316342979,0.299270301697331,-0.8462829082459392,26.808188177465127
1.3740456847326679,1.1429409964984836,-4.247514766267632,8.929932190839054
0.7751417164359176,1.3536483246248314,-0.7011062309199861,40.292834497292944
0.9104299123497859,1.7354500106624309,-1.8770947265722397,20.288393954106567
1.3100418384147137,1.0421645317177977,-4.722024991931804,7.337482218706754
0.5504956611503747,1.9196981798518338,-1.4211706508128137,22.93460860834503
1.1686733063286556,0.253982788787477,-3.866009570913996,11.47843352141848
1.0823697445279408,1.9002093696307965,-1.9403197267554586,17.848505789619395
1.5116190402460308,0.489126303363782,-1.5554762294782358,23.057542386618138
1.4465316643009654,0.5025762081274929,-1.1496918593669248,26.34532753190163
1.631817573475699,0.5845298862285137,-1.3310236495825791,22.545584405162543
1.342755351193529,1.6473511681679809,-2.849695332780609,13.807671816044063
0.6057791495180767,1.5269979506561164,-2.5186874886548507,18.29763624044338
0.6169774647753461,0.24499509442740458,-3.1026409873232157,17.06347654318475
0.9721429947541776,1.2673961982978146,-2.41976998171705,18.869209703670123
1.3583301218615336,1.8802731716177905,-0.6189781130749288,20.853148042857157
0.8797036712305106,1.9328897757870076,-0.8568316130236944,24.32555017521878
1.4569391753446186,1.0016574543423704,-0.19929809287119873,26.988849431521515
0.22566429768856786,1.371265323604311,-3.1651978784253996,15.166051743013895
0.9737451827859643,1.4856011772869613,-4.660374145507275,7.461920601317814
0.7444349376531184,0.5864459904432509,-3.5196145583512912,13.850452004719557
0.5982512685633963,0.8502906998943248,-2.7879185930618164,18.663663288895577
1.2602162806171675,0.9082497724025601,-1.6369439008024194,24.268954501464577
1.8736465994502447,1.4950836764256583,-1.0673269517517117,17.228280926681833
1.3200667491241076,1.2535558582505324,-1.2099877043879845,25.32558804812794
0.1988697296114646,1.283256159428765,-0.9325985158927088,37.55064185745738
1.1018224187128982,1.4696262953470083,-0.6918261160110906,34.65480933608569
0.9363974578733414,1.4065033378268934,-3.908086781741439,10.485659091131737
0.875204845246861,0.926672727225793,-1.3895083725400605,30.182033043526815
1.3544161922610567,1.3549027210367253,-2.2587159111117727,17.67177156800966
1.5405999911069777,1.290188098581871,-2.0588762398359215,17.770992066789972
0.5796863020050599,0.9924906626796236,-4.741051110379644,7.684903646375233
0.2381985429999378,0.569793184589107,-3.229287969118094,16.352692971655813
0.5709872676084604,0.24457605635381344,-1.9996118199643333,26.83752597922856
1.133922927502072,1.4229992172139823,-3.1876358793699002,13.418559986507915
1.4738706530432992,0.7422031765802883,-2.264680661660612,18.761175669715442
1.5009371074595521,0.7325883310911194,-0.4016525567291752,26.640910036434207
1.424815926810565,0.7892310353533698,-0.20867093417055568,28.39959421137877
1.1759140965532442,1.746010386455143,-0.8594922426569828,24.49561490726481
0.6955256203774772,1.976733469571097,-1.252028549829681,22.625483499435603
0.7517625574408809,1.0870912052178878,-2.11702968729617,22.844543209192267
1.4616351319803098,0.901353873264815,-4.375402162536471,8.530079490232026
3.4733383778350335,1.0147417287605243,-3.144996391542157,8.005436979326845
1.1160892837574419,0.9214308142767336,-1.083209550962232,31.294970312486328
1.7191472716329699,3.019810771827925,-4.125778833294547,6.63745405177437
0.7950350878793576,0.47818769759817786,-1.9222607830138112,26.249762010906295
0.4835369982360188,1.166645143513729,-1.25663845317962,33.091618840668076
0.26904162620567007,1.458806515005513,-3.714940871326369,11.849753561630394
1.1908022140951695,0.6058991186419266,-3.6314781045770443,12.399507567641649
0.9989865358969661,0.9738733427709423,-3.2693250301142256,14.280610801758456
0.4921876205359573,1.63344568408695,-2.9231558524032875,15.48172630498371
1.4304993899142966,0.23954198457451814,-3.756940675144774,11.515622248241499
1.305945689478429,1.8141368975868497,-0.19823436375121686,22.73291007865123
1.1463636878991,1.9416701063822523,-0.3207732378519893,22.283624909591964
0.2702408658910899,1.3709565762687423,-3.99051549479721,10.684609604266228
0.5891363629299191,0.7632287955077406,-2.5174391804106495,21.026001944176983
0.6007697258569923,1.98401986638017,-4.74329302912444,6.892952240730892
1.0550502237117518,1.8836124124858689,-3.9804792172988517,9.289479961160993
0.27252769387244524,1.1560660303596153,-2.9771433374282696,16.963621427751775
1.8838104501374828,0.9579164312876489,-1.3142488198202065,18.79132518818281
1.108402504363111,2.1752551301071468,-0.7075032411349966,18.846134045182737
1.2722495978125488,2.7911459908320495,-0.6244824781063888,12.649595017548677
0.9445922798611235,1.9449483542444348,-0.2208932776044808,24.206002889587836
0.7332983294986274,1.9120823193840895,-0.18701258742442875,26.994553430228763
3.262779720013701,0.7912393805302215,-4.165020346078785,6.880705604199363
0.75380857949701,0.26718604070320223,-3.9946700263185866,11.370152259067083
1.4034657157589057,0.2799749052554037,-4.4294546614401415,8.649857117068393
1.5798670686292617,0.27605700441853653,-4.197493719049007,9.331979635637339
1.2601828692883057,0.5090738457179037,-3.067494895769172,15.382454350583572
0.9397414700786563,1.7363372454558843,-2.8288409307496534,14.721566388034233
1.1734936525343678,1.427432321285961,-1.8923188717152377,20.57887095417496
1.2862708907970972,0.20715779605690218,-1.2306535643438583,28.452563706557186
0.73336528019069,1.4402622666271645,-1.0027357136776638,33.50321808663179
0.2283570487843831,1.6487764482690934,-1.9387040688854273,22.567963321349822
0.5364992880315387,1.2414271867011977,-2.6587788609724106,18.56216046766042
1.3158539049880864,1.6647058002061816,-2.5157833329163473,15.319792097629772
0.6974517826182365,0.9879634460529191,-1.7169655830048471,27.46107501522411
1.1714351228991307,1.1921644156539588,-3.4411917698349863,12.628660744056418
1.1979712474057083,1.366251216512305,-0.5326700995549143,32.22434150693357
1.5346382444124964,0.24266572078361656,-2.231275523026591,19.27309912099136
0.5794649999651568,0.2613418180797805,-4.706004228075519,8.084161392458583
0.2512796591797881,1.7234071291418582,-3.326380238051064,13.187024809649074
0.40044771578576105,0.24405782762029485,-3.554534109819801,14.31129628577267
1.1103323838922197,0.7079158772722527,-1.9961590245371397,23.09612001787596
0.4567099694469979,0.6312988427134708,-2.0312110484819543,26.298938981649258
0.5464167390836759,1.3579735401362514,-0.7098481644683952,40.232717609306775
0.6096830859891537,1.0492184546907524,-3.6718747748279705,12.57082295555449
1.5328096066481935,0.21761415006425264,-1.228232287355529,24.94426065482378
0.8778639993986735,0.6589845988032539,-1.3659534580884862,31.325943951656825
0.21068453433809622,1.352479429225312,-1.921367738681569,24.856947377729256
0.5903806404739589,0.7785774002287771,-3.430194837148631,14.389946798986102
0.535023623453105,1.7956813182414206,-2.684133696997372,16.135656452153484
1.1707397057205848,1.3138440106369156,-0.1763247817544503,33.380746344867305
1.3640989409097874,1.1659205899741036,-1.558807322610876,22.546803139797078
1.0708050676742882,1.9829944037955933,-0.5131044882938431,22.252582321962905
0.4668252423843872,2.7701698541083264,-1.6855933929668623,14.00520705908778
0.9291456160533743,0.2223418938220703,-2.4457593129584407,21.22416316840156
0.5841319071480663,1.2050535456146987,-4.374587637200082,9.013837126514346
0.8516746474197271,1.672757816196792,-1.3425193240684146,25.28504136563774
0.24871717479144545,0.5924706836454711,-4.101510415918077,10.957312326434334
1.24874742827141,0.7983660575709649,-3.343543436346826,13.542994854034362
1.0514687698138652,1.5942276154282482,-1.7352020250599287,21.426922253727213
1.4504353342552516,1.4374162261867411,-0.19129044117534497,24.583554299585103
1.778085981586389,1.4649245166973421,-2.6653018760769003,13.529140696691343
0.21210230061609764,0.8446701386299559,-2.2773318502690008,23.70427929088399
1.119404384953251,1.7431799900709226,-0.5124779207213952,27.234003542739543
0.7011030614666899,1.0172163747683893,-0.7193347906412155,40.973169477103426
0.42173700742164694,0.24654853636122206,-4.0324774370792,11.436576126623123
0.2233004782612313,0.9284093632204641,-3.086038019595893,16.775162499283965
0.19819309805983665,0.5102425483172217,-1.3086666031572767,35.32920860295948
0.21794761021042236,0.9486026710741947,-1.8588854078839883,27.596368254784778
0.4349234906582905,0.4742032884510913,-0.6956592223271181,42.04217522865406
1.0821640851611933,0.8235036654402095,-2.423290036736364,19.736873017261388
1.6189001433610197,1.6974957964023139,-6.619828868890383,4.439894956182272
1.5121995595776,1.5364086718759264,-8.132964206297977,3.330502052845773
1.0427381534013687,1.010200935550194,-6.00761399430511,5.33998648554622
1.054982117444912,1.0780124794870785,-7.2830181548691355,4.085971056811587
2.502616482821138,3.8168761739359085,-7.676676999635519,3.032731528100854
0.9691677342383244,1.9761913145120298,-5.955410451452879,5.056097460994167
0.8853365655557085,0.8949058361315653,-8.144592682630517,3.4333787557068405
0.8848948440504243,1.8998701006024479,-7.602829086259387,3.684188700361247
0.7819331963132001,1.5083776059937928,-6.5781458912368915,4.650815383519145
1.0088525867798346,2.4053317045300773,-6.8049543051916945,4.134708728976648
1.8956590518225627,2.3525900099414327,-7.477989973810086,3.5742879151625004
2.2974061948502205,2.5059229329192143,-10.14365948644176,2.0315847946087615
0.755024954698859,0.7523119503507583,-6.6636512510800525,4.743945564001763
1.597797659086721,0.8488387246577931,-6.629407425482351,4.625538913980918
1.9517437484613116,1.2730077035095637,-7.367013423723231,3.888992072865193
1.8963918146878638,1.2577065145469748,-5.889387291297958,5.153920300126046
0.6663139519716816,1.4501705404161,-5.664006611433352,5.648388089189453
0.6484126340211623,0.6406581998884928,-5.6457091514778,5.936371896435702
0.7703646470606678,1.6375565596704993,-8.319313987597909,3.2205895967516796
1.471991553637059,2.8830077351234658,-8.839188449607288,2.6873182576371306
3.2483891669436584,1.8908657681613943,-6.5721139267212205,4.171601733749554
1.316442814554943,1.1194909941757296,-9.177179230968907,2.6954468581182454
0.6282087920161259,0.6329833609452097,-7.605470339217196,3.892102308979716
1.2603853255814692,0.6367578453291616,-7.696630948304801,3.780066092726102
1.2584444103417964,0.6014624598036602,-5.60550020064748,5.830104449552707
0.6184863862962476,1.5171489370322124,-7.183519735388246,4.118473986347993
1.3265824766233303,1.5139589615670186,-5.640494149901745,5.500995822687557
1.2145549195743108,1.5210253273374832,-6.202489694088101,4.942046935477137
1.6696461378231975,2.01441927242961,-5.994795353355375,4.851744287665156
1.2334991034951361,1.6673445206482602,-7.124630100817114,4.0815943982189395
0.5477007080143294,1.987048163208664,-5.540023128957153,5.533006643288118
0.6621220150300106,1.34686379794255,-7.780171036068753,3.6628055427979263
1.2149972151544637,0.5874892919044807,-6.995516094777384,4.383238126507578
0.5759589699510494,0.5346923501903276,-6.18559778615573,5.3105678869893325
0.5445454318968755,1.2184705485447438,-6.160395529877884,5.192629573606638
3.246201918762016,1.7714802187389846,-8.49280809047317,3.0574807340227323
1.2235640000010761,1.2336842633838092,-6.776057114745563,4.484104981848972
1.1904207022835263,0.5699049196768976,-6.341098063063369,5.0364022221577756
1.0875268126017907,1.0778802505949403,-5.496196912301603,5.897017579349821
1.2367855920125592,1.4641616901659384,-7.648521972975197,3.7105086941084267
2.3519707968291943,4.913397411808559,-9.837182873045238,1.9891020779840431
0.5293626836220612,1.7559408956857565,-6.172950780296544,4.9902021013342335
0.5352010963488124,0.9726899134796969,-7.122177155115134,4.286968913947419
0.4697084330327045,1.0535302816583154,-5.479387558613992,6.066366139349881
0.9575558805096215,3.2862971730501727,-5.817535577307092,4.456210112832991
1.6653680076544586,0.7647543985161704,-8.417299727482108,3.215770907356415
2.346395658472493,1.2546783021828989,-6.612490520142466,4.412465753262083
0.963305583396952,1.7817638778079135,-5.534623313669868,5.584514183935269
0.9823593911178712,2.3438771410160153,-5.529982408844522,5.260413697027431
0.5694677836910086,1.1388012660393683,-8.60356893337934,3.0858799613816927
1.1795141101195972,1.2422065109607883,-8.565475219281288,3.0842167331138057
1.3441211083686178,1.0705997963313365,-7.97209065961023,3.5214308896588875
0.9639094949567906,0.46326461883741726,-5.938436666331906,5.538315810094346
1.4988371162236689,0.9777332124211646,-7.094411419116647,4.2120212825090135
0.470640695631379,1.1422252925753429,-6.63222115755091,4.726484882432189
0.900389704769893,0.4174542840212887,-5.393832092078778,6.252090930861783
2.0174181041465338,2.0143906222646626,-12.1028106711661,1.1040774189078562
1.7632412236629762,0.4923017257323243,-7.024341420416961,4.279790999297532
0.9773236029152297,0.6428816595298394,-8.744802413105907,3.0111512315807545
0.5245086738341577,0.6208475179755175,-8.444882595016495,3.240513840474307
0.7226143316574956,0.49529939877162393,-7.106554831056499,4.344852310161841
1.9096923519851319,0.7613571881488082,-7.795112254061927,3.6472836378085134
1.3355194460479414,1.1026516491966465,-6.349825645021394,4.8945946269687965
1.4781622664483938,0.7832422302460201,-6.005237910497625,5.281164973892658
1.8602081008708722,0.5904191951752306,-5.5813449691954,5.636290443880441
1.3739893832615842,1.3786878240523068,-10.577160903873942,1.8687954756414626
1.9812284904494635,5.628270818644838,-6.971038347220874,2.971710026061629
0.44700481460679026,0.42664539352039543,-6.749338576689236,4.723819542128794
2.138515199047597,0.6882381013227111,-6.215648556373858,4.886616224438285
0.5476575009269976,1.973223127626465,-6.832973079478991,4.302978723720429
0.8804395267766494,1.988017503585857,-6.452848659830739,4.59530626619005
0.5370999091111234,2.3509874883993045,-6.1262048272727165,4.760896777144126
0.4767217848100103,1.9731514880602796,-7.326326246545146,3.901533351297303
0.9201752769190514,2.038748434160092,-7.138320513469152,4.00249083543072
0.9288824089102422,2.8290099860217057,-7.629608445460346,3.434891946359585
1.2445182747401928,2.330666301129872,-8.233448803587319,3.1469036168889772
1.2704824609647831,1.8443529902687648,-8.600772572571556,2.993433246520624
0.8285861964009504,1.583624222813652,-8.916510708626246,2.8276672327292403
0.6764431603748542,2.2616258949289043,-8.688701408863771,2.8862361185101832
1.4441002481416387,2.0072664103756557,-7.775561577827205,3.4988338541327693
2.1543992480524157,2.1734127975185347,-8.354463368975658,3.0792317779462337
1.2472267915763497,0.515004689322596,-8.211141585173454,3.393557989765057
0.8919897965426131,1.10321328352115,-6.4198616420127985,4.9016734398535675
1.0973197341644296,2.3099622695887825,-9.725112684835587,2.271080439741283
1.4232966592396052,1.209872907817163,-5.93692145442268,5.262386384765193
1.5762885680399772,1.1233191783296483,-5.478253101659512,5.7301968672149854
0.4567920987696369,0.9402279472554055,-7.932459603068169,3.6073229196951644
0.42111141484805187,0.8617416953014361,-5.943803054976812,5.548578209606404
0.39845753635228276,0.3990584413039521,-5.403256486208575,6.351415009205638
0.4942238394928357,1.810088673848395,-7.922924562538121,3.483640457163432
0.7206284523555954,0.4587000014805828,-8.040567415635122,3.5502550723018658
1.6482111462102882,1.4169345937512763,-6.268207352217121,4.822542795241276
1.6837446057433456,1.2731701060121066,-6.790974266935646,4.385434486826597
2.96296863521545,3.9066460021979204,-11.651447951550605,1.2692355428704332
1.6634056691827674,0.47774527491835117,-6.328834966421889,4.938939485151479
0.3993747139673878,1.717594633723944,-5.796260089171481,5.415813006126413
1.1696974491111858,1.7213147951969476,-6.678720682545342,4.4482656560346925
0.8301173317400974,1.4983554571894284,-6.043885656855451,5.179940217770962
1.4326003236111426,1.0755112368188051,-7.529778722432667,3.85246262157915
0.8119798316597207,1.235745927152181,-6.915023698138917,4.405135333118295
0.9090558844972576,0.9757530906180256,-7.6994987263913774,3.7705546830628407
0.4594405803474042,1.3204755768990033,-8.193895395851516,3.360023981863961
1.1056722937031014,1.7576321954289793,-8.001459737816267,3.4114302358005233
0.4083013881872648,1.6263934633756767,-5.392797560773389,5.925761637024124
2.340827593253628,1.316558212062827,-8.320455986627822,3.2038503054977667
0.3954735078264199,0.4011034321223165,-5.849951319619769,5.7563240960449775
0.40046883503798525,1.6839511073005475,-6.566252709137613,4.643291870099077
0.7749632293050307,1.247909928648649,-5.358166407184589,6.0918129354599415
0.7175056296208814,1.076527016284723,-5.7891658926011464,5.631780496156196
0.474845908269225,2.070336396941517,-6.436991359643261,4.618342124271237
1.16469277892251,0.83559121304924,-6.662831960113442,4.673628130792068
0.9945820473159954,1.3301421954696953,-8.081244128186695,3.4249115489239443
1.3970992926076098,2.1842935272601527,-6.478565621533417,4.427874030073156
2.353592920747159,2.3445915113170184,-6.61266328247058,4.110439547479885
0.4173458271050896,1.2366937422030206,-7.442408768856944,3.9630576450121993
0.9962651007259649,0.40176508961530566,-6.680814235153616,4.736503266394124
1.7377140146457837,1.0023201400332056,-6.259462497478263,4.908765602162859
0.7944868531886385,0.8638270876441998,-5.368464109416891,6.215791226530143
1.0144253228021742,0.6659550128447607,-7.356744272644415,4.075903871955433
0.45008692518607163,0.877615943088518,-6.338380474784313,5.091137384283471
0.48562981531667065,0.7433142176003309,-8.987180400946732,2.8497634714766775
0.3907062972893641,0.40824145290165303,-7.34516338441283,4.151826434218876
1.0383435033121102,1.3165114006803946,-5.785617262614469,5.492456380557485
0.5759990681003826,2.4226503723044743,-7.088889629261601,3.9441185440303457
1.4159122151833736,0.4235206124297205,-6.664469911796764,4.675354919190141
0.8476535554520463,1.7115764991995828,-6.917760996596164,4.279572060342588
0.3466312396598304,0.7483382540031909,-5.333664381468131,6.38121492817038
0.36792139824910663,1.4386554533562577,-6.881135338448536,4.421877798993634
0.3727232031400343,1.2493929012064444,-5.815474376677499,5.589835278492032
0.47192845181038917,1.6290870489935512,-7.550406525007363,3.8018976426068463
1.4989709558282664,4.292871673238578,-6.4890827173557275,3.555389846741761
1.2541643607370756,0.35199832111423557,-5.340949948107159,6.2081491497859815
0.5994016463992737,2.0129330272889447,-5.909895427658047,5.12886192598782
0.8754093805185119,0.7636077353735721,-6.246242204865998,5.1643379503298945
1.3354821233655323,2.078706509987801,-6.929041741882009,4.107817628332228
1.8058147205345565,1.811745676080975,-7.169779041026946,3.942577319890219
1.8136843642540041,1.444751265046858,-8.746784295697209,2.928663372942296
1.349643072040016,0.8588097105414804,-5.3580271315145,6.049129725258169
0.9708780112045015,0.8041136458041191,-5.711899705378025,5.753712471774335
0.36040958810303125,0.3730256600044288,-7.754256369880914,3.79957388254023
1.2469089411334844,1.9865547292475063,-7.4018867743580525,3.7889752076422525
0.9071355015689933,0.8295553544601696,-7.016814489548139,4.3737295044250715
0.890812986909445,1.4015345086147104,-7.454827908184652,3.90184035278169
1.4105445448948024,0.6711864860834607,-7.330733056334281,4.058204452516904
1.0781556878536447,1.4685817755779311,-5.3632353063990115,5.9034069604888515
0.8259140965416223,2.1692451502947367,-8.017441739085506,3.3360192155610946
1.3406953912762096,0.9362658204169086,-5.709624832125507,5.615611421058105
0.40030343898260684,0.8047825132982724,-6.803289778429101,4.623118168394825
0.4633107685175903,1.2554858984172417,-9.105497506667762,2.743131685623993
1.3009442417971304,1.7724861628906454,-5.367515571698348,5.682642504493941
1.2768457905007702,1.8860339571405629,-5.737429227250968,5.250919789660742
1.706818485736096,1.778559637979227,-5.595261383416266,5.315797601751868
1.5203548258637003,2.2465198470720833,-5.43947006806429,5.266898500894868
1.5354267139476367,1.16473093134081,-8.342274691358995,3.237559365961374
1.8668903843914637,5.595849557682286,-12.088470393098275,1.0771119166438723
0.9386742612328536,0.38031266814941694,-7.700583283678545,3.8169651996174423
1.5882867407218368,1.3350679652632227,-7.793836893581564,3.5983253551508483
1.3598077956424925,1.3147565877336942,-7.231270423528726,4.057601238695511
0.5644431667391258,2.1508798332670542,-7.693169817530143,3.5773284070580615
1.168307621770503,0.8483697393897361,-8.441750260984126,3.2062452531483103
1.3772739535178027,0.5134214096128961,-8.627697686118752,3.0866987070621406
0.31957115118476825,1.3081377951418858,-5.310249295217573,6.201559997049259
3.233098159860022,5.386153881288187,-8.29491964547845,2.5859189579204696
0.8777969278333061,0.36376759306610307,-6.327350371270993,5.127801873274763
0.45244230974130517,1.9921533528772688,-8.363204762984246,3.143168780240913
1.9289303578411447,0.9141170723069708,-6.942679785500872,4.269885633040715
1.3688610443758924,0.3771655333720428,-6.012601731231177,5.361867834700945
1.1026194441950747,2.25414076019999,-7.702639190414119,3.5169381805859103
3.2924154726914843,3.588554755274825,-9.211390894414583,2.3899844356407556
0.44853306743558585,1.6301330648848367,-8.653891094976563,3.000205059749902
1.4973283948082554,1.573656498256146,-5.965987749855085,5.092756640730457
0.36509186531041704,0.957483587111375,-8.315549551027305,3.314904804736031
0.35653656822683005,0.3862593146403164,-8.137745657977968,3.4894079793811983
0.7445701550570442,1.5864956902130718,-5.362552281555839,5.929963466821121
1.177346331834421,1.5661997898918507,-8.338041785040966,3.202694724910401
0.7671191394151763,0.3227885361039628,-5.695272333545097,5.901716209896648
0.3067467329982179,1.9325919397711857,-5.320217814853669,5.84453681697633
0.4294540994859174,2.3000878013366988,-5.343375001838274,5.560153753802325
0.3296690827584961,1.3750994817045066,-6.399910220422012,4.9071711037209695
1.2945178177199623,2.5136085859705153,-7.259823378821851,3.729181140188956
0.3441876076214974,0.35363495441530046,-6.404852663904632,5.100563642861914
1.0303317664568943,2.4047204717493953,-6.212905288592975,4.606060552549792
0.33910663276305897,1.4838777751646708,-6.069885372508239,5.213666373378132
1.2772054779832536,4.198692904176606,-8.414807719187268,2.6826344927060717
0.9984886008486129,1.9732794557587963,-8.32832282143883,3.155968549076519
1.0508712219492178,1.6522999316335267,-5.836383953485217,5.2972936018452685
0.3569405861883447,0.8553144028616172,-7.443965278502944,4.02438828716393
1.476283080786029,1.0027784649222728,-8.753023274707742,2.9769102847960625
2.144409226296142,0.7864975540169097,-9.056606920930864,2.7752733396748965
0.8969294705753609,0.5234391054045244,-8.382359198946137,3.2814931245978016
0.9938980932164658,2.0110311772820753,-6.790333331280598,4.285953985013478
1.632551629169217,5.844309332322594,-8.616227050635588,2.395923780857899
1.0691584745601674,0.6881711923450324,-5.291883000489547,6.283331130141391
2.0338949684424623,1.784394959222876,-7.864915203484951,3.4466256683985534
0.374120998965836,1.7523343221789296,-7.059765692267628,4.180084512346141
0.3281004014484566,0.7181385098151533,-5.6616936683109245,5.94675840309651
0.6410458165649042,0.5871494574771372,-5.301540696300889,6.418915695202259
0.9688860725997476,1.7574298213175676,-6.2173340102079235,4.890160225064719
1.4275682826462084,3.7418347512896935,-10.083441230953122,1.9468771040792916
1.3790040585666075,1.4243577815506716,-6.510308306107702,4.647673835507206
2.8194580793845048,1.381378437896157,-10.997372933034118,1.6737236688280035
1.1031058594864271,0.3091533556304645,-5.633724478708906,5.890273431917123
1.4545451559668812,0.31051134558896964,-5.626758137155137,5.778023949127856
1.5353861286340096,0.5600481479012779,-5.390143406183666,5.997192873932676
0.9093068266384414,1.706619204683122,-7.269703978590021,3.983371572431423
0.737101820853501,0.75815747336166,-5.943883233220672,5.53142724386548
0.7428458352820749,1.7493865430388276,-5.776063251679867,5.369135310523305
1.3756113785751332,1.8718376157796592,-8.239293272949212,3.2188950055403893
0.3322766225247525,1.47923362969511,-7.884374329904913,3.574240818798927
1.312654219722793,1.2398053318687088,-5.315299090031312,5.983441012269282
1.5794558035292852,1.5109286444802872,-5.353760611391914,5.720218491519731
0.723875637930988,1.061234913953404,-7.409244865071897,4.008488217253799
1.4452027764076734,0.7867646974248312,-6.338182103361978,4.944529009569479
1.1608275142834994,0.7052134916750923,-6.0427481351352785,5.338038743192783
2.535202989440558,1.8686727524933366,-5.890251125141356,4.774491844191985
1.8301411803456087,2.152368736603081,-6.772141640932397,4.1469106804423035
1.410562609878685,1.5251752727680745,-6.847840974953337,4.3241719507986005
0.7992520974678258,0.8638727178365216,-8.5048206308192,3.1743758822834423
0.9143907280526571,1.0703488823666316,-8.897331088489453,2.8840424028995244
0.8330089101463728,2.0377365618651893,-5.673517316877383,5.319318285450734
0.5885483448195533,2.3428804527437563,-5.698866421317886,5.154823010416649
0.8403931412501365,1.3953360463141105,-8.594483781990098,3.059493508309828
3.114999369787659,0.9457810490051662,-5.99364962554293,4.724761846219764
1.2415597450044211,1.8050380765188108,-6.049075048702686,4.98631568981115
1.3640279954640755,1.790449863096799,-6.385602717566706,4.652667530123466
1.1232690218592203,2.0481091208656785,-6.237960680659306,4.730941625248775
0.3292548293329365,2.164834515027573,-8.020341171054518,3.348643470166266
0.5733272376667677,2.788249416469936,-8.23463665003852,3.078652805990018
1.0270663542389866,1.3902844404408279,-7.137267023196182,4.154055702632078
1.5888244914151257,0.8200643171330833,-5.557093885432672,5.725865382282819
1.6366404306692384,0.9967000599688313,-5.822662628737696,5.377732400613496
0.7261711315363154,0.35030225831447737,-7.424629818979792,4.065247204159846
0.9225917978164869,1.5839297691497245,-7.755047742043108,3.632110136268196
1.245213659487496,0.3288043807683013,-7.895198550827047,3.6425371290767004
1.250120244828004,0.3171569766308081,-7.538847762665747,3.929144520398353
1.6169937828075416,0.4153028209288693,-7.719090839311491,3.7482999617397468
1.5341121158889948,0.7085519752252951,-7.9924500840084685,3.5281338266613886
1.7358930684567064,1.0475477543181617,-8.021982342001701,3.4661451885126127
1.5979391354714094,0.3394109123689484,-7.360613678575702,4.036670437769033
1.684141463708266,0.3252768380362406,-8.233219442681124,3.3588890203961057
2.3512876537456573,0.5725054161093942,-8.328626114621093,3.255633739486697
0.41935066273309085,0.65193892247535,-7.1078921779338415,4.349295624332598
1.533034430226257,0.5857280679414294,-5.763310912682457,5.5592147549440085
3.0286560386442583,4.60222286865017,-6.433606115554248,3.297245433126932
1.058655124861433,1.3830275436937682,-6.455456515179822,4.768375809519611
0.7351555946037991,3.2089406830264475,-6.8111266387748195,3.8169115566632854
3.070803829211485,1.0769894278175216,-7.476402603306698,3.738638331155869
1.6925233837950178,3.0771000087378653,-6.607790508311332,3.9298366621768537
0.3488330695515771,0.8535563629950752,-8.666106305932988,3.068544520973262
2.533098244392688,0.6437691981126272,-5.663629649419331,5.2526375960129315
2.0028280978806183,1.3127031192921357,-5.41305402440029,5.561780485212168
1.0229269048522607,0.6254402520195079,-7.959709142662119,3.587836900079253
1.2732243182313279,0.3098980762505911,-7.193690180109941,4.223637712229802
0.9145493106683211,1.7769557431608334,-8.621717948542239,2.9921136424942603
1.0677757032093806,2.0920816204698554,-9.096391530749356,2.658995190011453
3.34756477161025,5.544839366917298,-11.141629288899733,1.4902023211256932
0.3033247886816861,2.0337239289837203,-5.760370892398257,5.298101203172607
1.5912754975103414,1.58719938344812,-7.455473124377935,3.8013344373449627
0.997667165167018,0.33482600730180845,-7.007513194264589,4.421646440678444
1.7874450245401727,0.870165553280848,-7.396180720904638,3.946581889157642
0.6401302644179687,0.4982195306773723,-6.500259914341758,4.958301767326631
0.7661294363100083,1.1850390382968827,-8.311360920675686,3.2826765685804418
0.276496592672932,1.4303551952727125,-5.587815468373231,5.796752107990102
1.2541021035925195,2.104154847843782,-5.959888929700852,4.936185954841449
1.1518663363966886,1.5438782811546174,-8.761389096118403,2.9244033190125407
0.30704723802240375,1.9260841625875078,-7.626665676922554,3.6824943330748994
1.5614861623846155,2.5641241632104155,-6.089317470685711,4.563470807476278
0.6404585437813322,1.4870994302324954,-6.296388711320647,4.949253234311058
1.1999842861791352,0.9649387170669007,-6.961457473808869,4.368293128997607
1.0682644559447168,0.2916924190957771,-8.630545665103758,3.103970431286342
0.7071872938314541,0.38846514855287007,-8.6787455002705,3.076982369482238
0.8344333029322856,0.39795604713750293,-9.197147604157337,2.7166434117846734
0.34639249434861685,1.6680689510412432,-8.227390002067413,3.291917379431183
1.1556684496445429,1.0962291998062716,-12.085161231376375,1.1136941979263
0.8165123227398362,2.0131947244043635,-5.336837543395878,5.70353661448695
0.6519205580253264,0.28669684334872714,-5.294251477454339,6.473430063680411
0.300356351623737,1.1102702774527125,-6.922164959475943,4.458103860479326
0.3004785240865607,0.7064629835662308,-7.743213368834815,3.783377584328676
0.696885828248548,0.30763190897403775,-6.002656292049132,5.531810799346886
0.2950038174712768,1.4387283086833125,-7.206731027074132,4.133445224840656
1.019426336039092,1.2802280488822513,-6.163038578011799,5.100008029939772
0.2920756219047745,0.6566558281897223,-6.52766953624811,4.934997182134481
0.6858329551524943,2.0243673624631526,-6.210464710418111,4.82393760097618
0.37597481894827767,2.032912756476584,-6.136312851315936,4.917557197622287
2.5,2.461796699733957,-16.461796699733956,0.1700892319352807
2.4986902358209147,5.095641824289769,-16.520230545936926,0.1996103561139062
1.855569759049899,3.7416467729046157,-18.022941006400615,0.08655417978922397
3.1740046283027255,1.8101110677109478,-18.18988893228905,0.0791102138480797
3.18123513930227,5.759179623581953,-18.294536939863814,0.1025140070481152
0.56268207802077,1.1329469366765914,-0.30000000000000004,44.076224778860734
0.23810832791471398,0.26498170531796583,-0.29999999999999993,44.227903485068225
0.7576075292620272,0.27324482843242415,-0.3,44.204888035192
0.7873311042308164,0.5578756953991875,-0.30000000000000004,44.17170642628071
0.7916034388459514,0.9248993823715115,-0.29999999999999993,44.10604679340841
0.206793239064691,1.2980840108050318,-0.3,44.058648723888666
0.5866226504861237,0.45505779207653396,-0.29999999999999993,44.1969071742019
0.46102912452839195,0.26015173941265113,-0.30000000000000004,44.22038908922411
0.8083148518392583,1.3002523671979667,-0.2986981441787153,44.018071431369236
0.5677144920309973,0.908515747183911,-0.3,44.12447122368428
0.21005816461908114,0.9140053879961694,-0.3036703482514258,44.13988792317511
0.20737389616610521,0.5557994236663772,-0.3,44.199270633882605
0.34535555474034013,1.094330644096177,-0.30000000000000004,44.09836915619235
0.3867908500083494,0.7819807769646282,-0.2910020156956714,44.158081312239204
0.6712018851263761,0.7292367397291204,-0.30000000000000004,44.151485182775815
0.3820063329005605,0.44899042395976596,-0.28649686519557327,44.20633270579671
