X,Y,Z,Settlement_gravedad_mm
0.0,0.0,-6.449999999999999,73.30949717744004
0.0,0.0,-8.7,53.13899580548277
0.0,20.0,-6.449999999999999,93.08273043374336
0.0,20.0,-8.7,67.48267696723214
15.0,0.0,-6.449999999999999,91.07368237669647
15.0,0.0,-8.7,66.02536259791786
15.0,20.0,-6.449999999999999,107.36893227309145
15.0,20.0,-8.7,78.76381945414774
0.0,0.0,-20.0,-0.0
0.0,20.0,-20.0,-0.0
15.0,0.0,-20.0,-0.0
15.0,20.0,-20.0,-0.0
0.0,0.0,-2.5,112.980049573413
0.0,4.0,0.0,124.37498838821598
0.0,4.0,-2.5,113.00068368918289
3.0,0.0,0.0,123.27377170545215
3.0,0.0,-2.5,112.97015402026832
3.0,4.0,0.0,130.02997371192833
3.0,4.0,-2.5,113.0039862096801
0.0,0.0,-1.5,112.98169848816475
0.0,4.0,-1.5,113.00246754367066
3.0,0.0,-1.5,112.97160895998644
3.0,4.0,-1.5,112.99969599233943
0.0,20.0,0.0,151.01938124960265
15.0,0.0,0.0,148.30739088303446
15.0,20.0,0.0,162.6437170660757
0.0,0.0,-7.919893125471583,60.72275736233343
0.0,0.0,-7.170290652625463,67.42126252502403
0.0,0.9018843950929273,-6.449999999999999,73.30629789626742
0.0,1.8037687901858541,-6.449999999999999,73.33708743549036
0.0,2.705653185278781,-6.449999999999999,73.28903784246754
0.0,3.6075375803717074,-6.449999999999999,73.34955450910199
0.0,4.509421975464637,-6.449999999999999,73.6041949414158
0.0,5.4682811743249085,-6.449999999999999,73.84132621863824
0.0,6.766664537310033,-6.449999999999999,74.4909272017631
0.0,8.535367858988211,-6.449999999999999,75.27806662010249
0.0,10.446139882490176,-6.449999999999999,76.4745081574456
0.0,12.356911905992142,-6.449999999999999,77.61058294328008
0.0,14.267683929494105,-6.449999999999999,79.63337005504066
0.0,16.17845595299607,-6.449999999999999,81.97534635885565
0.0,18.089227976498034,-6.449999999999999,85.08397155870553
0.0,20.0,-7.574999999999999,81.77230932127385
0.0,1.0374680808083838,-8.7,53.13535905362869
0.0,2.0749361616167676,-8.7,53.15739907087162
0.0,3.1124042424251512,-8.7,53.21630668460845
0.0,4.149872323233535,-8.7,53.308997115858496
0.0,5.193268500196893,-8.7,53.44609294301224
0.0,6.502535609011718,-8.7,53.59882437133206
0.0,8.299232171334017,-8.7,54.1658791704392
0.0,10.249360142778347,-8.7,54.70702654734179
0.0,12.199488114222678,-8.7,55.66810564169572
0.0,14.14961608566701,-8.7,56.98073466853581
0.0,16.09974405711134,-8.7,58.99102961079673
0.0,18.04987202855567,-8.7,62.040355417531
15.0,0.0,-7.574999999999999,80.04224562032417
15.0,2.0,-6.449999999999999,90.57800223492613
15.0,4.0,-6.449999999999999,90.58700705659794
15.0,6.0,-6.449999999999999,90.66332071949455
15.0,8.0,-6.449999999999999,90.77007851033129
15.0,10.0,-6.449999999999999,91.5544763215028
15.0,12.0,-6.449999999999999,92.78199815565524
15.0,14.0,-6.449999999999999,94.42989230535886
15.0,16.0,-6.449999999999999,96.33846433425134
15.0,18.0,-6.449999999999999,99.31068685711246
15.0,20.0,-7.574999999999999,95.11759187078972
15.0,2.0,-8.7,66.000707269518
15.0,4.0,-8.7,65.83395476486577
15.0,6.0,-8.7,66.30059436748242
15.0,8.0,-8.7,66.22796726420742
15.0,10.0,-8.7,66.93103165707258
15.0,12.0,-8.7,67.34880352478253
15.0,14.0,-8.7,68.90239754411142
15.0,16.0,-8.7,70.64873261710056
15.0,18.0,-8.7,73.5000903037998
1.0358901591358476,0.0,-8.7,53.15342459749301
2.071780318271695,0.0,-8.7,53.24985122730161
3.1076704774075425,0.0,-8.7,53.40831151559063
4.147057409796714,0.0,-8.7,53.61889099550615
5.435502326361703,0.0,-8.7,54.02843642367146
7.2113521869485115,0.0,-8.7,54.86485279998499
9.158514140211384,0.0,-8.7,56.215187947407834
11.105676093474255,0.0,-8.7,58.06126631027807
13.05283804673713,0.0,-8.7,60.79410786706357
0.8853087254450626,0.0,-6.449999999999999,73.33767698669224
1.7706174508901251,0.0,-6.449999999999999,73.41161132718382
2.6559261763351873,0.0,-6.449999999999999,73.45710638575744
3.5412349017802502,0.0,-6.449999999999999,73.74179563386427
4.486874456291232,0.0,-6.449999999999999,74.38835995742227
5.764113604820426,0.0,-6.449999999999999,75.02018663943528
7.497383682668961,0.0,-6.449999999999999,76.4118905920106
9.37303776200172,0.0,-6.449999999999999,78.34319996955414
11.24869184133448,0.0,-6.449999999999999,80.38379151663733
13.124345920667238,0.0,-6.449999999999999,83.62682050985532
1.875,20.0,-8.7,67.7877201454042
3.75,20.0,-8.7,67.71988896065902
5.625,20.0,-8.7,68.19334679211474
7.5,20.0,-8.7,68.93651069584593
9.375,20.0,-8.7,69.99619938773581
11.25,20.0,-8.7,71.90155493939689
13.125,20.0,-8.7,74.56193321469851
1.875,20.0,-6.449999999999999,92.62184854630098
3.75,20.0,-6.449999999999999,93.13357334392774
5.625,20.0,-6.449999999999999,93.56732814538623
7.5,20.0,-6.449999999999999,94.75237706648491
9.375,20.0,-6.449999999999999,95.5707949598535
11.25,20.0,-6.449999999999999,97.9404623078714
13.125,20.0,-6.449999999999999,100.52424263018425
0.0,0.0,-18.217948809213944,10.449058197002914
0.0,0.0,-16.435897618427887,20.127466516278552
0.0,0.0,-14.653846427641831,29.071829626017006
0.0,0.0,-12.871795236855775,37.26015243298538
0.0,0.0,-11.120029382178284,44.50473256013028
0.0,0.0,-9.734158344825282,49.654139425010676
0.0,20.0,-18.116666666666667,16.016033639185125
0.0,20.0,-16.233333333333334,28.37350689320722
0.0,20.0,-14.35,39.48592686859682
0.0,20.0,-12.466666666666665,49.56801283671717
0.0,20.0,-10.583333333333332,58.832888573876
0.0,2.0,-20.0,-0.0
0.0,4.0,-20.0,-0.0
0.0,6.0,-20.0,-0.0
0.0,8.0,-20.0,-0.0
0.0,10.0,-20.0,-0.0
0.0,12.0,-20.0,-0.0
0.0,14.0,-20.0,-0.0
0.0,16.0,-20.0,-0.0
0.0,18.0,-20.0,-0.0
15.0,0.0,-18.116666666666667,15.605821602521534
15.0,0.0,-16.233333333333334,27.677774547957895
15.0,0.0,-14.35,38.446832792198485
15.0,0.0,-12.466666666666665,48.44052162395951
15.0,0.0,-10.583333333333332,57.68769855728387
15.0,20.0,-18.116666666666667,20.68921631174811
15.0,20.0,-16.233333333333334,34.83551032598282
15.0,20.0,-14.35,47.04746775927349
15.0,20.0,-12.466666666666665,58.442003522281745
15.0,20.0,-10.583333333333332,68.91014046296833
15.0,2.0,-20.0,-0.0
15.0,4.0,-20.0,-0.0
15.0,6.0,-20.0,-0.0
15.0,8.0,-20.0,-0.0
15.0,10.0,-20.0,-0.0
15.0,12.0,-20.0,-0.0
15.0,14.0,-20.0,-0.0
15.0,16.0,-20.0,-0.0
15.0,18.0,-20.0,-0.0
1.875,0.0,-20.0,-0.0
3.75,0.0,-20.0,-0.0
5.625,0.0,-20.0,-0.0
7.5,0.0,-20.0,-0.0
9.375,0.0,-20.0,-0.0
11.25,0.0,-20.0,-0.0
13.125,0.0,-20.0,-0.0
1.875,20.0,-20.0,-0.0
3.75,20.0,-20.0,-0.0
5.625,20.0,-20.0,-0.0
7.5,20.0,-20.0,-0.0
9.375,20.0,-20.0,-0.0
11.25,20.0,-20.0,-0.0
13.125,20.0,-20.0,-0.0
0.0,4.0,-2.016074587709154,116.14972115626558
0.0,4.0,-1.5321491754183065,119.07838078121357
0.0,4.0,-1.0107035264259099,121.71764010252582
0.0,4.0,-0.4944844972513103,123.35522114034221
0.0,0.5714285714285704,-2.5,112.98080615806822
0.0,1.1428571428571417,-2.5,112.98310408951524
0.0,1.7142857142857109,-2.5,112.98611092479828
0.0,2.28571428571428,-2.5,112.98987519540178
0.0,2.8571428571428528,-2.5,112.99390540755317
0.0,3.428571428571426,-2.5,112.9979244475694
3.0,0.0,-2.016074587709154,115.83266483570866
3.0,0.0,-1.5321491754183065,118.37548541951587
3.0,0.0,-1.0107035264259099,120.70801885452957
3.0,0.0,-0.4944844972513103,122.43442006073737
3.0,0.5714285714285704,0.0,123.19971341139546
3.0,1.1428571428571417,0.0,123.39721819264177
3.0,1.7142857142857109,0.0,124.14970899403117
3.0,2.28571428571428,0.0,124.63283011853375
3.0,2.8571428571428528,0.0,125.63264903869553
3.0,3.428571428571426,0.0,127.40209149307047
3.0,4.0,-2.016074587709154,118.05130001130435
3.0,4.0,-1.5321491754183065,122.33970264777105
3.0,4.0,-1.0107035264259099,125.56618065521461
3.0,4.0,-0.4944844972513103,128.27319893105724
3.0,0.5714285714285704,-2.5,112.97076306216535
3.0,1.1428571428571417,-2.5,112.97401995458452
3.0,1.7142857142857109,-2.5,112.97758224220314
3.0,2.28571428571428,-2.5,112.98262531455862
3.0,2.8571428571428528,-2.5,112.98912590705564
3.0,3.428571428571426,-2.5,112.99398993131685
0.6,0.0,-2.5,112.98002598375074
1.2,0.0,-2.5,112.97894633753266
1.8,0.0,-2.5,112.9774046762266
2.4,0.0,-2.5,112.97467130801581
0.6,4.0,-2.5,113.00121231102109
1.2,4.0,-2.5,113.000615745568
1.8,4.0,-2.5,113.00089681623672
2.4,4.0,-2.5,113.00167703248172
0.6,4.0,0.0,124.52747288241198
1.2,4.0,0.0,125.0993506509607
1.8,4.0,0.0,126.0038924059624
2.4,4.0,0.0,127.75256572497507
0.0,0.0,-2.0000000000000013,112.98111417309576
0.0,0.5714285714285704,-1.5,112.98246643187505
0.0,1.1428571428571417,-1.5,112.98473669026956
0.0,1.7142857142857109,-1.5,112.98770636414508
0.0,2.28571428571428,-1.5,112.99141820323236
0.0,2.8571428571428528,-1.5,112.99548177649649
0.0,3.428571428571426,-1.5,112.99919719085172
0.0,4.0,-2.0000000000000013,113.00186193154717
3.0,0.0,-2.0000000000000013,112.97095129495467
3.0,0.5714285714285704,-1.5,112.97262064747962
3.0,1.1428571428571417,-1.5,112.9753748903459
3.0,1.7142857142857109,-1.5,112.9792494795963
3.0,2.28571428571428,-1.5,112.98420922269095
3.0,2.8571428571428528,-1.5,112.9901770886025
3.0,3.428571428571426,-1.5,112.99579113201888
3.0,4.0,-2.0000000000000013,112.99947456190374
0.6,0.0,-1.5,112.98144472753887
1.2,0.0,-1.5,112.98048836862866
1.8,0.0,-1.5,112.9788051595019
2.4,0.0,-1.5,112.97602613327304
0.6,4.0,-1.5,113.00246973397846
1.2,4.0,-1.5,113.00252842046375
1.8,4.0,-1.5,113.00250652629548
2.4,4.0,-1.5,113.00199235338378
0.0,0.0,-5.566784760442023,85.5840180573773
0.0,0.0,-4.727641313677385,95.56528011117788
0.0,0.0,-3.930370289167833,103.56066908969268
0.0,0.0,-3.1728825157657927,109.33701286061131
0.0,4.549345030274017,0.0,127.60350054129918
0.0,5.211477326714053,0.0,130.58089509511785
0.0,6.116544840257968,0.0,133.71632858294842
0.0,7.353191204506868,0.0,135.90381549105484
0.0,9.026709638077099,0.0,137.95673087702772
0.0,10.85559136506425,0.0,140.58462926007
0.0,12.6844730920514,0.0,143.36221896093835
0.0,14.51335481903855,0.0,146.01947142776285
0.0,16.3422365460257,0.0,149.8073546312364
0.0,18.17111827301285,0.0,151.82903403655578
0.0,20.0,-4.8375,116.28468881502225
0.0,20.0,-3.225,132.77872685913354
0.0,20.0,-1.6124999999999998,144.52930557810188
15.0,0.0,-4.8375,113.64623479724942
15.0,0.0,-3.225,130.46789920441933
15.0,0.0,-1.6124999999999998,141.8955848121549
3.5376396169256408,0.0,0.0,126.86446155532272
4.179587593604426,0.0,0.0,130.60298759090534
5.051280134838418,0.0,0.0,134.12212192113142
6.234972624652339,0.0,0.0,137.45019793663224
7.836776289147215,0.0,0.0,140.773945149024
9.62758221686041,0.0,0.0,143.76258986568334
11.418388144573608,0.0,0.0,147.23151071344125
13.209194072286804,0.0,0.0,148.4320765045851
1.875,20.0,0.0,150.66044406139054
3.75,20.0,0.0,150.95804316739026
5.625,20.0,0.0,152.56610087688816
7.5,20.0,0.0,156.13510188963951
9.375,20.0,0.0,158.34687142630784
11.25,20.0,0.0,160.72126833940936
13.125,20.0,0.0,162.42693064384162
15.0,2.0,0.0,147.14743898155047
15.0,4.0,0.0,149.47134706484098
15.0,6.0,0.0,148.3511669067146
15.0,8.0,0.0,149.62242362452866
15.0,10.0,0.0,153.1188174555579
15.0,12.0,0.0,153.86679346920764
15.0,14.0,0.0,156.3784454577363
15.0,16.0,0.0,160.10533180864218
15.0,18.0,0.0,161.83765123242804
15.0,20.0,-4.8375,130.16145986976113
15.0,20.0,-3.225,146.3188193637723
15.0,20.0,-1.6124999999999998,156.92549686402114
0.0,0.6464508253004368,-7.53593898695384,64.23837618247082
0.0,2.2134498762367705,-7.1815065343352655,67.39750251300164
0.0,4.060702621374082,-7.219861915547923,67.22521869776375
0.0,5.726328380757188,-7.854998335002407,61.770826020370016
0.0,5.0654418589226236,-7.139851561719323,68.094077577542
0.0,3.1500890048186374,-7.205625445885875,67.21175368339607
0.0,7.124222232231739,-7.601159970728278,64.54879635187142
0.0,1.5070741088978172,-7.927762055480065,60.70198576754505
0.0,3.6148609204879403,-7.953060726401148,60.58257198271327
0.0,2.70565318527878,-7.952626154006885,60.503016457908195
0.0,1.2539283655433784,-7.0592254838469835,68.40762392327301
0.0,4.599469113676923,-7.93147316211782,60.9004343612249
0.0,9.27429615705618,-7.664941054792616,64.79670346670518
0.0,17.106156540938628,-7.563328364878534,72.22094181958647
0.0,18.87420942433205,-7.5730547274797555,76.26465841010449
0.0,0.6040658708307174,-8.200498184768152,58.09203411033974
0.0,15.185659080658377,-7.565215441660717,69.74592265437808
0.0,13.260147501712575,-7.563146324464504,68.12373588607387
0.0,11.297723950708681,-7.588014563209519,66.53229642894995
0.0,0.5604527171873486,-6.9330910246852575,69.40703472755487
0.0,6.072939580762281,-7.0133879179680765,69.60424728067741
15.0,3.0,-7.574999999999999,78.75934013445215
15.0,1.1666666666666665,-7.574999999999999,79.68658751031033
15.0,5.0,-7.574999999999999,79.05142620765072
15.0,7.0,-7.574999999999999,79.15686248679218
15.0,9.0,-7.574999999999999,79.42619307125057
15.0,11.0,-7.574999999999999,80.12093159839273
15.0,13.0,-7.574999999999999,81.70848048348941
15.0,15.0,-7.574999999999999,82.98347262763113
15.0,17.0,-7.574999999999999,84.8320975981205
15.0,18.833333333333332,-7.574999999999999,89.68258584038652
0.6403521593805396,0.0,-7.539800109158088,64.22773273477235
2.1770939761018333,0.0,-7.184385879643704,67.47102960029574
4.022835490244577,0.0,-7.239220237401315,67.47184666270093
5.125494030555827,0.0,-7.368257016145506,66.91076515207104
3.0982395508872567,0.0,-7.209580454510419,67.42164774821717
1.4895237348688628,0.0,-7.931650439546532,60.72653486767312
6.474290096687286,0.0,-7.5463877420203245,65.96213256696362
2.6559261763351887,0.0,-7.961090443631818,60.57045798896416
1.234258401568159,0.0,-7.0609969591101756,68.4242041684849
3.588444204053749,0.0,-7.957185953043646,60.817642815755164
4.489807259944661,0.0,-7.948767080271365,61.20955011169172
8.337573778364327,0.0,-7.561053713790541,67.18954245201269
12.119399074551064,0.0,-7.562615458415434,70.88353651748447
13.882763840325907,0.0,-7.5729359097359055,74.83661595011134
0.6002366017887282,0.0,-8.201605257092542,58.08197160240294
10.22381544832287,0.0,-7.570611528700995,68.66184995469365
0.5519838572787522,0.0,-6.934217544178745,69.43312886019176
2.8125,20.0,-7.574999999999999,81.29602341203423
1.1455357142857143,20.0,-7.574999999999999,81.46316316524866
4.6875,20.0,-7.574999999999999,80.91414802165163
6.5625,20.0,-7.574999999999999,82.46334701937971
8.4375,20.0,-7.574999999999999,82.5234668464182
10.3125,20.0,-7.574999999999999,84.33709880911945
12.1875,20.0,-7.574999999999999,86.68177492975029
13.854464285714286,20.0,-7.574999999999999,90.27570999432217
1.1195379840282844,5.843316333746395,-8.7,53.6739097693998
13.397550468822715,8.830124798309859,-8.7,62.24974140236026
1.6291682282195952,12.977799274541029,-8.7,56.34716028390523
6.35048759393019,1.346318888093002,-8.7,54.624840903152645
8.30022656524691,18.241966525719835,-8.7,64.47082166258411
1.5470587472388098,9.247359566804587,-8.7,54.59513287879853
13.224731486097406,13.108082999462397,-8.7,63.66300376427336
3.6528162580910988,0.9119653089950408,-8.7,53.55741429000519
13.409165192880304,4.9915480400817325,-8.7,61.74324667385815
0.883766787545033,3.6195917463093736,-8.7,53.29289323741515
4.824625595673554,18.31631542756625,-8.7,63.200706577151685
10.112137459103199,1.5080343770389322,-8.7,57.18811583194681
13.079827413320299,17.085767629608746,-8.7,67.471729455019
0.9795241892949542,1.6150130232072435,-8.7,53.20330412426016
1.870810435053437,17.10757969351859,-8.7,60.58281575705368
1.3706675792861696,7.419349491828709,-8.7,53.96909388427263
2.91572901733103,8.228997119851284,-8.7,54.51264392674358
3.06847535200785,10.040215474771774,-8.7,55.05915729140756
4.484617449294174,9.016233490638667,-8.7,54.96470617071766
4.638942282684747,10.830643519365214,-8.7,55.765547395228744
6.11976381889652,9.860543819460108,-8.7,55.8013483149833
5.868602588584918,7.945302643666327,-8.7,55.19185458799769
6.240459105669945,11.652295492166774,-8.7,56.582065728517996
7.746725244209765,10.660207715898725,-8.7,56.818301079336536
7.860649196906972,12.474058527127525,-8.7,57.898135450630306
6.337584753933996,13.472999596582227,-8.7,57.88622210800628
7.973602336945914,14.309471043487374,-8.7,59.20846628548612
9.395952452566886,11.465054243608794,-8.7,58.360138478386375
9.27067090133234,9.628513596474562,-8.7,57.58222713319688
2.523379208646965,6.211030249933587,-8.7,53.895144282604456
6.45674044087944,15.319033445318128,-8.7,59.40422439173477
4.881703447753325,14.564516723044983,-8.7,58.14780123039256
10.937202536844797,10.4347339757359,-8.7,59.460864704405665
10.767358869203633,8.57182107700687,-8.7,58.78951194046846
9.126793065540713,7.758906542061617,-8.7,57.02549089825494
10.600904435717094,6.703585025179104,-8.7,58.211250159874005
8.981056924030863,5.872317372459745,-8.7,56.54337500536129
10.562996294334022,4.90794632970405,-8.7,57.799087661915046
9.044898168245725,4.144329462514957,-8.7,56.41493519889881
7.314925578211117,5.058692209412555,-8.7,55.30687560939654
4.172508190023508,7.096657346646703,-8.7,54.50613759445266
3.8381371021356174,5.422799537854999,-8.7,53.99720459725575
2.7008366685240266,4.686437658783252,-8.7,53.663840314412916
3.681409538376279,4.033401892668024,-8.7,53.77629347135163
2.663877125996006,3.5448050742382518,-8.7,53.54267559479988
3.5442177600269233,2.874707176649544,-8.7,53.65194723651685
4.636796680035794,3.3988787413133688,-8.7,54.01729955640171
2.500681330314654,2.572624986863354,-8.7,53.40432135600016
5.537945923326255,5.937803252965695,-8.7,54.6837479132062
11.334090540481565,12.25428240333325,-8.7,60.578986453749856
8.106419460319426,16.19985808667114,-8.7,61.302247086433056
9.701800706139439,15.174461379363624,-8.7,61.19878840883321
7.307861623848295,3.1393196437025335,-8.7,55.17815771794524
6.541283620269915,17.186370129100222,-8.7,61.806617605319786
4.2659646401953,2.085203766297817,-8.7,53.82781869801582
8.2101802396889,1.4389438307316498,-8.7,55.69843315146691
3.1667938398818354,11.844383996068828,-8.7,56.01928068648047
7.419809976646466,6.903429341625607,-8.7,55.82580270657889
12.974294358296241,10.865504244626086,-8.7,62.103482737240405
11.591651974335107,14.225054778660926,-8.7,62.231930716097644
13.425883815877407,6.840271334928222,-8.7,62.04628449288836
1.7003104300500322,15.000115900417303,-8.7,57.96062288053424
3.4344655986573063,15.658058956680634,-8.7,59.036950569040215
9.799881821966737,16.937923804421118,-8.7,63.42009155780018
13.156819784748937,3.0719100480665174,-8.7,61.182370673926066
5.8618322140354735,4.104976137045396,-8.7,54.577955529829296
2.633123735041491,0.8834397638534354,-8.7,53.41589097002958
0.9001850075509735,4.671570411715213,-8.7,53.43793764887944
0.8744406591550239,2.646568924796382,-8.7,53.2837945935503
9.64295786789598,13.31706372926358,-8.7,59.68557783040934
7.592060932535119,8.792817276531157,-8.7,56.19954648347347
4.767911738349554,12.655899969589798,-8.7,56.68351499719411
1.5685826945580148,11.093101094864538,-8.7,55.29389556439407
13.185240306145495,15.066820424759921,-8.7,65.23562442554187
12.004609615760689,1.602029840893017,-8.7,59.383882644217955
3.1024508629754983,1.8331239624272397,-8.7,53.464904628057106
12.09791471210364,18.622482619914166,-8.7,68.75274298521258
2.9137977566879547,18.565394687122154,-8.7,63.41154949245548
11.42025257648026,15.986479813571918,-8.7,63.771835292333435
1.7383133318847235,3.1204131385917737,-8.7,53.3673807035995
1.5818389916473223,0.8204168988696108,-8.7,53.23195273477609
4.9238997106855535,1.1459850631316164,-8.7,53.96381792764766
10.863691808406971,3.159744227394088,-8.7,58.08604428272406
1.754233850658941,4.0776290560362325,-8.7,53.41893223545851
4.983658167602121,16.405294045485114,-8.7,60.28704981702044
2.0179014541835216,1.6708027719042478,-8.7,53.29307104248737
3.263392213818608,13.783462470057096,-8.7,57.15875655621153
10.32573051622521,18.556209167268836,-8.7,66.60336178259166
5.557807077121767,2.536780373263955,-8.7,54.24850627272239
6.558227156238075,18.74893041647726,-8.7,64.87104861931036
11.9893076263882,5.872793907032795,-8.7,59.60082239446068
13.57872080358608,1.4217873325434867,-8.7,61.95752939578532
1.3817018374168897,18.623580948814883,-8.7,63.312155508135916
1.7996345438818382,5.097996742042936,-8.7,53.57302161989277
11.95685127937948,7.630501260448083,-8.7,59.856202049013895
0.7528140939564234,0.7532458342527382,-8.7,53.19781224572953
13.658833746183046,18.682011688774967,-8.7,71.38330945089267
11.344721408019229,17.437772606956955,-8.7,65.63151418335784
11.967386509848726,9.347239992522917,-8.7,60.22712477303887
11.996396141351685,4.400788510455837,-8.7,59.413543444757984
9.12072843409182,2.6399900755554317,-8.7,56.42936043638307
1.6336448246254192,2.3450641327946085,-8.7,53.31958056240177
4.696858161690219,4.571327984420874,-8.7,54.22871646297923
3.682692143376986,17.297193555932143,-8.7,61.204643712257024
0.8617670981733234,5.039498243173883,-6.449999999999999,73.82487899159084
6.630748643744694,1.3035887341852752,-6.449999999999999,75.96902450917162
1.5654579787595058,9.39705556319662,-6.449999999999999,76.43525360304167
13.03995868758933,13.144324500261892,-6.449999999999999,87.071203008569
6.378031836153804,18.478874107674642,-6.449999999999999,87.84062986097666
13.355181116567255,7.190949692696986,-6.449999999999999,85.27851326180615
3.1061365790829063,0.7162055143429757,-6.449999999999999,73.71733731875872
1.6436411658341812,13.366136539306993,-6.449999999999999,79.17344952579248
0.8067206389601146,3.2077066164420693,-6.449999999999999,73.4828941598035
10.3108648016681,1.624364081414082,-6.449999999999999,79.63150596926383
10.1600854426596,18.376608387836296,-6.449999999999999,90.13618669992447
1.607343851652741,17.051485388877058,-6.449999999999999,83.66193912494869
0.8459065519402613,1.371278453643117,-6.449999999999999,73.41731711474374
13.525769813065802,2.982180130808871,-6.449999999999999,85.27621241814755
13.219018926332105,16.934927000045118,-6.449999999999999,91.81459486417853
4.9695083070080575,1.2865495490243946,-6.449999999999999,74.79705261976281
5.913577424747308,2.627808036699234,-6.449999999999999,75.70503714521888
4.4591221232566705,2.6791467021264745,-6.449999999999999,74.67510659451298
5.256234826112178,3.992661408057093,-6.449999999999999,75.07250641274698
6.841661274722547,3.9987897002998354,-6.449999999999999,76.70395577474396
6.120317285337769,5.4597217207033895,-6.449999999999999,76.38023521980537
7.809912513024882,5.458713345653255,-6.449999999999999,77.41901557998904
7.026946466315204,6.994297869266068,-6.449999999999999,77.42536292420009
4.531290429072666,5.364080817483939,-6.449999999999999,75.39306191735956
8.784442167982597,7.002722538193546,-6.449999999999999,78.84116207535187
7.897590162223404,8.606886153094967,-6.449999999999999,78.40673462146425
5.880603302650052,8.44334101418634,-6.449999999999999,76.9180161570959
6.947968849437965,10.19594449873873,-6.449999999999999,78.8689322329251
8.817267292680874,10.19708421683006,-6.449999999999999,79.91632226938546
7.917772967636006,11.832188060008507,-6.449999999999999,79.92985522500359
6.045759567102541,11.842048659957147,-6.449999999999999,79.0114130410356
6.994429065064539,13.46132311137246,-6.449999999999999,81.09035436912089
8.876256154895792,13.44648208970675,-6.449999999999999,82.5180953557659
9.646878173366062,5.393515754576669,-6.449999999999999,79.29567928743086
4.876972745079444,13.504630173764788,-6.449999999999999,79.98113538978393
7.948072529376607,15.070959291094448,-6.449999999999999,83.07454243733196
9.843377740043715,15.055765117577751,-6.449999999999999,84.73388487302762
4.03662110731286,11.631263865296264,-6.449999999999999,78.39094527411481
10.525340480818603,6.908779235523795,-6.449999999999999,80.5550106603712
11.340753887782926,5.255381580085276,-6.449999999999999,81.26208598488543
10.841601446033687,13.342558527068135,-6.449999999999999,84.4942564171649
11.80022131207042,15.043566302202525,-6.449999999999999,87.20495333161738
11.653959224108128,11.583349356736708,-6.449999999999999,83.97456488176344
1.3888028586175842,7.667181831248154,-6.449999999999999,75.42365987759665
2.9210581307048837,8.349888125572777,-6.449999999999999,75.710728854677
2.596252582601598,6.630595356183168,-6.449999999999999,75.10673146644972
4.168834606926192,7.189522858331282,-6.449999999999999,75.8872368976491
2.6670886741530757,5.119322813597869,-6.449999999999999,74.59442326124163
9.034013763815082,16.702499367169246,-6.449999999999999,86.5050342453442
10.490463504411426,3.4701894885940425,-6.449999999999999,79.912203005428
1.2843645317488728,6.277264940158725,-6.449999999999999,74.87665328160979
8.429886685047077,1.4868042681079574,-6.449999999999999,77.84675460399772
3.3156167970927655,9.965180975539454,-6.449999999999999,76.91116200132785
1.9440430286515893,11.42405501697225,-6.449999999999999,77.3356370355505
13.376304464764454,9.091683092416437,-6.449999999999999,85.79385683816996
1.6490141525833428,15.21308820066664,-6.449999999999999,80.82525460355197
3.2169446300005196,16.1525632992513,-6.449999999999999,82.76939426707062
3.0773481533687947,18.225698078850034,-6.449999999999999,86.02911214437727
5.004338811234571,16.923927947208078,-6.449999999999999,84.22579070145396
3.15869004796164,14.376018719792672,-6.449999999999999,80.09904957392364
5.110670799193685,10.245178307676206,-6.449999999999999,77.45623466911681
3.9829719574667877,0.7631205909372574,-6.449999999999999,74.17141924860974
3.5400642110902236,1.6297691744933065,-6.449999999999999,73.80579291476155
3.2488314407592562,2.7646707655951452,-6.449999999999999,73.8036844761762
2.579632681220507,1.9941834292429852,-6.449999999999999,73.49069525355384
2.2551318002885568,2.8655374431263505,-6.449999999999999,73.568195385946
2.791750507077362,3.651668129742139,-6.449999999999999,73.69649098415363
1.704548768179795,3.6395769446086756,-6.449999999999999,73.64759632351758
1.6448789938374766,2.1277591686623603,-6.449999999999999,73.54253592642667
1.956744239283397,1.2833816352828724,-6.449999999999999,73.52683036091594
3.9260194372987076,3.72050110195478,-6.449999999999999,74.47800110901647
6.058555339758476,15.134003581086535,-6.449999999999999,81.69915723557882
8.583414993256584,3.9199672502162746,-6.449999999999999,78.01153856958508
9.787370865338268,11.757802891761333,-6.449999999999999,81.57328704927372
9.69542911931382,8.563983411788666,-6.449999999999999,80.17000285979196
0.7883556427789637,4.065346695187285,-6.449999999999999,73.6939705729395
0.786075319019621,2.3214357452750694,-6.449999999999999,73.40749808058274
13.17103484151905,5.133856165588954,-6.449999999999999,84.38802597463915
7.104989208159871,16.748076254497484,-6.449999999999999,85.00098412443727
8.309776220331948,18.40696971601617,-6.449999999999999,88.78071304653547
11.040702864153488,16.76088146782112,-6.449999999999999,88.45266207672763
12.04920409284724,1.9115082020138892,-6.449999999999999,82.08595471017505
12.107363673270505,18.44963328198382,-6.449999999999999,93.01439693590558
1.3573104286768303,0.679384805525125,-6.449999999999999,73.42615663037652
11.667008480886068,8.368412931240451,-6.449999999999999,82.80830274888119
10.6287524020462,10.08775797751442,-6.449999999999999,81.78620630658544
13.370283634401995,10.979212001024054,-6.449999999999999,86.82593622176583
13.61183978519837,15.024563560501907,-6.449999999999999,90.64241343294486
3.2638564468287976,4.6698344942930525,-6.449999999999999,74.24542679738214
4.279356727313515,8.83862225626121,-6.449999999999999,76.8803149890757
7.55162194532533,2.6306838428054586,-6.449999999999999,76.95853320877659
1.4638336600768382,4.495637687233886,-6.449999999999999,73.88198614130063
4.766943760151434,18.72570002674655,-6.449999999999999,87.79327875922307
4.46310031480693,15.218228744220676,-6.449999999999999,81.30834567350405
5.5455984180603775,6.690192855994204,-6.449999999999999,76.60321565536782
2.2236568825611798,0.5972262974222365,-6.449999999999999,73.56930857843456
1.4747224135783243,2.872587675540841,-6.449999999999999,73.60659976118366
12.11544522792529,3.750623113418207,-6.449999999999999,82.45676165014522
12.151479429950054,10.055915056729305,-6.449999999999999,83.8256088044665
3.0903465328914708,12.833617038026196,-6.449999999999999,78.99984507118546
1.3953730200906378,18.59531291930386,-6.449999999999999,86.8136306176058
1.687495011389831,5.3907581030545675,-6.449999999999999,74.31673394858942
2.3408873756576254,4.315641965756942,-6.449999999999999,73.9244781467598
13.616710343679458,1.417766887058816,-6.449999999999999,85.31688984661903
9.269212139008083,2.646943935317786,-6.449999999999999,78.48290079503278
0.6349764497814456,0.631330454126183,-6.449999999999999,73.53234934063539
13.66569737701091,18.634732122627312,-6.449999999999999,96.39361545533089
2.6755400053271527,1.2859439436903841,-6.449999999999999,73.45171763435617
11.947956648113179,6.622424929310135,-6.449999999999999,82.43004717925528
3.4113610364298625,5.809848659190657,-6.449999999999999,74.86777859486763
0.0,5.898491295996115,-9.769381527744962,49.851874803060326
0.0,9.054537032718882,-18.01200019770938,11.777753332064965
0.0,13.398126676161715,-10.62780496231146,49.2316714764989
0.0,1.4803434221143572,-13.741411132199579,33.379535232726866
0.0,9.438574901392212,-10.41951654326707,48.211019461056004
0.0,3.6311382828293435,-9.598473713595546,50.23695216926801
0.0,14.964248114927488,-18.375305588360053,10.31720553335454
0.0,5.002937233558018,-18.2229119197807,10.431261533241157
0.0,18.42640737174782,-13.417755354810723,42.397038996770206
0.0,1.5046316744079542,-9.728016362104944,49.70238669430734
0.0,1.543301602065034,-17.326923213820915,15.390621343940598
0.0,18.457596254902583,-17.1515579125215,20.157231015849536
0.0,17.03728403520696,-10.412022767359497,54.00785556517499
0.0,1.5245693142747525,-11.910981033461207,41.361258335540846
0.0,2.901725103460699,-12.855056412326546,37.365997218762246
0.0,2.860049138461691,-14.538639592122442,29.65141736378898
0.0,4.325230408324568,-13.614142196147903,34.05118251429027
0.0,4.232854631679141,-12.079293440724955,40.731626718838115
0.0,5.720975602577905,-12.738827773492048,38.01519561749462
0.0,5.838101457017029,-14.397609631321895,30.441076214310574
0.0,7.287250260134536,-13.439564387960402,35.04853299515805
0.0,7.460910102218191,-15.19302020071644,26.709351934219576
0.0,8.953264139004347,-14.195931220805527,31.78219636634109
0.0,6.963608508092964,-11.854256513015708,41.93608698220374
0.0,9.070558398944645,-15.979139724383478,22.87536689798617
0.0,10.614141200470053,-14.944431091150674,28.48520394116693
0.0,10.441676781901789,-13.18617521674922,36.86190454464811
0.0,12.187688114899856,-13.922669870215405,34.08933449386911
0.0,12.235005941521312,-15.677471151652188,25.137696202796523
0.0,13.907312485772986,-14.701685818941804,31.040154427378667
0.0,13.728310635190411,-12.77298491146124,40.35114530662969
0.0,15.42770271815377,-13.591255239593192,37.85344574232511
0.0,15.556151200695211,-15.420556793305972,28.25090251100111
0.0,7.078707969518781,-9.769355145080796,50.04699301784936
0.0,5.908502663937318,-16.308544871211115,20.915107348189956
0.0,15.344571804821273,-11.71054635939177,46.448832944926075
0.0,6.965365824892069,-18.287945242752848,10.12507961815391
0.0,4.199863852531389,-16.856650784720365,17.954101276214235
0.0,1.412358012719853,-15.516105932580658,24.85118967734592
0.0,11.110998722671582,-18.35540221206833,9.897320176302664
0.0,8.745172088646902,-12.20755288859091,40.75484912621131
0.0,5.55563476248826,-11.211461048862404,44.33964564169629
0.0,13.018446196938523,-18.425292747304677,9.726556965256718
0.0,11.18225705873903,-10.364878570561253,49.05020268116648
0.0,2.9523196583820557,-18.22076802996153,10.452036235861481
0.0,18.49780932677882,-15.289329988999814,31.92864927625516
0.0,3.0124509060057467,-11.407786966264968,43.40481995892109
0.0,11.927019593051789,-12.064590137877012,42.460674153431455
0.0,13.926145518334442,-16.690141728148372,20.167385989704744
0.0,4.736559488132215,-9.713178185351957,49.92532968721463
0.0,2.6055325958027793,-9.604605924367323,50.15038501383315
0.0,16.940082039759215,-18.26849592339179,11.509764661390362
0.0,4.046840385593309,-10.726569805183129,46.13113657070772
0.0,18.433691795786412,-11.595371238283766,51.23486611836131
0.0,1.219831449743448,-10.811040320899476,45.70846524991801
0.0,16.94594283819266,-12.512825159906491,44.74699412480551
0.0,4.303368392454098,-15.285962369282874,26.044575233151367
0.0,10.63946599779547,-16.648477680621014,19.5411038141322
0.0,16.995864858857907,-14.393459032136848,35.2401913955134
0.0,7.691974804542221,-16.756130047354652,18.647250283783578
0.0,15.12468007138918,-10.055400483165982,52.909831122449845
0.0,10.346940084746343,-11.648542671409093,43.54328644584679
0.0,17.096853030582793,-16.233333333333334,24.69251280029666
0.0,2.226150716188679,-10.566637300056783,46.66151928465606
0.0,18.70416957190981,-9.99814546779532,58.705493051302085
0.0,2.695442809119356,-16.360166897888213,20.54966333628529
0.0,8.031376300305297,-10.735630226703504,46.68591616501076
0.0,18.679535658932362,-18.70734410051599,9.352747388420411
0.0,1.299124252089418,-18.753128010599276,7.3626345485034665
0.0,15.735563416424945,-17.006361578368747,19.078626576695456
0.0,3.1094954723299693,-10.36073759932904,47.4530436507938
0.0,0.7600388874893076,-9.459156295174196,50.60544313885404
0.0,12.186012475452266,-17.159357103958918,16.974393362031122
0.0,6.7055637672802835,-10.668016892281473,46.67551880721481
0.0,0.696900402328142,-10.170480141036437,48.083818248799275
15.0,6.995298275122293,-10.430595319906118,58.542014050192634
15.0,12.99604877891366,-10.457878897681613,60.05234763789942
15.0,5.0,-18.26794919243112,14.093824630931428
15.0,9.187944730283668,-18.163493211642564,14.863229473728738
15.0,14.982196421774809,-18.287149476694676,14.33447303058127
15.0,18.368985489539305,-13.408333333333333,50.53296411064365
15.0,1.5995530957726247,-13.391982205722176,43.84380261098479
15.0,18.434772506070658,-17.22279962249953,24.988613292996995
15.0,1.473937195015136,-17.1421810775301,21.965439200719153
15.0,2.9359024867272843,-10.566044959973661,57.916793767018845
15.0,17.053495185046767,-10.58397285936624,63.566449434956525
15.0,4.986480209018857,-10.448197806036099,58.49231699073587
15.0,5.987718863579232,-12.153400339444323,50.35193676513639
15.0,7.984516287971353,-12.1666062876537,50.40565799912628
15.0,6.973183660452511,-13.788190196023283,41.72968170135942
15.0,8.97032121146546,-13.790114011916984,41.897441442976294
15.0,5.02525118456668,-13.880599832378506,41.06843639765456
15.0,9.986407357404662,-12.16464993191822,50.69519720157046
15.0,10.970792475506466,-13.902888394273909,41.72842778933621
15.0,5.960639825795806,-15.598686183528045,31.370900581735654
15.0,4.191530648072431,-15.367530404342013,32.66473445577859
15.0,9.704385832947873,-15.79367409769399,30.569522842423265
15.0,11.902407333596436,-15.69779909180076,31.567014829768585
15.0,12.959149334704783,-13.94883896701222,42.337305609773814
15.0,13.936142410261965,-15.580682123166573,33.05623301965508
15.0,14.914682546997081,-13.969815725251513,43.18683018935757
15.0,15.954271065018105,-15.501887485975033,34.73385221509105
15.0,12.937026050000304,-17.399339148031565,20.789089787568027
15.0,13.969968956785163,-12.21289598008506,52.15125046021566
15.0,15.837703363109519,-12.287091677856662,53.52025715710169
15.0,4.1356586613078825,-12.248003775585516,49.80918266398543
15.0,14.976202713975852,-10.49030656916493,61.70983799659003
15.0,11.980394483885789,-12.191844566381096,51.18483671585042
15.0,8.999999999999998,-10.432050807568878,59.05095582206227
15.0,10.993808436700684,-10.441070700591634,59.34735432889238
15.0,7.031324121713944,-18.34794765039046,13.099198139797343
15.0,7.640888189288021,-16.675452710638762,24.832956162910456
15.0,10.946352789365656,-17.19698777496552,21.674890470694333
15.0,18.05630967873827,-15.378540433034125,37.760147564463765
15.0,1.5049387575407052,-15.227967686266181,33.69116822082079
15.0,17.15515415223828,-18.497439389492886,13.660831351122315
15.0,2.9408211758805836,-18.199206235528706,14.432743013656493
15.0,1.424642555661317,-11.580211972156476,52.83127011960609
15.0,18.565769956349186,-11.585816074643272,60.958873395281906
15.0,16.74326581469449,-13.906168468196116,45.31960838070627
15.0,3.1127737611928348,-14.110317255090013,39.909162258430136
15.0,4.3375587020056985,-16.886474532627492,23.40645933396416
15.0,18.608822445189624,-18.642923540614348,13.273062337367486
15.0,16.585831783653354,-16.94580468171624,25.305523422270266
15.0,1.3359602687740346,-18.667763977007585,11.199202830244843
15.0,1.343814018267094,-10.04150414178149,59.97428184426696
15.0,18.6705718995675,-10.040330575479388,68.69073521840306
15.0,5.996980697837088,-17.138180287139658,21.586161959292642
15.0,7.93210113867986,-15.054770921578626,34.666138733088
15.0,14.879093546141707,-16.742972583116817,25.580278558099714
15.0,12.983844494355024,-18.923424390076995,9.674297406070503
15.0,2.86352293495432,-16.17781871326006,27.798289314885203
15.0,11.244662864762457,-18.70437672694019,10.98453634939127
15.0,17.357068339682893,-12.422149135919394,54.63290162461706
15.0,2.6274704752941482,-12.422803548002356,48.76408566396833
4.8001222181083545,0.0,-9.873969317989575,49.8036324141064
6.541061784353406,0.0,-18.38518118598068,9.716582507371802
8.12182571949603,0.0,-10.314818335721668,49.63847823588783
13.229990874693671,0.0,-14.960876079392719,32.93720391339821
1.4191132690722736,0.0,-13.560618510350789,34.259168643276396
2.6240781868295544,0.0,-9.663207965451086,50.0846809088209
10.067451873365268,0.0,-18.516703512755498,9.331113283558912
2.778050630519422,0.0,-18.261594073995266,10.230249334824475
12.184710588658579,0.0,-10.18318050255911,54.165071629114266
0.9573849076667488,0.0,-10.430638445169066,47.1458025208394
1.191059363260563,0.0,-11.824462260330183,41.687812153594585
2.689593804063543,0.0,-12.45100683080569,39.19981855601791
3.04987164984371,0.0,-14.096589815679941,31.911803013847127
4.28417035471891,0.0,-12.821444613045031,37.85536212226333
4.703215938223861,0.0,-14.413020413449154,30.61291044646292
5.91312903292035,0.0,-13.23348986072251,36.44918065188925
6.301779523569427,0.0,-15.09001403222516,27.67381808907323
7.6215449981603385,0.0,-13.61979388999272,35.33018542245989
8.169491476246048,0.0,-15.28686021259842,27.305509943495306
9.395324257769214,0.0,-13.95827815748787,34.7223058953467
3.4066013683172036,0.0,-15.553531479101895,24.81265468519005
9.957757304540266,0.0,-15.640189493483021,26.251415952403036
5.3878045328691835,0.0,-11.479126578432036,43.85432631517051
11.234164559201362,0.0,-14.394282574623283,34.03537128846638
10.625287009383758,0.0,-12.61282027761742,42.24965317328207
12.364593483377657,0.0,-13.109249684074317,41.75697371162162
9.059583613856194,0.0,-16.936842933499282,18.54776733396811
2.276094277228653,0.0,-10.980820080101552,45.16880709643837
6.329182110209366,0.0,-10.026161211518707,49.813705524829345
3.7819513442512056,0.0,-11.079298158783468,45.004293759965016
4.672472709851785,0.0,-18.415821140985383,9.42306634610856
5.55933905383429,0.0,-16.896130731568352,18.039409382352474
1.6499676721624923,0.0,-15.439710416927355,25.26623023527617
10.255103898370422,0.0,-10.641982253847527,50.13631881350877
13.389970387589056,0.0,-17.15514769394923,19.62825157665945
11.74824337573871,0.0,-16.233333333333334,24.11769189749201
8.855948251968481,0.0,-12.178157195005703,42.54444907121264
7.0766217301478775,0.0,-11.863771134549944,42.9061130287357
1.4252639442771526,0.0,-17.228768089952275,15.95311230708608
3.610733062696017,0.0,-9.671934718834978,50.22735364797715
11.963753371005819,0.0,-18.214805166848407,11.780423883609307
13.422198368298226,0.0,-11.6156539227858,50.27649268030493
1.6201009302533829,0.0,-9.654929320600178,49.997466187220006
8.4375,0.0,-18.655517435646615,8.2922032360447
7.264964007537914,0.0,-16.712548563753302,19.3513681632538
3.9724024191145686,0.0,-16.872406667163805,17.971219475582917
1.312598760135892,0.0,-18.68710966917478,7.788854199696937
13.859773300936101,0.0,-13.408333333333333,42.11890316787032
13.62211618080423,0.0,-18.619898115107457,9.768936750283299
13.731949400738788,0.0,-9.956433551735648,57.723181391472735
3.095148098995251,0.0,-10.406976017372235,47.45772181688804
10.55935790770125,0.0,-17.10837488798391,18.144135883543786
0.7553777323877979,0.0,-9.45490943287936,50.63811333788639
11.770378669617727,0.0,-11.632577328176833,47.735152069924574
2.6065307284902617,0.0,-16.58307240954762,19.429760087698053
4.78866766061187,0.0,-15.765020664701673,23.90109109292972
6.544096362511176,20.0,-18.288233336820102,14.891511839769421
8.56050344990155,20.0,-10.381989916985923,61.911032221973045
1.6309053800527025,20.0,-13.40971191524502,44.93527503312837
13.262733438682204,20.0,-15.331496228840452,38.81774099594624
10.109349728236298,20.0,-18.223192586427366,15.869766146532221
4.528803154235431,20.0,-10.385812113468013,60.196578520216065
1.5885922068326093,20.0,-17.101253510918067,22.80670988913401
13.306394166085012,20.0,-11.518144059844838,61.23100365336114
1.623162712047287,20.0,-15.27977065605441,34.22214199262262
3.2583300504744916,20.0,-14.34915593334452,39.807760697409925
3.4162958502109886,20.0,-12.172144890966177,51.40769967549449
4.8880982941083,20.0,-13.411554370029952,45.17355030479785
4.8870781121826266,20.0,-15.290519100046803,34.549214067734034
6.513636164393385,20.0,-14.351707556900935,40.34577237484823
6.523723168727166,20.0,-12.531381082658438,50.24798728691089
8.112293981927712,20.0,-13.473460538367124,45.74407706442046
8.134271971126552,20.0,-15.300995286888925,35.10467221606049
9.747889860279082,20.0,-14.344315416181527,41.977759774272315
9.623535912725988,20.0,-12.177820377837449,53.738409991531285
11.264703670318427,20.0,-13.378265091390668,48.54999684657032
9.843662892469215,20.0,-16.184571185830897,30.299576460758807
11.418584952814394,20.0,-11.565661157558095,58.476333261357894
8.263657857272435,20.0,-17.158190260278687,22.976374574830693
11.613516844407302,20.0,-16.90087952428459,26.045746120807863
1.5935647826629697,20.0,-11.512399054132684,54.435030102087
13.369367384511587,20.0,-13.408994794828478,50.846774910494396
3.251598625090274,20.0,-16.216956945908876,28.609585390674965
4.861052418162231,20.0,-17.14397528522625,22.789589942965556
3.058689850784865,20.0,-18.258556969627847,14.754608200852378
6.533965480941401,20.0,-16.25560347102695,28.871772064320457
6.539507355989048,20.0,-10.626623907457903,59.69581866667244
13.432858692552697,20.0,-17.20578130378667,25.13612907341565
2.79880743124589,20.0,-10.262427556086276,60.70832260095683
10.342546440037973,20.0,-10.263267376490138,63.723093711728616
11.337375640583065,20.0,-15.124798901685475,38.20081262446071
12.191416591237342,20.0,-18.51641350973305,13.478890501548985
12.180824205089586,20.0,-10.134493471074093,66.52125654902216
7.89911371109015,20.0,-11.838163099178967,54.46477759734159
8.408681045774044,20.0,-18.727268105983583,10.990411322089166
5.099487687936151,20.0,-11.84306949637719,53.30163692813493
4.706701886213167,20.0,-18.72781493023427,10.927215480325161
1.3153228380944122,20.0,-10.015465169365857,61.45391833172019
1.3778838191957696,20.0,-18.619898115107457,11.780465902660815
13.64033384775484,20.0,-18.638035172912268,13.504905866592374
13.642419671600138,20.0,-10.059888232551485,69.00819751683396
12.377480454967332,20.0,-12.476827352738173,54.94364502941298
12.377157513701084,20.0,-14.244433462350832,44.70566267232504
13.262699051015236,9.009381370529496,-20.0,-0.0
1.6978385366654103,13.02945058378281,-20.0,-0.0
6.686716038422892,1.5684668286066468,-20.0,-0.0
8.32157332691238,18.246043660639163,-20.0,-0.0
1.7116557727545636,7.047115167638263,-20.0,-0.0
13.2725236014014,13.00646965441448,-20.0,-0.0
13.228566076379197,5.038618091766541,-20.0,-0.0
4.73437223443344,18.256927765390625,-20.0,-0.0
10.3125,1.6237976320958223,-20.0,-0.0
1.741969853265224,3.1381378940437705,-20.0,-0.0
13.322978704584571,16.910001640125092,-20.0,-0.0
1.6555206401004094,16.865399172879165,-20.0,-0.0
13.271864226393367,14.993218962264033,-20.0,-0.0
11.55998631670477,14.004160077372363,-20.0,-0.0
11.55153455168118,12.015789706112088,-20.0,-0.0
9.846500725279704,13.026144723862517,-20.0,-0.0
9.833550659141942,11.031454107469052,-20.0,-0.0
8.12879103135523,12.046920481001095,-20.0,-0.0
8.115262703847907,10.056855814584416,-20.0,-0.0
6.394448974036568,11.081737528818964,-20.0,-0.0
6.385052010709594,13.165874373864469,-20.0,-0.0
6.395427152334463,9.081599517849002,-20.0,-0.0
8.102041491268539,8.077750903269044,-20.0,-0.0
6.392835211714997,7.101979966912795,-20.0,-0.0
8.09139989692606,6.110375650105813,-20.0,-0.0
4.6655671992951895,10.103576823921632,-20.0,-0.0
9.800705929278688,7.079111102328061,-20.0,-0.0
6.370497961640226,5.169181779429378,-20.0,-0.0
9.866476764039323,15.008837679119418,-20.0,-0.0
9.768713697393034,5.14359813455412,-20.0,-0.0
4.753264789324808,6.12862585659712,-20.0,-0.0
4.767957288385568,4.086164258921018,-20.0,-0.0
3.0401857844762756,5.080899360261604,-20.0,-0.0
11.51008362113249,6.069750243569189,-20.0,-0.0
11.436325882177687,4.212560683905192,-20.0,-0.0
13.117850010731361,2.9748553149357293,-20.0,-0.0
11.576211197611205,15.972903592107238,-20.0,-0.0
11.824482637464465,18.131367375262396,-20.0,-0.0
9.974994526675264,16.986030185736535,-20.0,-0.0
8.218318449318147,16.183449086697927,-20.0,-0.0
6.440541521484526,17.18481109902208,-20.0,-0.0
6.393460668640079,15.152336495404677,-20.0,-0.0
8.139766608223677,14.097260473325017,-20.0,-0.0
4.687126185829101,14.175313292043525,-20.0,-0.0
4.734335924188411,16.125895305664603,-20.0,-0.0
2.938594141413331,15.038048539618408,-20.0,-0.0
4.737946764237835,12.138972015755678,-20.0,-0.0
3.1187473212083523,11.431034078185174,-20.0,-0.0
2.955196906450632,9.089685055222269,-20.0,-0.0
7.962165709198569,4.316460939748863,-20.0,-0.0
4.756276495861542,8.100541150461368,-20.0,-0.0
13.270944349981367,11.005307543336666,-20.0,-0.0
13.251793604742463,7.026642951145462,-20.0,-0.0
11.541231967212385,10.025004025640616,-20.0,-0.0
4.8019619684765,1.9240818756986988,-20.0,-0.0
8.52368582924655,1.5497407851668243,-20.0,-0.0
9.817034271779555,9.052047325716455,-20.0,-0.0
11.530591407526801,8.043656169821544,-20.0,-0.0
2.800541655413589,18.453457456065312,-20.0,-0.0
2.8681601482943333,1.5564610373607515,-20.0,-0.0
9.591276915501496,3.2237625625563933,-20.0,-0.0
12.187499999999998,1.5164047677752208,-20.0,-0.0
6.274483762175701,3.3694298241053873,-20.0,-0.0
10.109201482077818,18.61532230264232,-20.0,-0.0
1.2987622820992126,5.0532304843887275,-20.0,-0.0
3.516341203371513,3.082659160999024,-20.0,-0.0
3.443315949773564,7.089373318036124,-20.0,-0.0
3.436050589870806,13.162563701877119,-20.0,-0.0
1.1937538894322288,9.027360044572106,-20.0,-0.0
1.494256108959437,10.762921626960392,-20.0,-0.0
1.2583906636358302,14.986579659256074,-20.0,-0.0
13.546981672346414,18.516701567824764,-20.0,-0.0
6.543008886003097,18.789231720879762,-20.0,-0.0
1.3429523776729355,18.619888395931625,-20.0,-0.0
3.3352005674825334,16.96416047335706,-20.0,-0.0
1.3429523776729355,1.3801116040683772,-20.0,-0.0
13.686070002146273,1.29825201654219,-20.0,-0.0
11.313468073191888,2.678206826763228,-20.0,-0.0
7.59581246836166,2.7937758833428497,-20.0,-0.0
3.0,0.41673094126033555,-1.2712121655386444,119.68172925462734
3.0,3.578657546605741,-1.2706352666735412,122.71452674134403
3.0,1.947973508031551,-0.5816294052181956,123.20640257832538
3.0,2.5719552045073373,-2.0104445957724866,116.07121593360046
3.0,1.4331581331345646,-2.005450617855601,116.26681791935748
3.0,0.809217980083902,-0.4345628366172565,122.74890730168417
3.0,3.167641181703091,-0.5123481884179242,125.39925699531356
3.0,2.0013736006683485,-2.0087884065021773,115.97543569891523
3.0,1.6991297982113744,-1.529674728239741,118.9762445697197
3.0,1.1823316719296844,-1.519740136657615,118.71977634961803
3.0,1.440247043626615,-1.0305901994415843,121.21691603359146
3.0,0.8371356840949753,-1.9993372244885745,116.00381023473741
3.0,2.5707622397895387,-0.5073679813544123,124.1700775595375
3.0,2.832865942748274,-0.906350989968449,122.9272020721678
3.0,2.2200273755689093,-1.5256936757131345,119.11968837710523
3.0,3.1700545725351814,-2.0018045612267277,117.33368067126302
3.0,2.8187113315253853,-1.4536491900809052,120.25501824506264
3.0,1.3559443360070373,-0.50174311472834,122.85985793068905
3.0,2.308936606769883,-0.9706064689106377,122.07873926704485
3.0,0.9067796050027707,-1.026044292825549,120.99867251120999
3.0,0.3941581990149078,-1.7524718480829593,117.43800509803617
3.0,3.607228913350577,-1.7527602905933917,119.30250814739223
3.0,3.5715450692349577,-0.7525940118386101,125.32991850318831
3.0,0.41832412137091174,-0.7649982674486009,121.70166272465445
3.0,1.9232628664416667,-1.1276388955046586,121.23908492868743
3.0,0.7460594112134709,-1.5316701051597592,118.59731481866702
3.0,0.35979413457667686,-0.33880912026343335,122.84637091805708
3.0,3.633551535901895,-0.35188533950156886,127.23681227984885
3.0,3.641170982891437,-2.1541278879058545,116.39417981538573
3.0,0.36054449090769064,-2.1535767320561376,115.07341584157899
3.0,3.2868998384705783,-1.4976208642031164,120.875026439801
3.0,3.209386818381337,-1.0655330851970912,123.06339691164993
2.5669247531185624,4.0,-1.2714263509221082,122.42431872113023
0.4330752468814378,4.0,-1.2714263509221082,120.58800745658935
1.4928846569721412,4.0,-0.5156472215607262,124.366329497047
1.497841319015873,4.0,-1.9624773973381746,116.9478569201158
0.8694845400014752,4.0,-0.5211433763587472,123.77559761273415
1.2280131423414313,4.0,-1.0017120940667394,122.28335362124125
1.7459140241766076,4.0,-1.0034154901094146,122.5630577656592
2.1165842135757083,4.0,-0.5204745112904874,125.40252583876347
2.1497268412827326,4.0,-2.0658134440839717,116.0975302271276
0.8470163594003388,4.0,-2.063559240140977,115.68287617210032
2.585201206790731,4.0,-0.7781256235690797,125.47460702839713
0.43894701581833806,4.0,-1.7641887715936724,117.85370234586186
2.5809082994192685,4.0,-1.7741118815637302,118.75288128842193
0.4097208637787862,4.0,-0.7765899148554476,122.57682360927437
1.4866373475325632,4.0,-1.3857770903099844,120.58076687119433
0.9671129661316903,4.0,-1.4822249218273453,119.70752219568105
2.0341039743868734,4.0,-1.4980914190856154,119.97488304402353
2.209745634409696,4.0,-1.0143066789953412,123.13273100605579
0.7814813518269643,4.0,-1.0106193316060776,122.03034967716323
2.6203570840732877,4.0,-0.35861692642217546,127.4544667383904
0.37584108075605227,4.0,-0.3584435576931009,123.84637944698814
0.3711708434517676,4.0,-2.1697953768432097,115.17921353087871
2.6305925193113446,4.0,-2.1719817006670783,115.84251735920704
0.5270868760481657,2.0085771976557454,-2.5,112.98798852016286
2.529768236403684,1.4145744114599017,-2.5,112.97880169900077
2.518300005279408,2.5874050406474915,-2.5,112.98903603550738
1.5077892239512707,0.5136871967923945,-2.5,112.97900055257355
1.4633495874999425,3.507035625844333,-2.5,112.99833874106099
0.43152491761867906,0.8652653413229237,-2.5,112.98190065837353
0.519409397284715,3.0890755717864,-2.5,112.99542715391942
2.1131921906023763,0.5705516719383,-2.5,112.9769805784746
1.759358575298814,1.0613482372997212,-2.5,112.98028682835897
1.2407081421139552,1.046753101007702,-2.5,112.98158508514463
1.4936483899256088,1.547095122978344,-2.5,112.98380581640691
0.9525561107796309,1.5334180910394217,-2.5,112.98449200678364
1.2202112853601867,2.033782618582874,-2.5,112.98756985028012
1.8034908742663351,2.014256482407995,-2.5,112.98609962344146
1.5300932145493025,2.5525230916906128,-2.5,112.99099219822425
0.872454851341521,2.5347388179958994,-2.5,112.9913722033483
1.1590345711745074,3.0028136376541332,-2.5,112.99489333112996
2.0522194669085523,3.4442198164789177,-2.5,112.99759167946424
2.4205255999565836,1.998353714382564,-2.5,112.98414322255506
0.8869311943005757,0.5677912112356421,-2.5,112.98047217777523
0.8938528111315676,3.530970178866471,-2.5,112.99862791771466
2.51623670642256,3.1236168890272644,-2.5,112.99377056746845
2.038965999618378,2.8584696827061746,-2.5,112.99245629552551
2.5683572364228966,0.8784233104798839,-2.5,112.97574603777082
0.4400538855886612,1.4140054415963261,-2.5,112.98435266688375
2.025269134792956,1.550674276670788,-2.5,112.98216185051272
0.3799223923371715,2.55972941045033,-2.5,112.99194046671677
2.0622751387340013,2.4022016023669677,-2.5,112.98862959326308
2.58037043235553,0.4192625986949491,-2.5,112.97393296734728
2.5687593308652024,3.5764830116941773,-2.5,112.998112956425
0.4213233108302409,3.5868962379139617,-2.5,112.99913917656814
0.40760899288330377,0.40865524266598846,-2.5,112.98045047440965
1.6050922048143927,3.0448504485357226,-2.5,112.99496373640073
0.7903548500803005,1.0854466372404032,-2.5,112.9823117687828
2.199189074704145,1.0951143815697189,-2.5,112.97902898662545
0.0,0.8810483763943855,-1.9864869349273937,112.98293460769612
0.0,1.9999999999999956,-1.9983469766018773,112.98897353943688
0.0,3.118951623605609,-1.986486934927394,112.99682085159593
0.0,2.5713832511211305,-2.0050498436195117,112.99294460297467
0.0,1.4286167488788626,-2.0050498436195126,112.98550511709297
0.0,3.570897919083969,-1.913871765944851,112.99977665155454
0.0,0.4291020809160275,-1.9138717659448485,112.9816638151827
0.0,3.726625905571626,-2.2500000000000004,113.00010584173525
3.0,0.8810483763943855,-1.9864869349273937,112.9733603726312
3.0,1.9999999999999956,-1.9983469766018773,112.98120526683009
3.0,3.118951623605609,-1.986486934927394,112.99242978571824
3.0,2.5713832511211305,-2.0050498436195117,112.98679024353012
3.0,1.4286167488788626,-2.0050498436195126,112.97668490442173
3.0,3.570897919083969,-1.913871765944851,112.99713152632683
3.0,0.4291020809160275,-1.9138717659448485,112.97179983708364
3.0,3.726625905571626,-2.2500000000000004,112.99967924208309
0.9249999999999999,0.0,-1.9883333333333333,112.98012768841416
1.5,0.0,-2.0,112.97886347319174
2.0749999999999997,0.0,-1.9883333333333333,112.97696761067213
2.5500000000000003,0.0,-1.929999999999999,112.9744017826227
0.4499999999999999,0.0,-1.9300000000000002,112.98074505475934
0.26684305150631715,0.0,-2.2436224489795924,112.98046350164398
1.5,4.0,-2.0,113.00226564372606
0.9249999999999999,4.0,-1.9883333333333333,113.002165978107
2.0749999999999997,4.0,-1.9883333333333333,113.00235649190505
2.5500000000000003,4.0,-1.929999999999999,113.0019025861067
0.4499999999999999,4.0,-1.9300000000000002,113.00224052346628
0.26684305150631715,4.0,-2.2436224489795924,113.00158060573462
0.5270868760481657,2.0085771976557454,-1.5,112.98954227548548
2.529768236403684,1.4145744114599017,-1.5,112.98002888756896
2.518300005279408,2.5874050406474915,-1.5,112.9899868663344
1.5077892239512707,0.5136871967923945,-1.5,112.98034447261931
1.4633495874999425,3.507035625844333,-1.5,112.99981766272289
0.43152491761867906,0.8652653413229237,-1.5,112.98341798964066
0.519409397284715,3.0890755717864,-1.5,112.99718792536653
2.1131921906023763,0.5705516719383,-1.5,112.97843474460942
1.759358575298814,1.0613482372997212,-1.5,112.98180344114839
1.2407081421139552,1.046753101007702,-1.5,112.98318710641469
1.4936483899256088,1.547095122978344,-1.5,112.98498489239135
0.9525561107796309,1.5334180910394217,-1.5,112.9860491270663
1.2202112853601867,2.033782618582874,-1.5,112.98886109432732
1.8034908742663351,2.014256482407995,-1.5,112.98775675612056
1.5300932145493025,2.5525230916906128,-1.5,112.99244395442966
0.872454851341521,2.5347388179958994,-1.5,112.99299786568223
1.1590345711745074,3.0028136376541332,-1.5,112.99601905741834
2.0522194669085523,3.4442198164789177,-1.5,112.99892578597016
2.4205255999565836,1.998353714382564,-1.5,112.98523527760825
0.8869311943005757,0.5677912112356421,-1.5,112.98163866974292
0.8938528111315676,3.530970178866471,-1.5,112.99995767266496
2.51623670642256,3.1236168890272644,-1.5,112.99495387943912
2.038965999618378,2.8584696827061746,-1.5,112.99391011452062
2.5683572364228966,0.8784233104798839,-1.5,112.97716269028471
0.4400538855886612,1.4140054415963261,-1.5,112.98591642719323
2.025269134792956,1.550674276670788,-1.5,112.98356921304898
0.3799223923371715,2.55972941045033,-1.5,112.99338402981492
2.0622751387340013,2.4022016023669677,-1.5,112.98996424251555
2.58037043235553,0.4192625986949491,-1.5,112.97547183139443
2.5687593308652024,3.5764830116941773,-1.5,112.99872658251304
0.4213233108302409,3.5868962379139617,-1.5,113.0002671380009
0.40760899288330377,0.40865524266598846,-1.5,112.98204914000176
1.6050922048143927,3.0448504485357226,-1.5,112.99620881261399
0.7903548500803005,1.0854466372404032,-1.5,112.98382542521743
2.199189074704145,1.0951143815697189,-1.5,112.98029425335845
0.0,4.431703389245519,-2.232843073022777,117.7734855077193
0.0,4.405771128529201,-2.799814211290272,112.61002445294038
0.0,4.964987794173348,-2.455999526489241,117.86980592732125
0.0,3.1514003155093597,-2.9845132550633773,110.70419590081659
0.0,4.979849754923199,-3.1385447905476704,112.0073767000467
0.0,5.627946803842745,-2.794848918406969,116.7952193698986
0.0,1.9806515679191503,-3.031634888678987,110.26168361467123
0.0,4.471228616356457,-1.3394822748771888,122.94328129525427
0.0,2.33162507820602,-5.760717456280373,83.02015639240487
0.0,4.002213358893588,-5.722339055631201,83.60122205671075
0.0,8.189950421291984,-1.260138322055286,132.19039829293837
0.0,4.34195488088935,-3.4498347136887,107.74045216003923
0.0,4.960743993261727,-3.8596363040508384,105.38225716117711
0.0,0.6829133303160951,-4.440769212309521,98.5404169626026
0.0,5.460383889810236,-1.990894911201134,122.97548415569494
0.0,7.624291288054183,-5.175822646651497,93.62651508843123
0.0,15.339285662896886,-1.5743057066596498,141.07045510578922
0.0,11.649547768388375,-1.5284530923364752,134.51746049617142
0.0,17.222950049622057,-4.791055770041062,110.5558813346904
0.0,13.301599126758447,-4.828344410478445,103.26604212982326
0.0,4.29149320560645,-4.177983335759794,101.259727838586
0.0,4.94498502619043,-4.6786008682992355,96.91676628238726
0.0,5.643440194328807,-4.271775684060284,102.27605425098062
0.0,0.8676208660256696,-2.9960054275001116,110.459940695309
0.0,18.603534036397594,-2.4187499999999993,140.07505994882575
0.0,6.292256758754323,-2.3133184668345104,122.26215854060361
0.0,5.619845032074053,-0.639845015259283,130.46767441766391
0.0,4.890391192501687,-0.49120289935914485,128.25828224756543
0.0,3.7351059305060628,-3.74792672655825,104.99354456843548
0.0,3.613641257738622,-4.472186778172105,98.16362524799855
0.0,3.062246374548734,-3.968411781443109,103.08865660065248
0.0,5.624966149279839,-5.0959017238332,92.55789297292309
0.0,2.918932073090034,-4.702144898466191,95.76850346177827
0.0,2.3439379255842416,-4.292813045054336,100.05607390769487
0.0,6.338608360165502,-3.4270830132209045,112.36550990737399
0.0,7.5452148525704175,-2.744359994128003,120.37527516485522
0.0,6.5719485189381,-0.7472540270044261,132.3884350575774
0.0,9.52706001564403,-4.975019215303646,97.76702023529064
0.0,5.081143716581729,-1.1927821608547458,126.34209471203717
0.0,2.4479044745338627,-3.6127057287449835,106.11930162020602
0.0,1.8484620225316903,-3.8293645762602013,104.3538784307712
0.0,1.7874786837675836,-4.463274526917633,98.31246655906398
0.0,9.866265724491065,-1.411804295900711,132.9164313865699
0.0,10.318195463894638,-3.2343753623067757,118.75210259043803
0.0,8.908714884596318,-2.516357312294822,123.98788965195482
0.0,11.36825675454533,-4.860862813395238,101.14224522860832
0.0,3.159795385021548,-5.768561023974951,83.02843203060134
0.0,0.677474823450312,-5.201068425469215,90.11684058205141
0.0,3.7844821589395465,-3.048431848675555,110.1389842822628
0.0,1.4095520756949511,-5.681344047022216,84.10958211839683
0.0,4.824371358235256,-1.8014930865587688,122.00070844878633
0.0,1.3691455825478775,-3.411815010598229,107.68982123294327
0.0,15.234864832417912,-4.821376651045739,106.17359405650929
0.0,14.338740560941059,-3.20908624567695,125.09877100106425
0.0,0.7702379514221425,-3.702158677480755,105.56770536677394
0.0,18.688313647567597,-3.9717848797331814,125.50506258863759
0.0,12.386936647867056,-3.2636090334311634,121.23130070708007
0.0,2.6134040113920785,-3.0215986069490857,110.3654119779354
0.0,16.133205826585,-3.1898137594322904,129.0844007537559
0.0,13.485389758530554,-1.5959090130173736,137.31518729369867
0.0,17.18984423412261,-1.5658551617643566,145.16909072632257
0.0,4.958995763950092,-5.640883723057536,85.25098130175981
0.0,6.479897104608347,-4.726678921872612,98.1599443328308
0.0,7.343710733810768,-3.9673972318924013,108.01894520659562
0.0,4.231451266500608,-4.972452208506425,92.86989138565696
0.0,4.469549199870155,-0.8144726050654052,125.2449974296376
0.0,7.107066538181705,-1.619329064950442,128.4633687868547
0.0,6.022107409056691,-1.4172372743507564,127.77629924987924
0.0,5.510117821304396,-3.498377742057333,109.90742748737742
0.0,2.11492104657039,-5.041931060783781,92.11537162605325
0.0,4.358313938154316,-1.7814665658162374,120.0270769969256
0.0,1.2491988234825624,-4.127620109690457,101.79689352849974
0.0,3.4785507392548674,-5.153008519347332,90.58487794130494
0.0,8.583429208537009,-3.8483433013756083,110.59524133831924
0.0,6.143456056129683,-5.669374288141928,85.55102415274956
0.0,2.9532099931311873,-3.471607956644327,107.14957006927837
0.0,0.6187141450707665,-5.8412253524291735,81.96433603023722
0.0,1.4216024215079996,-2.8755316051625943,111.25720891895882
0.0,17.56756955885897,-3.1874519141941784,131.8370002599871
0.0,18.794274503992725,-1.1366221809342338,148.76101806170394
0.0,0.4538276553130266,-3.32389517119367,108.37114555697306
0.0,18.800098334737537,-5.300068129954849,106.8118950172358
0.0,1.3158512425008377,-4.900904487479284,93.70927554243173
0.0,4.374531673781061,-0.35818027162413113,125.9885009471993
0.0,0.3785754185534533,-2.8985566228919155,111.07186664149461
0.0,3.3953052208292798,-3.3887285966460126,107.8743377170561
0.0,2.7322090721072385,-5.2999097829272905,88.97973199691452
0.0,7.305539170729665,-0.906680353502539,132.76637268047227
3.430266915950312,0.0,-2.2399800945575343,117.91416262979578
3.40212990690181,0.0,-2.794651163600836,112.24692259638523
3.963052373530422,0.0,-2.456726421499348,118.37148482196395
2.107221410157682,0.0,-3.0197999247294285,110.30235782750344
3.9750036039751078,0.0,-3.1330579885601186,112.26161950495249
4.615429400979782,0.0,-2.793208834642201,117.61463368998261
3.470184147478289,0.0,-1.3334500205210915,122.97209669168429
2.2216968003294166,0.0,-5.701213606992213,83.80768649498414
7.035874456899777,0.0,-1.2061552158876383,134.72488231195376
3.3810723210328115,0.0,-3.4307897511978673,107.78357111698074
3.9622029163724592,0.0,-3.8469183168542065,105.75820658748061
0.6466086206301098,0.0,-4.344880220218382,99.63164177699375
4.4500432174060025,0.0,-1.9833531626892968,123.99937399344496
6.484434209138269,0.0,-5.1807761412066515,94.56153037809536
10.522985180717011,0.0,-1.5508834266473865,139.56629779103943
3.332791546827928,0.0,-4.1783715773070895,101.49269668874341
3.9402601310659606,0.0,-4.666845430037912,97.22678791918129
12.186518881000861,0.0,-4.825635918585919,108.07459387531274
0.9246200224836552,0.0,-3.007882605982042,110.5689097877223
4.630082936338965,0.0,-4.258765275788774,102.8215895445269
5.327555661324047,0.0,-2.192885393964489,124.63274802425673
13.603534036397592,0.0,-2.4187499999999993,138.29647225760422
4.559896643692872,0.0,-0.6115760825649064,131.10728942018235
3.8668223940063875,0.0,-0.48071393078218705,128.1482988802029
3.226401318904101,0.0,-4.979730774569685,92.96550535076592
2.5803402640601067,0.0,-4.4809733055883925,97.86705388707394
4.608751113410705,0.0,-5.051581226599228,93.63846662600355
5.28437827641424,0.0,-3.45207695674917,113.16567587147108
6.280133250477096,0.0,-2.9885003809435067,119.9659875634004
5.795585768243357,0.0,-1.2280901235082329,132.273763146679
8.235501195735925,0.0,-5.021749185313454,98.82903716806322
10.122192925446475,0.0,-4.874152127718034,104.01821421624217
8.991577172029588,0.0,-3.659504304474634,117.26253702602763
8.725215440936552,0.0,-1.3690840931200867,137.19503104303428
4.067043667910867,0.0,-1.1833822965968475,126.91663800808509
3.832209620391705,0.0,-1.8003416053849444,122.73608753329424
2.811260979572973,0.0,-3.076141129017437,110.15694526131138
2.3896290083123928,0.0,-3.496841663476629,106.99459673724645
1.7871455226026953,0.0,-3.59985421811682,106.22503244416626
10.872049845388785,0.0,-3.1442785356315643,127.39727717213952
0.6761501907160077,0.0,-5.116154742590237,91.21954144323266
1.2857741184964282,0.0,-4.707517389010686,95.87010701149377
1.3557378788733527,0.0,-5.619430986296863,85.00729373156494
7.690027957344984,0.0,-2.4890759520535255,127.05618557437961
7.270046582852865,0.0,-3.869920088672422,112.03370417804463
13.67847093206514,0.0,-3.976080487894112,122.59095849112784
1.5031644925406717,0.0,-3.010268655407512,110.33207609388036
5.450860923983597,0.0,-4.706013929051911,99.09828604210021
12.203455777125312,0.0,-1.4871812934173754,143.0329376923963
3.0233640349594824,0.0,-5.7330098848624695,83.60080058637904
3.9417162270082615,0.0,-5.6212267326401335,85.63855535025061
0.6314984267711709,0.0,-3.5404061008844137,106.61873007857578
1.225200692584162,0.0,-3.978396565716956,103.05070369827604
4.919080089976265,0.0,-1.3078092150587093,129.49846875037727
3.4627599497849753,0.0,-0.8104525841916681,124.87887673128614
1.864214794048466,0.0,-4.284437167900924,100.04446026400993
1.9857664322128907,0.0,-4.993846422658866,92.39594886953556
4.493419426816111,0.0,-3.496805474518894,110.46710341261
3.362041288879067,0.0,-1.781459892388356,120.00611570617473
5.123563834284104,0.0,-5.65189462281567,86.50961397031436
6.153970648573213,0.0,-4.039457499324732,108.42647942464451
0.6518317187933627,0.0,-5.798719210872489,82.62885056708656
2.6068347374695753,0.0,-5.169506080164114,90.44518481821875
12.492975573200539,0.0,-3.2250000000000116,128.56128706559326
1.214325831396471,0.0,-3.427361629221549,107.60770422747213
13.799292742175199,0.0,-1.1453140244307303,145.8060910315331
5.314355581280445,0.0,-0.6475682310284796,133.5325357046038
13.797867146746649,0.0,-5.307843281296006,104.40925246014226
0.4312236898509652,0.0,-2.9442342445264496,110.73928710643702
2.838939874770839,0.0,-3.775066982098259,104.77488082296703
3.3725094893143126,0.0,-0.3599812335726549,125.42182075755915
9.526263491261288,0.0,-2.4019024931881274,131.46839049490148
6.425835418857853,0.0,-2.020941413271479,128.42294156586962
2.2910157283929746,0.0,-3.959560431057347,103.06848628390594
1.3862967957299388,9.884388973509195,0.0,139.69860562870042
3.506170204983439,3.7159852786065084,0.0,130.845242530453
3.4520843275427247,4.352433105421904,0.0,132.5234931113325
13.370563774463294,9.010993663520113,0.0,152.28452547424592
4.115252713040496,3.994802527324801,0.0,133.5605214916753
4.097506910514718,4.868647767203949,0.0,135.31331458700532
4.930786835664119,4.304678216179708,0.0,135.94918208064593
4.926125963276366,5.386327483788065,0.0,137.64637026167978
6.623413049891363,18.289191127803253,0.0,155.12274131959495
5.880423739865453,4.723412031456937,0.0,138.05451873200207
5.903437403474587,5.862477964955746,0.0,138.99237410706036
6.951798659223536,5.14976388017757,0.0,140.82473506676388
6.9789012304714335,6.444511622102352,0.0,141.2850565976638
2.10066422398078,4.519154790012376,0.0,129.55719160886267
3.544466512308322,1.985524078083618,0.0,127.95803902733702
1.5141725739970133,13.390421165722014,0.0,145.3584418019879
13.275087394729397,12.929383964929821,0.0,158.54167741041866
8.097420588146301,5.675006608678555,0.0,143.07843782261656
8.124108173759842,7.07185541671099,0.0,143.6760471007664
6.96178453288098,7.7798850006051214,0.0,142.75292671293735
8.097157031901101,8.492077857918831,0.0,143.97501431169567
6.867929384701593,9.251009338853596,0.0,143.2569771604933
5.643126379745378,0.8900078257228798,0.0,136.39036035860306
0.892928808363296,6.681535233385177,0.0,134.89540253370336
8.15041688632202,10.008916292564514,0.0,146.53779686504757
6.827557480171283,10.823624627341566,0.0,144.71747772413218
4.952912075542831,6.420942305798705,0.0,139.13416730103017
9.279826893778093,6.354423346627536,0.0,144.83371958490824
10.07724328706658,18.326878173928492,0.0,159.92683633752347
8.300749590924198,11.630282150238376,0.0,147.65518649569512
6.855875880050989,12.463203809098136,0.0,146.49823517408888
6.854832238827836,3.872213595963416,0.0,139.1777014273095
9.312393584730794,4.754686670404316,0.0,144.3726411877
8.34747959614877,13.377083515429385,0.0,153.26169704151314
4.752046289617505,3.349816570724049,0.0,135.0866962485978
10.556996591585667,5.541316072789074,0.0,146.76359233984886
5.404829440283177,11.608233378608649,0.0,144.6283849747208
5.381643793294352,13.308472859537819,0.0,148.97837663996057
10.537650082955398,3.9633123416548592,0.0,146.20967627748556
3.2529406659431523,5.169921206305733,0.0,133.90072875749843
9.846685772280546,10.612023528191111,0.0,148.9021043043756
2.7791640730229594,18.25827048294523,0.0,153.85509824441695
3.824309135312538,0.4765548776911928,0.0,128.60758049097052
0.8999429358340081,4.480126811323617,0.0,127.84295484349414
10.581094301149593,7.11067578098896,0.0,147.2181298571542
12.087919354907608,1.658111979980415,0.0,149.74474915246094
8.730465084135336,1.4153803920789616,0.0,142.12290410636615
5.695793142796546,8.465086018152773,0.0,141.38176375930468
11.91542986898631,4.592570960587387,0.0,149.90102086089135
13.07706669064028,16.971871664473106,0.0,165.3427138671295
3.9935145055538137,12.425570139343424,0.0,146.6350207196826
4.12677051378612,10.750481320202143,0.0,141.8523983905047
4.013409131625419,14.08530694727717,0.0,148.24912262855065
5.382801387135654,15.039494681463891,0.0,150.4667237697145
3.9470696630358053,15.688617119981298,0.0,149.78821489695864
0.6786174241261235,5.6640110834860105,0.0,133.21765491640213
1.6743820847332969,5.824744779475474,0.0,133.9421192741671
1.9734235033994012,7.0459777367053995,0.0,136.8156123191684
7.276695762563289,1.565082393148841,0.0,140.85823811846984
7.906402604889335,2.729699367497058,0.0,142.40104692897458
2.7131763436464427,6.092783959598835,0.0,135.6255284307372
3.117468332966996,7.29421910335974,0.0,136.88106853479246
2.3201715363577944,8.434724295517265,0.0,139.30013078922858
3.469336614538154,8.458741297360763,0.0,138.7725270507556
4.7504683781553645,0.9705486808371002,0.0,133.2895549595814
5.172511321084063,1.6925354522776923,0.0,134.83644042334745
2.5511087704608006,11.618262919997917,0.0,143.20264491011375
13.323809436918639,10.988752454493895,0.0,154.02737301870602
11.614761190684785,11.853367206253205,0.0,152.53580825735287
11.54396107171907,13.75887788122299,0.0,157.53322537924265
11.696018829217142,9.948568818236083,0.0,152.48759397316473
10.405303355650274,8.763416306276909,0.0,148.29674883179155
13.21976738194406,14.896279958958697,0.0,159.2064003142135
11.458532077578909,15.650204906846255,0.0,160.41455062523062
9.89487102354965,14.454007623230368,0.0,155.33488128492863
10.319771071932738,1.4310246551676873,0.0,145.7250776518147
4.227229578688853,1.6883754993342104,0.0,131.68655895416384
13.403273309169853,7.100270601858895,0.0,152.89718040581332
5.20259824635334,16.782536316270637,0.0,153.9117283100711
6.82003420758622,16.062883376867713,0.0,153.81186456973913
8.319488549167492,17.33140944295656,0.0,158.77537969127516
6.5982136727913865,2.667194897415057,0.0,139.16735686885153
9.924751374217834,12.614273650760904,0.0,151.55249709120085
1.3733722871109464,15.379935489248542,0.0,148.87651895514998
2.7694375001810365,4.5142159613433215,0.0,131.02207966820325
2.3851001364141178,5.193380984166778,0.0,132.53651942890488
4.524312915461618,7.550848220463802,0.0,138.93645410658652
3.8686664662595702,6.108248950417626,0.0,137.06456867610925
1.5001011933024646,4.515638684284918,0.0,128.48211818763414
1.1690784686565432,5.0673996242214985,0.0,130.67964487011352
5.591794859423176,9.996694055018327,0.0,142.55699916325167
6.843675538582939,14.208923712888193,0.0,150.96854590337233
3.5009768695672374,3.143140403577271,0.0,129.4225835661129
3.5083771224983566,2.5690631278958582,0.0,128.37860562652784
3.5357855928885904,1.4153058914525518,0.0,127.3443957235078
9.38712128499357,2.95478480961531,0.0,144.32318030502188
4.064772704798731,2.8547317215544106,0.0,131.7139283592419
4.595907856355209,18.42908311669315,0.0,154.08962022603598
13.360294103001783,3.076782823660789,0.0,149.35325557369663
1.350164164915179,17.17566121689968,0.0,153.181244376229
11.746427500775694,3.0870947424088375,0.0,148.93155545219568
9.877834413158887,16.328067872402034,0.0,157.8116450651054
1.0411680422238119,7.910150538445604,0.0,137.03305057968163
12.064900480532069,18.51416814814965,0.0,164.47343867704745
5.836190216771332,7.0872918553464155,0.0,140.67530469501943
8.152326677480428,4.05740094190341,0.0,142.55421191334227
11.973271548749906,6.288786427417209,0.0,149.26387488559064
11.920206790723688,8.028549862023947,0.0,149.20867116190294
9.256816889756639,7.829325354581411,0.0,145.03385071236846
0.5309782116128928,4.899668171181268,0.0,129.70989838509627
5.76193975898966,3.581012460160296,0.0,137.34568107893028
4.6394525952169925,2.3719718975475264,0.0,134.2139879288133
13.44204480498464,5.176401802254047,0.0,150.95709107059815
8.350563888032324,15.293729257295706,0.0,152.78735592846257
3.458002371541182,0.8556191926491109,0.0,126.52829144491979
5.55533577717167,2.5687594492226102,0.0,136.00488101217405
6.133985529568081,1.714454847475758,0.0,137.32266337010512
4.028263659982949,0.9807797788813742,0.0,130.16147784041726
1.7756180152981718,5.02846418267013,0.0,130.93036568439112
3.9968597027022508,2.2939332648831248,0.0,130.664435064014
4.627889194800342,9.081729646951251,0.0,142.07790106716735
3.024948974515544,9.745404331247359,0.0,140.9868115346938
3.9878437564014817,3.411695300357408,0.0,132.30109108558065
8.407667845523005,18.824649811238032,0.0,160.46939845799568
11.242653174309035,17.203503052518336,0.0,162.43514583307027
1.0740137914319723,11.770032228557826,0.0,143.31091370380466
1.3823861563366733,18.60092636387674,0.0,153.69389943949622
13.653393434234468,18.69720796252455,0.0,165.43328892136572
13.730546981941217,1.3349255271633584,0.0,150.19385898838667
3.4118232316996266,0.4202618206684471,0.0,126.16200974796455
3.7948276617650682,17.15531281628614,0.0,153.63071171378195
2.936781458424143,13.217775788582125,0.0,144.84088561512812
0.4382304410606829,4.42564915106842,0.0,127.23582934553157
2.7251445978689697,14.677256109516698,0.0,147.72176487092406
2.600888008102853,16.33343910870056,0.0,151.80151664726378
4.366781780378739,0.4855766674819334,0.0,131.72230287575397
6.625111317135262,0.8339090132694958,0.0,138.76001160033874
10.620656155734197,2.683360444181752,0.0,145.85760481161265
9.103342401117862,9.161895484751627,0.0,146.32441203626544
4.706984386728749,20.0,-4.84498343495742,117.85042959505422
8.447342499289654,20.0,-4.827099050847067,120.24153536703588
12.274070723100706,20.0,-1.6541929009089973,157.8828376401613
2.729425398771679,20.0,-1.6597113720916736,146.33234547805932
6.5625,20.0,-1.6237976320958225,149.14821465804374
13.671100901479585,20.0,-3.987419532656462,139.5011914316567
1.3288909969837404,20.0,-3.9874195326564625,126.18818827272979
10.340821902797623,20.0,-1.6129956175212996,154.78337872279158
11.164346806613986,20.0,-3.2339312480427993,144.31314963333685
8.457819154579408,20.0,-1.6147270084935492,153.8379742131399
4.687269837559748,20.0,-1.623664747748986,146.69117882995522
6.565871299157507,20.0,-4.831181837371002,118.46589288806364
10.3125,20.0,-4.826202367904178,123.04991883508117
7.510548134448174,20.0,-3.2188240935415884,137.74114102710655
3.85220351982833,20.0,-3.245342811666131,135.54197897691338
5.647562862953752,20.0,-3.2312990928968253,136.43164720400128
9.372229749621471,20.0,-3.2222965643917476,141.45636141874047
13.603534036397594,20.0,-2.4187499999999993,152.9198847263415
1.3964659636024073,20.0,-2.4187499999999993,140.26314846856636
12.2679507894253,20.0,-4.785284174050334,125.76501577297888
2.737188925205321,20.0,-4.789597407004132,117.15215769862334
13.80052095189966,20.0,-1.1370885801818007,161.10529994614575
13.812810338180975,20.0,-5.30204074134136,121.37563492639502
1.2001782724748171,20.0,-1.1381922744183344,148.0917914707545
1.1882159844378124,20.0,-5.302903387932119,110.15754359937716
12.596200651403434,20.0,-3.215915571131718,145.79627630936272
2.4088349608782957,20.0,-3.2201642246836797,134.68710350556276
15.0,5.0,-1.7320508075688776,142.70182665298069
15.0,9.0,-1.7320508075688776,145.00461165894376
15.0,13.026087411312233,-1.640737650974974,151.59356842763628
15.0,17.118629576422748,-4.758319220932036,125.34085818558881
15.0,2.8858414745204106,-4.779812168057795,114.78290458117537
15.0,7.000000000000001,-4.7179491924311225,115.22968387665303
15.0,11.0,-4.7179491924311225,117.3366472616498
15.0,18.632296619824672,-2.4523962782594753,153.19728294500163
15.0,1.3867551122160808,-2.47492050434571,137.91656097854533
15.0,15.057750106914213,-4.758161424611618,121.87538020536199
15.0,15.966575948694999,-3.154320984265093,142.88226493216686
15.0,13.041848711321393,-4.79021829802933,119.36537619912437
15.0,4.980973579086735,-4.808340658700148,114.22341250028286
15.0,9.0,-4.7179491924311225,116.37183872103985
15.0,6.999999999999999,-1.7320508075688785,145.00903200674023
15.0,11.00188374386287,-1.7078461765712731,146.941668759756
15.0,2.8844542100366493,-1.6788643587664414,142.39941840208266
15.0,18.656861979799647,-3.9759031485754948,138.61380719672175
15.0,1.3461701574628262,-3.983239344110829,122.84896517101954
15.0,14.066406008924314,-3.1686532935720644,140.24613779773506
15.0,17.11641576358268,-1.6360768887979233,157.64776025689306
15.0,15.028260256920824,-1.5794103881885384,153.7906568769697
15.0,4.054110903199177,-3.2415113321822107,131.89791640328312
15.0,12.022704312570134,-3.208400768596461,135.83906001992008
15.0,5.999999999999996,-3.2250000000000005,130.88402581672082
15.0,7.999999999999997,-3.225,132.60390681162315
15.0,10.0040980094055,-3.218199356266476,134.3741439030461
15.0,17.476189665486295,-3.2038595029757153,145.9233501745333
15.0,2.5417993269470687,-3.2284028272921415,132.17385926868334
15.0,18.755098311244478,-5.294344473901506,121.41021735188195
15.0,18.749742476681472,-1.1401946334114799,160.64262187899996
15.0,1.2464023263966475,-5.300110302433724,107.60902325412488
15.0,1.2542418644505462,-1.1532569726224304,145.81042411058968
5.444146305612427,3.714285714285713,-2.437345875405098,123.7234479008687
2.7000000000000015,6.477344576238535,-2.465835133103261,122.70137827285347
2.68418154475973,2.8561532329873804,-4.48568727476005,98.15355234990257
2.1,4.891403349004306,-4.399056621447109,100.28442638982492
4.712791575216538,1.718173824158325,-1.8525514996891164,125.91704261904624
4.489062772084426,1.999999999999995,-3.8516677080364534,107.20434480578731
4.335622709543104,4.425791462499809,-4.305115474316886,102.98287814381301
1.7583885980397942,1.7078389112231516,-4.016539499500336,102.86499134982978
6.405462227958025,6.762197776906051,-3.2258028161893333,119.61288708730437
4.277754345261371,3.340153192289094,-1.2650711562702515,128.67802620237507
4.4423192766265265,5.073907567668192,-1.7741118815637302,127.91243294082221
1.5,5.493953453024291,-2.314951773850251,121.17366708969134
1.3632457271497935,3.2235084954939754,-3.8450822097534996,104.37143410947112
9.717560081531397,7.098882933206786,-3.215218607169465,124.9614382682107
8.578416344994505,3.2918518260496,-3.1130452771672537,123.04689605878237
4.275652186932939,9.212736000154234,-3.224902421914586,119.505570799617
3.1479958722603087,1.3906084897516968,-3.9006400966555104,104.1097952840298
2.861943416173957,5.303969624669628,-1.2714263509221082,129.0439082773312
3.79222905601171,13.257970509104796,-3.2202952509226233,124.3748620936826
11.817858871260421,3.1731217591194594,-3.242264522657739,127.9829606770705
3.13236678057153,16.875572364529418,-3.1268428304849794,132.22209929762747
2.7,3.874160003539676,-3.7272089162278337,104.93859217709841
4.197922412447897,3.714285714285713,-2.437345875405098,120.50645666452363
7.414593200810552,9.790005659444068,-3.1003772519860338,123.79416127197545
11.878649505734618,16.91046162320049,-3.0958330428314644,143.03754158401614
1.379948675836558,2.5487405421271148,-5.081947527705248,91.57909666973016
2.7,5.130265323595378,-3.1992870466973224,112.9306848266186
3.756153025717999,3.1428571428571397,-3.519754960783083,108.66476891907693
1.4866211460522423,5.112386314239163,-1.1066784706009027,127.6472292136152
11.386954559386,9.92066058729382,-3.2642629811606727,129.81230187572191
7.08066441431298,13.337677376691738,-3.1635651858611773,127.57248725318945
6.809697034463255,2.107587396239869,-2.0573562267456555,129.4064188195162
1.1777711951916754,4.758150009847203,-3.4934695860903124,108.47455377563007
2.5044309047153623,1.3564489483052915,-5.100577078291418,91.44482172169745
2.231491774225326,2.6395757192856752,-3.534857581065575,106.74416408742498
1.0128809805551247,1.0352505718990905,-3.5353489845123427,106.90509080072508
8.441359988606413,16.86318441601318,-3.236083012293335,135.51025584374588
4.103246837012067,2.5714285714285663,-2.3385962888726524,120.39751958743864
6.607006034953166,2.8475480794036083,-4.2406309065623775,107.71992767921202
3.9301832130497014,0.9698038743319656,-1.7307987061753611,124.10639882224815
10.400907116983317,13.54211685446192,-3.1588308306718345,132.9386830275777
2.028039890638504,7.001980880829106,-4.449629894273835,102.86208252192696
1.245635954804485,1.2956597938307253,-5.091497908273382,91.58598381985625
1.2371860004073973,3.8360091983920026,-4.9835365681295265,92.85809334407851
4.170004562021842,1.217429454142055,-2.931595976548805,115.1455034532381
2.378921129603688,0.9785026378455968,-3.455705169867212,107.40218206894033
4.285074905695099,6.716847561822616,-4.114474829736817,107.7983988911926
3.0915155381648862,4.102728594353839,-5.104725158631581,92.24149430112608
12.227375912979962,5.913795054703692,-2.7736919477499082,133.96984710232863
3.696290637235804,2.0535506628522295,-4.986617838835588,93.59018132601308
5.7940064720851385,15.869462091080742,-2.7209225432640873,135.24087871594088
1.0326915661958755,2.2747909879025148,-3.5071330864351795,107.22642640997746
4.0690563917520235,2.1262582263780287,-1.0740720689778092,128.01980621018603
2.884515737765627,4.940316510676125,-2.258037293854577,120.6820209717754
0.9,3.8613875331750847,-3.362965471046201,107.88025518284326
4.668711235090248,7.159037317108613,-2.07769469814007,128.26544325535002
3.7498701424222194,3.8635176096963617,-0.7525940118386102,129.74542414196344
7.325731819061349,4.95368890870397,-2.2234980980783314,129.20162174598718
5.471394547259458,11.40639566957484,-2.57322030604018,128.5285616936099
2.1661783355371353,8.59086284287037,-2.901148496833349,121.19248575743075
2.471066597192472,11.049267825773988,-3.823890960894929,114.20875065353437
7.971559814458866,7.779327494079781,-2.0722330750749287,132.68527331517885
3.805256983145499,3.2184840246058783,-4.717037792584435,96.81332655995745
3.649283370107624,4.701970224066206,-1.2714263509221082,129.10562674734325
5.717198675757835,1.4650965511010587,-3.03257879438981,118.56729782519311
10.225367450693502,4.756261423705258,-2.2199654023989503,134.71976265930365
2.8421082577499743,3.1428571428571397,-3.2684692406578897,108.79115048943258
3.8365103776899447,4.7380655932115285,-2.993351344188248,115.63778597068622
6.263378074144576,4.791355639914629,-3.911623237056099,110.98604927534572
8.509055316206517,5.358929024788732,-4.193286386708397,111.28517442534654
3.8111679824478113,1.716299230130255,-2.1716769551574786,120.68533811515911
3.7629961600802577,3.877563459927788,-1.7741118815637302,124.09505152432735
8.848715722413482,11.698073838102495,-4.0567807773716975,116.76943483511751
0.9377487062324628,2.0013384425145304,-4.425158689706183,98.96846550849241
1.3297185722039702,6.500787253815361,-1.3344244839558292,129.9716737485453
2.7806972685232125,1.9999999999999953,-3.2981231803705535,108.63295378959194
2.300176236653491,4.747981045604719,-0.7415434158934705,128.57614553099717
0.9,4.862105800569774,-2.621653976023881,116.2341440669622
5.5594697553430965,2.757719447344128,-1.40178103890595,131.20819135834796
2.2085126128164254,14.816342039368227,-2.332197271932137,134.76965866717617
2.2236124983245844,3.390406607180653,-5.4115721980722356,87.58679712433393
3.738421551321502,0.7600793162857729,-0.7464548457372666,126.95477859135262
12.496102370105424,12.191285035046828,-4.024176141463304,124.91765812042365
3.374074713344718,0.8571428571428561,-3.241063091315098,109.20744192170399
7.960215671121296,7.961127146198671,-4.30540245463896,109.53107057489015
12.670959805834329,7.958681453309733,-4.160203164337174,120.05113286015009
1.776851814660193,3.6543749406635673,-3.2605369787929934,108.75037838651858
3.6827742557333556,1.9999999999999953,-3.065658401329893,112.04886935882628
1.7606120706064283,1.3775809106903494,-3.2088678076439265,109.19489780207206
2.121479306607628,0.9064059150626713,-4.3625599858695825,99.33821220698677
5.165900671041041,17.784650992077278,-4.031512237867467,123.52463456451179
9.453914127112172,9.468660110587491,-2.2025427433668936,135.0924792401719
0.7289915478520237,4.706842407582104,-1.3036167735156199,124.45670217564431
5.196679557020769,3.3062732391872283,-3.8442617105016117,109.03245298991253
10.200043534981011,2.1310973460778415,-2.117888742933106,134.73112325245808
12.615114285420088,14.566301844400302,-2.4463781697141576,145.71904180382177
1.1360079510630745,5.057683504256642,-5.158203415058731,91.62519738020974
1.2825357630642906,5.8858887683644845,-4.153023299765605,104.4381634654907
10.61944582362857,4.650746108189287,-4.42002197391292,111.04682266490681
6.100634357464398,8.637399060812529,-2.011648859198375,131.04868446619147
4.114626382044144,1.0200657917211968,-3.947392750561252,105.04076445014064
5.055300328620546,1.323863512289087,-4.940924430258234,95.90090030481574
13.024302577764512,2.001456521386236,-1.9118644191171166,141.55854163047405
10.116306119316103,2.255819733948077,-4.331729581564979,111.61014732835552
3.706837390860957,3.1016412606028205,-0.7954964156058733,128.10957573646152
0.7979407220267039,3.031418474250937,-3.274975098621313,108.8254102661751
4.228732705651987,15.233347790642618,-4.210091406323524,115.53542318757864
3.430741284113903,2.3271603018719067,-3.9541295035352495,103.86304423670818
2.370292657687213,2.3603501311480115,-5.3472669996224305,88.56259326284048
6.255767098125756,6.496075291008682,-1.5458867763030275,133.0259788680099
3.4798991561969146,1.023006098416025,-4.841222781509186,94.78534396351439
11.517553077096236,7.956765465152481,-2.1998947241584883,138.47316536839764
1.754503099065935,2.555436775334906,-4.277938358420485,100.36785947134129
2.051503313456248,3.627348468631241,-4.444994307027804,98.32126758845197
9.520729343545934,9.552131058464262,-4.432145510828957,110.3626814577241
1.9585560261548034,18.02713289383355,-4.477885440732161,117.07774410098703
1.3438308522688491,6.8166677448027135,-2.988116988057695,117.98034416055668
3.1768562463387857,7.911695433676496,-1.6181725038430252,130.62881188734877
4.712271104146042,0.9865228890406392,-1.0416840896100834,130.36196892623374
13.031027075713196,1.9546667558485307,-4.483707843194564,115.37091791660475
8.662788500107455,14.731280879090145,-4.225750681705941,118.24391477581037
3.4334929812705264,5.6018824056986265,-4.809585612329606,97.64884791566617
6.035761931726427,8.591986170515046,-4.051218435590779,111.26999601970914
2.5339202724310446,2.081089633027382,-4.125925278434951,101.91741606829704
2.282759320475517,14.260409011572406,-4.447687813468432,110.33225063314083
13.040013828655425,18.042095860319197,-4.510314260506771,127.77697090525506
3.5999995415718504,0.6446555612697028,-2.2180241529480362,119.18323092254336
1.9369683207856383,18.06303167921436,-1.9219531922345894,144.85406555060646
1.8528737705530953,4.78759888475431,-1.830635903764812,122.50602839462984
4.968560142027187,14.174260400810383,-1.8124762503952891,138.74368922879103
2.1518911941679546,12.697746624933702,-1.939011266585216,134.1966899712539
8.835597172439108,6.079155648801493,-1.8478091384176665,134.86415329301045
5.376034126949322,4.019882469331919,-1.1814756888278364,132.16017465978192
10.137986587636163,15.648613398786905,-2.2089390545550764,145.6643409870768
5.159114646397189,5.701739595615429,-3.109586144052637,118.65706442201557
5.476123007751059,12.555477222674856,-4.448807429032343,109.24724304762518
9.394473198158442,11.657316371598883,-1.917779311333009,139.47662820845184
13.092839641044272,18.068324814756032,-1.887920368087949,157.58544645992592
2.1,4.4770429068031365,-3.1850777295765424,110.28277284311491
6.764789283785299,3.6454438029866414,-1.682005848324514,132.17024731638153
1.7356284328073108,2.1376484140405885,-3.2483690677774417,108.97298905753797
6.6597692668137185,17.899014908987844,-2.37517664482803,142.46210933740204
3.534827888972463,10.779174717155596,-2.0235227978761055,131.61093193719384
2.02567849305508,4.468251326643728,-5.407205843707628,88.30714718740776
7.340837571765872,11.634793527523442,-1.7967746655918664,136.9487984931295
5.902159531038754,1.4840900103985484,-1.3274828579774882,132.1921751434585
3.084682680693256,8.580434111726747,-4.567957101752216,102.5763625028196
1.8002777908606755,0.6508504106142512,-3.154452662974829,109.56200216347901
3.3701324867552094,3.714285714285713,-3.135844878351497,109.98728598777015
0.8190899214561747,1.1549293187388863,-4.361577130742912,99.49760346805029
10.192166005284207,17.82414351012443,-4.270139732536377,125.77465987721345
13.12655540453747,4.047581952020271,-4.633078704737076,113.4007318552669
0.8454975294772853,2.8749535331235236,-4.464525158741186,98.4488320656837
5.352621779164192,10.49986173643578,-4.4187021312845465,108.00675863482692
3.7093652919167934,3.031355074708953,-1.7040293875095656,123.67020275996252
1.4883662048135995,4.071581885682353,-3.9613306134518522,103.54045100643239
5.297494032335181,2.513027760070286,-2.5646328016657924,122.01328074219693
4.642287915577276,17.51112775639399,-1.8574878964132966,145.16810006271473
10.789323315903488,15.402531911293757,-4.329975462513369,120.98134164904727
2.191574192285349,5.711348601989629,-5.345583673501381,90.09324073530021
13.106121325894474,10.020303276784398,-4.534937022528978,116.77440211217926
0.7827400030902159,3.1324724086666222,-5.364104419480738,88.31585938078113
1.4810108024195223,2.811876278129768,-3.1746647456494754,109.56166959447974
11.188852271499718,6.6075780963952555,-4.5427734691591155,111.29223992869719
0.6694452982541738,1.588989804668681,-3.1825151707941566,109.53994041512705
7.810017399813896,1.696923261773449,-3.51584799066829,117.4830150556406
3.1051329437251027,2.992419379386654,-5.34808736207588,88.74775221088422
0.5822868931345735,4.586825574674123,-1.9966065648279563,119.93903512951096
7.754742629798756,15.125510551173255,-2.0981981247046164,141.51270229286297
13.076063512167877,4.11758426815519,-1.823310964606452,142.8250209826268
13.08058632749997,9.993570612291595,-1.9115452615040511,144.77543311228158
0.9597289869084008,5.716958997389672,-3.1909131093140206,113.62473065122326
8.513465325159235,2.1948223153906588,-1.5769102772934862,135.39138123518345
3.0745058728218706,4.726631045990658,-0.7525940118386101,129.9043070616987
5.818741522707335,5.020797322126517,-2.0679859852827835,127.8145514205331
10.230881846401246,17.901423826075206,-2.1119857217456217,149.95011986431314
1.5835184996939162,0.674389334772611,-3.8808857051458405,104.066909597657
1.8508242645415884,1.862793852572338,-4.858839122606606,94.32117423005403
3.7048400164826956,3.1428571428571397,-2.7079330660144745,115.43148708625122
12.933487602709498,15.636758058994774,-4.489677729624709,123.15267537891356
6.376857301724499,1.4108224117070036,-4.331547511346163,105.84736374778457
0.6203876206505894,4.611979691114097,-0.6142825152383731,127.00239786668088
7.0123627805015305,6.167497605654102,-4.831979745679645,101.04676248464087
7.216174005885081,17.993839766291206,-4.55651861034527,118.74270363311032
6.238213803960499,14.760229465872717,-4.417090819137667,113.41257889789377
2.190365870047341,3.1480690422179656,-3.091007635517119,110.15528049524734
3.0921211108079194,6.634007410789435,-1.1805580742359378,131.62230346199914
3.566283654040707,2.2523063948576865,-1.7709472163343853,121.98849925215542
1.8083015081729674,0.8261915505308713,-5.65589900868919,84.57430995636446
11.532474661560038,11.756204006917047,-2.1489685231282594,141.85477165920676
0.8753250087124327,1.9705544085248077,-5.649096043595219,84.59741908644138
0.7090330467221742,3.6098367722941145,-4.099233369345019,101.91716761141028
0.8335080143996612,4.413123407553321,-4.4482343901870305,98.8381827558546
13.110804203038912,6.0481887946795325,-4.56500505279634,114.71339275956645
8.307179622640506,2.8223450138571367,-4.828510900043183,101.81931737769122
3.61273765411827,1.4441807930287203,-1.3452351840309207,124.28744930545761
3.821937994688344,15.65980692893878,-1.873175726092143,140.73821633570856
0.6569047158286996,0.6117899240346829,-3.138981393392743,109.67226477611183
10.904131095707028,6.320850645909373,-1.6010901308539218,140.31908662308948
5.085162085397013,2.742336324963271,-5.1596912058418365,93.08146879825243
1.6809771467016488,16.108064417618117,-4.196235329889638,117.31318850605346
1.6783175104285717,10.324755637718697,-2.2294715247677566,128.4784129590013
2.733018820310507,0.6529939051862874,-3.0581123033378113,110.1372554911106
3.4514959025706538,7.6909787636060365,-3.170702416862131,117.8029203409214
2.7129568890768625,4.652319022774774,-1.5189013356276502,124.64530114642274
3.5873046422684562,4.504059790834347,-2.258037293854577,121.09895782055516
1.2253319193230732,7.814901983703677,-1.9413748055415518,127.76340711529186
4.709099918086532,0.8645966641383299,-2.2468096537689872,122.89512566016364
5.27636772980786,5.6557119248180525,-4.967858140536441,97.20274090341799
2.8101506797856386,1.3570537318823668,-3.107252801867157,109.82162179809382
10.702945197735698,11.180569225171622,-4.701974447792819,110.70003427385812
3.248900462537031,2.5714285714285663,-3.1109362229264366,109.63903984910822
0.8605087412313002,5.578370257443967,-1.630914940964388,126.2072630650529
9.63909506717637,7.846968967726991,-1.6728212880156896,138.0600404451606
5.015717394335981,1.9124483192211335,-0.9415413515884828,131.76869258500142
7.041945218344118,11.42524348421065,-4.750683010392212,105.00477961048152
3.95630253440494,6.017682639964103,-2.598966725596831,122.01951600596195
11.22519612928823,3.455070846789821,-1.62478030694278,140.18695287340475
2.799089856144743,0.7195963979088718,-4.047236080370647,102.38846390523233
4.634174941429585,3.068620541347363,-3.0567250080764166,115.74837277897694
7.7251528594018435,9.264494079558558,-1.4056266734228153,137.64380673862138
4.390218157063796,4.218064209924077,-1.2504306679418709,130.19803068907234
3.161201347460057,4.7297998044805265,-4.217511396604694,102.86174066547717
3.589292502951423,3.915793176564366,-4.026708597361024,103.75457360060682
4.269132567648023,3.9281290939770037,-3.3614925892249916,112.44633371749148
5.577196092838618,4.107543045038047,-5.0033567000965045,96.17369264848396
6.2916931139719985,10.287593460474373,-1.5489522633427815,136.19092453326138
8.924428069159095,3.866167231355263,-1.5271063312792172,136.71507396619307
3.628160270515085,1.6353029255164755,-0.6651221556487484,126.92130228991668
3.581632738582816,0.6089539015021354,-1.366595306350246,123.69850990128992
3.1204685821238454,1.1746245739566457,-7.599875589574292,64.03066121109472
1.2398970996937604,2.4601970933380857,-7.562351988702632,64.1855318559367
1.383450336090843,1.2336512361475234,-7.553272467841003,64.20575462357284
1.108100858782433,3.643176861734185,-7.516961708612174,64.66946105437434
2.197917483330395,3.1681301429016027,-7.601372681889807,63.95740022149471
2.312461646151766,2.010931743505366,-7.581791090055967,64.08614458332147
1.9318140936313175,4.549156393717488,-7.582111741053641,64.29775787749219
3.49924816131771,2.3489360358034883,-7.5845363684143186,64.24151362618217
3.082763516230343,4.054889412740307,-7.599791733064676,64.21385251223366
4.325181735214342,1.12653985929248,-7.548674812659497,64.88670268321232
0.9637032333642002,5.066904902667095,-7.673666476650836,63.43938723907357
5.6709574660002575,10.790717091406375,-14.31437918017038,32.343905877305836
5.134489976269358,5.159509030309569,-13.855561346120378,33.463629384306714
9.790932875279207,7.572214908669061,-13.898996178010984,35.61867749371525
9.597364084085884,14.558765778084224,-14.577007547098779,34.1687970983599
4.649348054000384,15.389623335830102,-14.35090738279975,34.3596337683053
2.942987975628488,2.9981643652804832,-11.583678414901863,43.00468843129505
8.97382155508677,4.030346232225587,-15.918033863050546,24.308113248857012
10.922133368946842,10.926524648316475,-16.020553753810187,25.209367634971827
11.121555712440966,4.207408766092511,-12.481431638244258,43.366470257543796
3.839809764864788,7.949379920193,-16.228219986582072,21.62228376861667
9.127396365692,11.248838763117865,-12.579255925585816,42.18271961441351
3.3694235310310834,3.335690969406584,-16.350283563225496,20.803799113372914
3.7092947922788375,8.277297003697969,-12.356198996013005,40.438507489114826
3.4835982515773076,12.70159030713412,-16.43465003658536,21.265056102455066
7.4644994585102395,16.411109117800486,-12.27859135315963,46.46931460622359
3.6973201551075916,12.782915332446679,-12.104031966684175,43.14022815655384
7.351694228633962,7.191825663690764,-16.526035127811834,20.49281290059735
11.590052218050294,16.5982092310498,-12.345357577378039,49.53640280722059
11.591814613777533,6.219363203386758,-16.53609736620498,22.3406483764636
7.2834683120397035,16.492518506523474,-16.5394667203213,22.987111268422105
7.703870458081416,3.4440744540496384,-12.179208541969057,41.925365469228765
7.1926796748668576,12.985304569108159,-16.59023437233162,21.031617811847937
7.093712567965329,8.561930550848453,-12.064345224268983,42.66464971656065
11.769878818706546,9.377656038995994,-11.985775790874314,46.90485659840841
11.753635177994832,13.278411696918123,-12.394930346748602,46.51441838946957
11.825260948618954,3.0881597150086466,-16.907020363921184,20.082875615787618
11.805216880435154,16.77269337513683,-15.634316556920194,31.011921411455486
4.419505330989091,16.977169001782,-11.696029795334413,48.985131541889515
3.07119737539321,16.550851626545477,-16.85695220247904,20.60346696552518
6.824977056936863,13.32203058254127,-11.843327367056292,45.39361677025667
2.47518962981383,5.384805147735924,-11.074026332294508,45.15379712997109
11.662003162612125,13.872407318533773,-16.854605305670642,21.565226147980123
6.149808975601105,4.421357323838757,-17.037893210060588,17.46515162646429
5.268960498302168,4.312210501912414,-11.310905500919953,44.76041562266709
4.676985895756678,2.53889202947986,-13.56897341238807,34.68241007223776
8.135875862502262,10.10791697816054,-16.951044417967726,18.60979272993661
2.642827757193141,4.220271798979617,-13.931589119502835,32.75842543337997
2.8394315453813577,10.078671429791811,-14.49017161848027,30.780253299463727
1.6986756846685083,2.731024652918185,-10.39611204174563,47.41000984168277
8.676946452796011,6.14365595329683,-11.599136569936025,45.23996711081699
12.292689262610539,6.611387944264759,-11.451911886573846,49.46709769329071
5.646653184881665,10.838089599926343,-11.312419621745024,46.028532615777436
5.113484075576951,10.399109430870471,-17.141697518368233,17.100886053869534
12.21419461054991,8.573302192223974,-15.03818551596672,31.739517614075897
2.6385331887037036,10.474896809567085,-11.29421988668744,45.326534439403865
3.755631809304303,1.6294949503722331,-10.321917785957746,47.945977237149606
2.709112512239522,17.319073551073732,-13.860597539257768,38.546593972125656
5.809936231506905,7.763480314683451,-14.342056084369467,31.623213922347986
7.786858233035781,5.7354091530587485,-14.147249124799943,32.980483354115016
9.376481424800083,14.49280830176368,-11.43450970629005,49.47868640624051
6.821356513815836,2.6251651409871957,-15.169604050575492,27.45670281128318
5.158441358287721,14.754772895589038,-17.310997895287137,17.01029313362187
2.441578988720243,6.818462851481293,-14.305492969657678,31.110727008036665
10.389268378987225,8.566376694535151,-17.345496490578114,16.823818751801138
9.848989595103953,15.893370388151906,-17.37996095956841,17.880226092171693
8.991727206082448,17.298258918158837,-14.461589445129798,36.86452400731756
12.448805223365977,4.4752098776653915,-14.7483890680103,33.32122311642722
2.472545106723563,14.869848024512875,-13.039047003694494,40.076842015431424
5.760957698500544,17.622341102094946,-13.777733710578723,39.847876962465044
8.062340261785335,9.554588035680162,-14.342754436579554,32.653253145733174
9.467690270852584,8.673012064187109,-11.080125573733742,48.2909261269882
9.555150916047745,2.60069737599796,-13.813696540223813,35.48570285750653
2.5152172185273236,10.04190149309112,-17.092957963435946,17.142406919057052
12.662805650789082,2.423009927842067,-11.43484336314901,49.878455314319346
7.008104091872163,14.241585319143121,-14.294009372738183,34.374066653406594
9.289505635808192,5.922127523034565,-17.6108091781184,14.775182387998926
2.554552351392182,5.778077576555345,-17.365850130614938,15.356855442147964
12.552209811702308,12.55275138109044,-14.77832782154129,34.50759879227156
5.435889436143973,6.862952005021832,-11.090867704001916,45.85505409915521
8.224705611541888,2.29479240918134,-17.600264484999585,14.582331545766117
5.8921410303404,2.153224516018628,-10.922889282193356,46.356651757456135
9.55900017971086,12.536266375894646,-17.4917671513944,16.210227463867035
9.495586404818527,17.603938050975636,-11.18956903488705,54.21012455727818
12.65011282017386,10.084582527113476,-17.700985957625406,15.779784798723263
8.947389054636792,12.129086899177656,-14.95932635558695,30.56640563671684
2.433930993051211,12.498991014507256,-14.2076965253145,32.95889261334667
5.154414479285834,17.70356609074119,-16.176985098891713,25.92879828972058
4.914436755776623,14.658200319261905,-11.134708649651476,48.87522200268912
9.82161008476675,2.463386506382417,-11.14725746406516,47.72178752061083
1.99201247088711,2.235847382064799,-13.370097265959837,35.14386556297043
12.508974831948784,14.948383705328611,-14.086247595091466,39.73611934769552
2.293966641525055,14.647565408417766,-15.49087403242737,27.250657235659002
5.278794688942874,6.60897352875904,-17.66863712207076,13.886770862295993
2.2317045870305896,17.728260125668125,-11.01222614031277,52.68381827879901
1.5121313883920728,1.3931570944938971,-9.98782587687441,48.82831790823092
12.700492489135584,17.705251339507385,-17.73444332148844,17.608996811173387
4.762405115763827,13.001004180574556,-14.43457792196227,32.38352629646197
12.729850131352276,2.2655701991740185,-13.83586602497498,38.48011414962857
3.9579013960798006,3.413195453292229,-10.270354973352323,48.29723398072972
5.8681209097765645,2.2163706725217467,-17.868828767214342,12.708482998013528
10.96191026098402,11.45188117541804,-10.977876020222784,51.07289613875123
11.937408532965126,6.579558970999652,-13.792188363503834,38.000880204418344
10.491901142709656,9.848571468563202,-13.94022382979431,36.359222985227134
1.9753109536012983,1.5674756250483197,-11.643709496399097,42.52829339604001
1.973292562581327,7.368960720297003,-10.692201813684028,46.81036889820646
2.239206620041062,14.170411824774897,-17.84299203320152,13.504052366209292
10.065304593529804,5.299129448178755,-14.304006423127571,33.73012123697873
2.136365921205008,2.0596605662237266,-17.699720008727343,13.393559824106916
4.352678862907317,5.3656414180632055,-15.991552592130047,22.815468646973713
12.830732092449379,17.78921181010878,-13.857153363767209,44.56544641663404
2.296226975306976,14.15331039777243,-10.808717311712611,49.17303961579109
12.865372791990335,11.263957051108926,-12.845056139941258,44.71795947453715
2.3906825921081247,4.121292961149861,-10.13903879275745,48.54026863662204
12.687330513953158,14.968141821708594,-11.016935896984346,55.22130999338988
7.7474893993343015,11.529691196807356,-10.797779324979775,49.10947491529371
12.765843346014634,4.545357333444618,-10.780812836610956,52.63811937953428
11.808809258856485,17.974504056296652,-10.719996044453708,59.04731849303585
12.541549757637382,7.789615507337896,-17.93877907900947,13.851660710875572
4.853689189430291,2.0784139884448307,-15.596113755410425,24.82648066295272
1.7756069184694574,17.638714813836717,-18.019282826702828,13.450742177306479
3.6604726222673976,6.16312356515408,-12.674982450450162,38.663876977443785
5.345124187292278,12.550704882103743,-17.845797478317103,13.25351095105809
9.066194085262248,17.909234003368102,-16.65708293994815,23.795127729978013
10.123944358329451,2.1687289382160793,-15.882403437751513,25.002415880137125
2.0560701649391726,7.925033115944951,-17.53347073582437,14.5016551597698
7.94224981451966,14.738965580307143,-17.82787334065327,14.151130093122786
6.605877013775912,5.606199985439336,-12.367636109770013,40.78640993942825
9.973743137805696,3.825291955795615,-17.893635153746263,13.202892063676167
4.171917670216358,10.338128497539872,-12.809726375591625,38.953630307207476
12.820452397108504,4.866087594228755,-17.814141275529558,14.97885756267288
6.23964671361406,8.608853655540628,-17.831685941366693,13.121048926550271
6.356329608555061,17.769288362841525,-10.866355999763918,54.14666594336639
1.983148584247413,2.060688091788646,-15.450192325510821,25.289724788742106
7.354780676529034,15.02401442288539,-10.634961570286546,51.99898104931107
1.550273506706743,3.9115564320546232,-11.56176228448044,42.94656935803104
10.52159175538406,5.807039921928346,-10.61624913221931,50.725622684749396
12.558245359355066,12.257125728689921,-18.05522296314648,13.544317047387276
6.409442075924565,9.320830266417314,-15.752136501915635,24.707594612241415
6.648851721073647,1.9554723109497356,-13.197754549446152,36.93776477978006
1.9940711371925128,17.974045199986907,-15.733464970000771,28.70031553054326
13.08705353014937,1.949412023673628,-18.113055833320754,13.116680773300981
7.305782161246935,12.005861702737526,-13.52112529124993,37.14150906173918
13.078613571997119,11.992089449982252,-10.787683371093216,54.75028734890476
12.965416283095669,15.621254507067412,-17.098962840286777,21.28084737902367
13.140357598244131,5.097482332035858,-12.817575959085381,44.23615682799283
4.963413482540712,8.905543213332967,-10.764138210905395,47.481749153778175
4.203068819747591,4.501363827593446,-17.96111583700162,12.059017358005567
9.404754606315421,7.2737676826649365,-15.970701405553498,24.345413092473063
4.069240555464475,18.104007418305056,-17.974424079742892,14.333404317913502
5.720851523213705,16.716700889117945,-18.009723596242385,13.517671556495127
1.8860801187954022,8.600273405918685,-13.34495425617409,35.82362353721618
1.9480017103406522,8.47093428474786,-15.4948337976086,25.339227097055204
1.761027356844762,6.484638643467014,-12.496508570271695,39.233044258725926
10.735362138596084,11.999770577205817,-13.782760898254592,38.06634083263982
1.9280749168770714,11.874626969001392,-17.960619135215936,12.304904763660463
7.0476495128858225,18.225254519020417,-15.298061990826623,32.429986535770155
4.043824397167061,1.6552044736823048,-12.114534361210383,40.881780606633264
7.406321608362823,18.05030446231809,-18.01511809599373,14.193224407552876
9.546745379982836,16.157456044942005,-12.751397082693668,45.13818751769755
7.263327965921179,5.828576714516167,-18.10453258042071,11.475961968068392
10.607021646985197,17.754142733517682,-18.117835119087083,13.961304022507335
10.613102806936624,10.543733536254791,-18.08610953623112,12.324216785884373
10.528910580301357,1.8734066029664502,-17.887811794681888,13.30842501193618
4.026401353146984,4.052843122712762,-12.684414719681918,38.57661258589816
1.8141942800228266,5.262887453256645,-15.508932651684127,25.053774640921144
8.409548963575533,8.294667476102088,-17.94728278548184,12.652873686633084
10.327939275496428,18.13486155983484,-13.056426761037438,46.81721355110455
13.12458308848726,8.215195854323415,-13.137583673929994,42.85042299630969
6.194503729476709,5.971969952359034,-15.386159806908458,26.284796605586084
4.17271723161929,8.799571044822741,-18.113517683862813,11.28025549298965
8.91198378776521,13.272954325457118,-13.07246598580939,40.79423308142293
1.164977170341348,4.141320351008941,-9.819604114988847,49.56031839649603
5.292784557877078,12.724152591623753,-10.657389025807127,49.43167376610794
7.149084907674151,4.661900055988185,-10.670395130929,47.951776142486956
10.621798498623987,15.948612017250044,-10.6215070799638,55.41722622973621
5.956599347910279,15.15328111405013,-12.81020990357567,42.08742857945012
13.0090066864284,10.54915710354213,-15.50988490502743,30.24249749058791
7.16273427689873,11.550384162678775,-18.111819936131713,11.69534014957171
7.1826171529596285,16.29456963317446,-14.48244181197488,34.873797972539116
7.863063897246563,2.3443430051508525,-10.481929182956325,48.98629071528374
13.040917993001079,8.384024468036065,-10.689328462112702,53.80663921312566
13.131845299129084,1.7366062781027796,-16.06457199983801,26.33991728127438
1.7407995909662575,11.28661423915571,-15.616000502366251,25.273275698457525
6.781344742995291,4.065194307864089,-13.81459534033846,34.18387820151162
10.471742374554076,7.222341815942496,-12.041393436590353,44.95528939300507
1.88353657796479,11.009511614593825,-13.03681085380677,37.852566346129585
7.112745845421574,9.680830380307812,-10.416947412757398,49.750170369691645
4.589400992622705,9.229517645574429,-14.903853005431344,28.79580913977697
9.141957230177283,4.339326760234474,-10.809726641694194,48.72650635056664
13.165809453993354,6.81284009040283,-15.394887701463196,30.63257040071924
8.253273917205167,18.20570641347975,-12.623538145826736,47.7079331528308
2.591994633113005,2.03233553351955,-9.838701447674577,49.528189247807745
10.920537171871661,13.468912556208817,-10.507978194449215,53.93918404912622
11.102226329611444,1.9742676709396036,-12.655604184763995,42.61557561888493
9.569238354817024,9.413332341664992,-15.694110592349908,26.139242778030134
5.386688161480482,3.902022089948245,-15.29024373347661,26.559216495309354
7.2174560433086,11.246527650291872,-15.545576754080747,26.429019812880462
10.87891378209488,4.497454675336178,-15.924208291444865,25.442917732752715
1.8706379276311196,12.285903970025418,-11.52277525243062,45.1297875923492
7.7100331638273385,7.686056950130528,-13.745270574503254,35.14354749212453
5.474013457706774,12.183422319392456,-12.767018253335085,40.193450324756455
1.7222434765218326,4.020257034946081,-17.881371162524854,12.452485607179796
4.0743069371332785,1.8524166737404029,-17.3246527680675,15.609443700193351
13.234279292405027,17.95520918283746,-11.995007718004565,55.319923771646664
4.165202342680146,11.0766087176651,-15.552821259026798,25.733661088437394
4.219755812150677,5.601288849899897,-10.50050364093336,47.691992840383605
0.5146959789962839,1.132204888432761,-2.0,112.98361465928225
2.4743747474295783,1.1411232591981921,-2.0,112.97828850357986
1.7606120706064283,1.3775809106903494,-2.0,112.98269847237677
2.353246811950368,2.854879823498276,-2.0,112.9929383823953
2.1140969399795346,2.087347731928647,-2.0,112.98692060271432
