$MeshFormat
4.1 0 8
$EndMeshFormat
$PhysicalNames
4
3 1 "SOIL_1"
3 2 "SOIL_2"
3 3 "SOIL_3"
3 4 "FOOTING"
$EndPhysicalNames
$Entities
26 45 24 4
1 0 0 -6.449999999999999 0 
2 0 0 -3.5 0 
3 0 4 -3.5 0 
4 0 4 -2.5 0 
5 0 4 0 0 
6 0 20 0 0 
7 0 20 -6.449999999999999 0 
8 15 0 -6.449999999999999 0 
9 15 0 0 0 
10 3 0 0 0 
11 3 0 -3.5 0 
12 3 0 -2.5 0 
13 3 4 -3.5 0 
14 3 4 -2.5 0 
15 3 4 0 0 
16 15 20 0 0 
17 15 20 -6.449999999999999 0 
18 0 0 -8.699999999999999 0 
19 0 20 -8.699999999999999 0 
20 15 0 -8.699999999999999 0 
21 15 20 -8.699999999999999 0 
22 0 0 -20 0 
23 0 20 -20 0 
24 15 0 -20 0 
25 15 20 -20 0 
26 0 0 -2.5 0 
1 -1e-07 -1e-07 -6.4500001 1e-07 1e-07 -3.4999999 0 2 1 -2 
2 -1e-07 -9.999999983634211e-08 -3.5000001 1e-07 4.0000001 -3.4999999 0 2 2 -3 
3 -1e-07 3.9999999 -3.5000001 1e-07 4.0000001 -2.4999999 0 2 3 -4 
4 -1e-07 3.9999999 -2.5000001 1e-07 4.0000001 1.000000000583867e-07 0 2 4 -5 
5 -1e-07 3.999999900000001 -1e-07 1e-07 20.0000001 1e-07 0 2 5 -6 
6 -1e-07 19.9999999 -6.4500001 1e-07 20.0000001 9.999999983634211e-08 0 2 7 -6 
7 -1.000000008881784e-07 -1.000000011686097e-07 -6.450000100000001 1.000000008881784e-07 20.0000001 -6.449999899999999 0 2 1 -7 
8 14.9999999 -1e-07 -6.4500001 15.0000001 1e-07 9.999999983634211e-08 0 2 8 -9 
9 2.999999900000001 -1e-07 -1e-07 15.0000001 1e-07 1e-07 0 2 10 -9 
10 2.9999999 -1e-07 -3.5000001 3.0000001 1e-07 -2.4999999 0 2 11 -12 
11 2.9999999 -1e-07 -2.5000001 3.0000001 1e-07 1.000000000583867e-07 0 2 12 -10 
12 -1.000000000583867e-07 -1e-07 -3.5000001 3.0000001 1e-07 -3.4999999 0 2 2 -11 
13 -1.000000011686097e-07 -1.000000008881784e-07 -6.450000100000001 15.0000001 1.000000008881784e-07 -6.449999899999999 0 2 1 -8 
14 -1.000000000583867e-07 3.9999999 -3.5000001 3.0000001 4.0000001 -3.4999999 0 2 3 -13 
15 2.9999999 -9.999999983634211e-08 -3.5000001 3.0000001 4.0000001 -3.4999999 0 2 11 -13 
16 2.9999999 3.9999999 -3.5000001 3.0000001 4.0000001 -2.4999999 0 2 13 -14 
17 -1.000000000583867e-07 3.9999999 -2.5000001 3.0000001 4.0000001 -2.4999999 0 2 4 -14 
18 2.9999999 3.9999999 -2.5000001 3.0000001 4.0000001 1.000000000583867e-07 0 2 14 -15 
19 -1.000000000583867e-07 3.9999999 -1e-07 3.0000001 4.0000001 1e-07 0 2 5 -15 
20 -1.000000002804313e-07 19.9999999 -1e-07 15.0000001 20.0000001 1e-07 0 2 6 -16 
21 14.9999999 -9.99999993922529e-08 -1e-07 15.0000001 20.0000001 1e-07 0 2 9 -16 
22 2.9999999 -9.999999983634211e-08 -1e-07 3.0000001 4.0000001 1e-07 0 2 10 -15 
23 -1.000000011686097e-07 19.9999999 -6.450000100000001 15.0000001 20.0000001 -6.449999899999999 0 2 7 -17 
24 14.9999999 19.9999999 -6.4500001 15.0000001 20.0000001 9.999999983634211e-08 0 2 17 -16 
25 14.9999999 -1.000000011686097e-07 -6.450000100000001 15.0000001 20.0000001 -6.449999899999999 0 2 8 -17 
26 2.9999999 -9.999999983634211e-08 -2.5000001 3.0000001 4.0000001 -2.4999999 0 2 12 -14 
27 -1e-07 -1e-07 -8.700000099999999 1e-07 1e-07 -6.449999899999999 0 2 18 -1 
28 -1e-07 19.9999999 -8.700000099999999 1e-07 20.0000001 -6.449999899999999 0 2 19 -7 
29 -1e-07 -9.99999993922529e-08 -8.700000099999999 1e-07 20.0000001 -8.6999999 0 2 18 -19 
30 14.9999999 -1e-07 -8.700000099999999 15.0000001 1e-07 -6.449999899999999 0 2 20 -8 
31 14.9999999 19.9999999 -8.700000099999999 15.0000001 20.0000001 -6.449999899999999 0 2 21 -17 
32 14.9999999 -9.99999993922529e-08 -8.700000099999999 15.0000001 20.0000001 -8.6999999 0 2 20 -21 
33 -1.000000002804313e-07 -1e-07 -8.700000099999999 15.0000001 1e-07 -8.6999999 0 2 18 -20 
34 -1.000000002804313e-07 19.9999999 -8.700000099999999 15.0000001 20.0000001 -8.6999999 0 2 19 -21 
35 -1e-07 -1e-07 -20.0000001 1e-07 1e-07 -8.6999999 0 2 22 -18 
36 -1e-07 19.9999999 -20.0000001 1e-07 20.0000001 -8.6999999 0 2 23 -19 
37 -1e-07 -9.99999993922529e-08 -20.0000001 1e-07 20.0000001 -19.9999999 0 2 22 -23 
38 14.9999999 -1e-07 -20.0000001 15.0000001 1e-07 -8.6999999 0 2 24 -20 
39 14.9999999 19.9999999 -20.0000001 15.0000001 20.0000001 -8.6999999 0 2 25 -21 
40 14.9999999 -9.99999993922529e-08 -20.0000001 15.0000001 20.0000001 -19.9999999 0 2 24 -25 
41 -1.000000002804313e-07 -1e-07 -20.0000001 15.0000001 1e-07 -19.9999999 0 2 22 -24 
42 -1.000000002804313e-07 19.9999999 -20.0000001 15.0000001 20.0000001 -19.9999999 0 2 23 -25 
43 -1e-07 -1e-07 -3.5000001 1e-07 1e-07 -2.4999999 0 2 2 -26 
44 -1e-07 -9.999999983634211e-08 -2.5000001 1e-07 4.0000001 -2.4999999 0 2 26 -4 
45 -1.000000000583867e-07 -1e-07 -2.5000001 3.0000001 1e-07 -2.4999999 0 2 26 -12 
1 -1.000000008881784e-07 -1.000000011686097e-07 -6.450000100000001 1.000000008881784e-07 20.0000001 1.000000007245205e-07 0 7 -1 7 6 -5 -4 -3 -2 
2 -1.000000011686097e-07 -1.000000008881784e-07 -6.450000100000001 15.0000001 1.000000008881784e-07 1.000000007245205e-07 0 7 -8 -13 1 12 10 11 9 
3 -1.000000000583867e-07 -9.999999983634211e-08 -3.5000001 3.0000001 4.0000001 -3.4999999 0 4 -2 12 15 -14 
4 -1.000000000583867e-07 3.9999999 -3.5000001 3.0000001 4.0000001 -2.4999999 0 4 -14 3 17 -16 
5 -1.000000000583867e-07 3.9999999 -2.5000001 3.0000001 4.0000001 1.000000000583867e-07 0 4 -17 4 19 -18 
6 -1.000000002804313e-07 -9.99999993922529e-08 -1e-07 15.0000001 20.0000001 1e-07 0 6 -5 19 -22 9 21 -20 
7 -1.000000011686097e-07 19.9999999 -6.450000100000001 15.0000001 20.0000001 1.000000007245205e-07 0 4 -23 6 20 -24 
8 -1.000000011686097e-07 -1.000000011686097e-07 -6.450000100000001 15.0000001 20.0000001 -6.449999899999999 0 4 -7 13 25 -23 
9 14.9999999 -1.000000011686097e-07 -6.450000100000001 15.0000001 20.0000001 1.000000007245205e-07 0 4 -8 25 24 -21 
10 2.9999999 -9.999999983634211e-08 -3.5000001 3.0000001 4.0000001 -2.4999999 0 4 -10 15 16 -26 
11 2.9999999 -9.999999983634211e-08 -2.5000001 3.0000001 4.0000001 1.000000000583867e-07 0 4 -11 26 18 -22 
12 -1.000000008881784e-07 -1.000000011686097e-07 -8.7000001 1.000000008881784e-07 20.0000001 -6.449999899999998 0 4 -27 29 28 -7 
13 14.9999999 -1.000000011686097e-07 -8.7000001 15.0000001 20.0000001 -6.449999899999998 0 4 -30 32 31 -25 
14 -1.000000011686097e-07 -1.000000008881784e-07 -8.7000001 15.0000001 1.000000008881784e-07 -6.449999899999998 0 4 -33 27 13 -30 
15 -1.000000011686097e-07 19.9999999 -8.7000001 15.0000001 20.0000001 -6.449999899999998 0 4 -34 28 23 -31 
16 -1.000000002804313e-07 -9.99999993922529e-08 -8.700000099999999 15.0000001 20.0000001 -8.6999999 0 4 -29 33 32 -34 
17 -1e-07 -9.99999993922529e-08 -20.0000001 1e-07 20.0000001 -8.6999999 0 4 -35 37 36 -29 
18 14.9999999 -9.99999993922529e-08 -20.0000001 15.0000001 20.0000001 -8.6999999 0 4 -38 40 39 -32 
19 -1.000000002804313e-07 -1e-07 -20.0000001 15.0000001 1e-07 -8.6999999 0 4 -41 35 33 -38 
20 -1.000000002804313e-07 19.9999999 -20.0000001 15.0000001 20.0000001 -8.6999999 0 4 -42 36 34 -39 
21 -1.000000002804313e-07 -9.99999993922529e-08 -20.0000001 15.0000001 20.0000001 -19.9999999 0 4 -37 41 40 -42 
22 -1e-07 -9.999999983634211e-08 -3.5000001 1e-07 4.0000001 -2.4999999 0 4 -43 2 3 -44 
23 -1.000000000583867e-07 -1e-07 -3.5000001 3.0000001 1e-07 -2.4999999 0 4 -12 43 45 -10 
24 -1.000000000583867e-07 -9.999999983634211e-08 -2.5000001 3.0000001 4.0000001 -2.4999999 0 4 -44 45 26 -17 
1 -1.000000011686097e-07 -1.000000011686097e-07 -6.450000100000001 15.0000001 20.0000001 1.000000007245205e-07 1 1 11 -1 -2 3 -4 -5 6 7 -8 9 -10 -11 
2 -1.000000011686097e-07 -1.000000011686097e-07 -8.7000001 15.0000001 20.0000001 -6.449999899999998 1 2 6 -12 13 -14 15 -16 8 
3 -1.000000002804313e-07 -9.99999993922529e-08 -20.0000001 15.0000001 20.0000001 -8.6999999 1 3 6 -17 18 -19 20 -21 16 
5 -1.000000000583867e-07 -9.999999983634211e-08 -3.5000001 3.0000001 4.0000001 -2.4999999 1 4 6 -22 10 -23 4 -3 24 
$EndEntities
$Nodes
99 2006 1 2006
0 1 0 1
1
0 0 -6.449999999999999
0 2 0 1
2
0 0 -3.5
0 3 0 1
3
0 4 -3.5
0 4 0 1
4
0 4 -2.5
0 5 0 1
5
0 4 0
0 6 0 1
6
0 20 0
0 7 0 1
7
0 20 -6.449999999999999
0 8 0 1
8
15 0 -6.449999999999999
0 9 0 1
9
15 0 0
0 10 0 1
10
3 0 0
0 11 0 1
11
3 0 -3.5
0 12 0 1
12
3 0 -2.5
0 13 0 1
13
3 4 -3.5
0 14 0 1
14
3 4 -2.5
0 15 0 1
15
3 4 0
0 16 0 1
16
15 20 0
0 17 0 1
17
15 20 -6.449999999999999
0 18 0 1
18
0 0 -8.699999999999999
0 19 0 1
19
0 20 -8.699999999999999
0 20 0 1
20
15 0 -8.699999999999999
0 21 0 1
21
15 20 -8.699999999999999
0 22 0 1
22
0 0 -20
0 23 0 1
23
0 20 -20
0 24 0 1
24
15 0 -20
0 25 0 1
25
15 20 -20
0 26 0 1
26
0 0 -2.5
1 1 0 3
27
28
29
0 0 -5.635849073730646
0 0 -4.859146536544702
0 0 -4.118323204088481
1 2 0 6
30
31
32
33
34
35
0 0.5714285714285704 -3.5
0 1.142857142857142 -3.5
0 1.714285714285711 -3.5
0 2.28571428571428 -3.5
0 2.857142857142853 -3.5
0 3.428571428571426 -3.5
1 3 0 1
36
0 4 -3.000000000000001
1 4 0 3
37
38
39
0 4 -1.85262838202526
0 4 -1.203452987356014
0 4 -0.5864414801827351
1 5 0 10
40
41
42
43
44
45
46
47
48
49
0 4.549345030274017 0
0 5.211477326714053 0
0 6.116544840257968 0
0 7.353191204506868 0
0 9.026709638077099 0
0 10.85559136506425 0
0 12.6844730920514 0
0 14.51335481903855 0
0 16.3422365460257 0
0 18.17111827301285 0
1 6 0 3
50
51
52
0 20 -4.8375
0 20 -3.225
0 20 -1.6125
1 7 0 13
53
54
55
56
57
58
59
60
61
62
63
64
65
0 0.9018843950929273 -6.45
0 1.803768790185854 -6.45
0 2.705653185278781 -6.45
0 3.607537580371707 -6.45
0 4.509421975464637 -6.45
0 5.468281174324908 -6.45
0 6.766664537310033 -6.45
0 8.535367858988211 -6.45
0 10.44613988249018 -6.45
0 12.35691190599214 -6.45
0 14.2676839294941 -6.45
0 16.17845595299607 -6.45
0 18.08922797649803 -6.45
1 8 0 3
66
67
68
15 0 -4.8375
15 0 -3.225
15 0 -1.6125
1 9 0 8
69
70
71
72
73
74
75
76
3.537639616925641 0 0
4.179587593604426 0 0
5.051280134838418 0 0
6.234972624652339 0 0
7.836776289147215 0 0
9.627582216860411 0 0
11.41838814457361 0 0
13.2091940722868 0 0
1 10 0 1
77
3 0 -3.000000000000001
1 11 0 3
78
79
80
3 0 -1.85262838202526
3 0 -1.203452987356014
3 0 -0.5864414801827351
1 12 0 4
81
82
83
84
0.6 0 -3.5
1.2 0 -3.5
1.8 0 -3.5
2.4 0 -3.5
1 13 0 10
85
86
87
88
89
90
91
92
93
94
0.8853087254450626 0 -6.45
1.770617450890125 0 -6.45
2.655926176335187 0 -6.45
3.54123490178025 0 -6.45
4.486874456291232 0 -6.45
5.764113604820426 0 -6.45
7.497383682668961 0 -6.45
9.37303776200172 0 -6.45
11.24869184133448 0 -6.45
13.12434592066724 0 -6.45
1 14 0 4
95
96
97
98
0.6 4 -3.5
1.2 4 -3.5
1.8 4 -3.5
2.4 4 -3.5
1 15 0 6
99
100
101
102
103
104
3 0.5714285714285704 -3.5
3 1.142857142857142 -3.5
3 1.714285714285711 -3.5
3 2.28571428571428 -3.5
3 2.857142857142853 -3.5
3 3.428571428571426 -3.5
1 16 0 1
105
3 4 -3.000000000000001
1 17 0 4
106
107
108
109
0.6 4 -2.5
1.2 4 -2.5
1.8 4 -2.5
2.4 4 -2.5
1 18 0 3
110
111
112
3 4 -1.85262838202526
3 4 -1.203452987356014
3 4 -0.5864414801827351
1 19 0 4
113
114
115
116
0.6 4 0
1.2 4 0
1.8 4 0
2.4 4 0
1 20 0 7
117
118
119
120
121
122
123
1.875 20 0
3.75 20 0
5.625 20 0
7.5 20 0
9.375 20 0
11.25 20 0
13.125 20 0
1 21 0 9
124
125
126
127
128
129
130
131
132
15 2 0
15 4 0
15 6 0
15 8 0
15 10 0
15 12 0
15 14 0
15 16 0
15 18 0
1 22 0 6
133
134
135
136
137
138
3 0.5714285714285704 0
3 1.142857142857142 0
3 1.714285714285711 0
3 2.28571428571428 0
3 2.857142857142853 0
3 3.428571428571426 0
1 23 0 7
139
140
141
142
143
144
145
1.875 20 -6.45
3.75 20 -6.45
5.625 20 -6.45
7.5 20 -6.45
9.375 20 -6.45
11.25 20 -6.45
13.125 20 -6.45
1 24 0 3
146
147
148
15 20 -4.8375
15 20 -3.225
15 20 -1.6125
1 25 0 9
149
150
151
152
153
154
155
156
157
15 2 -6.45
15 4 -6.45
15 6 -6.45
15 8 -6.45
15 10 -6.45
15 12 -6.45
15 14 -6.45
15 16 -6.45
15 18 -6.45
1 26 0 6
158
159
160
161
162
163
3 0.5714285714285704 -2.5
3 1.142857142857142 -2.5
3 1.714285714285711 -2.5
3 2.28571428571428 -2.5
3 2.857142857142853 -2.5
3 3.428571428571426 -2.5
1 27 0 2
164
165
0 0 -7.919893125471583
0 0 -7.170290652625463
1 28 0 1
166
0 20 -7.574999999999999
1 29 0 12
167
168
169
170
171
172
173
174
175
176
177
178
0 1.037468080808384 -8.699999999999999
0 2.074936161616768 -8.699999999999999
0 3.112404242425151 -8.699999999999999
0 4.149872323233535 -8.699999999999999
0 5.193268500196893 -8.699999999999999
0 6.502535609011718 -8.699999999999999
0 8.299232171334017 -8.699999999999999
0 10.24936014277835 -8.699999999999999
0 12.19948811422268 -8.699999999999999
0 14.14961608566701 -8.699999999999999
0 16.09974405711134 -8.699999999999999
0 18.04987202855567 -8.699999999999999
1 30 0 1
179
15 0 -7.574999999999999
1 31 0 1
180
15 20 -7.574999999999999
1 32 0 9
181
182
183
184
185
186
187
188
189
15 2 -8.699999999999999
15 4 -8.699999999999999
15 6 -8.699999999999999
15 8 -8.699999999999999
15 10 -8.699999999999999
15 12 -8.699999999999999
15 14 -8.699999999999999
15 16 -8.699999999999999
15 18 -8.699999999999999
1 33 0 9
190
191
192
193
194
195
196
197
198
1.035890159135848 0 -8.699999999999999
2.071780318271695 0 -8.699999999999999
3.107670477407543 0 -8.699999999999999
4.147057409796714 0 -8.699999999999999
5.435502326361703 0 -8.699999999999999
7.211352186948512 0 -8.699999999999999
9.158514140211384 0 -8.699999999999999
11.10567609347425 0 -8.699999999999999
13.05283804673713 0 -8.699999999999999
1 34 0 7
199
200
201
202
203
204
205
1.875 20 -8.699999999999999
3.75 20 -8.699999999999999
5.625 20 -8.699999999999999
7.5 20 -8.699999999999999
9.375 20 -8.699999999999999
11.25 20 -8.699999999999999
13.125 20 -8.699999999999999
1 35 0 6
206
207
208
209
210
211
0 0 -18.21794880921394
0 0 -16.43589761842789
0 0 -14.65384642764183
0 0 -12.87179523685577
0 0 -11.12002938217828
0 0 -9.734158344825282
1 36 0 5
212
213
214
215
216
0 20 -18.11666666666667
0 20 -16.23333333333333
0 20 -14.35
0 20 -12.46666666666667
0 20 -10.58333333333333
1 37 0 9
217
218
219
220
221
222
223
224
225
0 2 -20
0 4 -20
0 6 -20
0 8 -20
0 10 -20
0 12 -20
0 14 -20
0 16 -20
0 18 -20
1 38 0 5
226
227
228
229
230
15 0 -18.11666666666667
15 0 -16.23333333333333
15 0 -14.35
15 0 -12.46666666666667
15 0 -10.58333333333333
1 39 0 5
231
232
233
234
235
15 20 -18.11666666666667
15 20 -16.23333333333333
15 20 -14.35
15 20 -12.46666666666667
15 20 -10.58333333333333
1 40 0 9
236
237
238
239
240
241
242
243
244
15 2 -20
15 4 -20
15 6 -20
15 8 -20
15 10 -20
15 12 -20
15 14 -20
15 16 -20
15 18 -20
1 41 0 7
245
246
247
248
249
250
251
1.875 0 -20
3.75 0 -20
5.625 0 -20
7.5 0 -20
9.375 0 -20
11.25 0 -20
13.125 0 -20
1 42 0 7
252
253
254
255
256
257
258
1.875 20 -20
3.75 20 -20
5.625 20 -20
7.5 20 -20
9.375 20 -20
11.25 20 -20
13.125 20 -20
1 43 0 1
259
0 0 -3.000000000000001
1 44 0 6
260
261
262
263
264
265
0 0.5714285714285704 -2.5
0 1.142857142857142 -2.5
0 1.714285714285711 -2.5
0 2.28571428571428 -2.5
0 2.857142857142853 -2.5
0 3.428571428571426 -2.5
1 45 0 4
266
267
268
269
0.6 0 -2.5
1.2 0 -2.5
1.8 0 -2.5
2.4 0 -2.5
2 1 0 80
270
271
272
273
274
275
276
277
278
279
280
281
282
283
284
285
286
287
288
289
290
291
292
293
294
295
296
297
298
299
300
301
302
303
304
305
306
307
308
309
310
311
312
313
314
315
316
317
318
319
320
321
322
323
324
325
326
327
328
329
330
331
332
333
334
335
336
337
338
339
340
341
342
343
344
345
346
347
348
349
0 4.433012701892218 -3.25
0 6.745632833801201 -0.9063589050578829
0 4.49682648437369 -2.17631419101263
0 4.424025122610496 -3.816596774761469
0 5.034579767305627 -3.424063153710824
0 1.426132013933449 -3.971942129610069
0 3.146325086308904 -3.913138884319935
0 7.882749992879228 -5.178269763239645
0 5.016199538064177 -4.168741645713288
0 4.406071738619519 -4.419136377312397
0 9.792714767852708 -1.391436214153313
0 15.33157659073582 -1.555016391276632
0 2.285788606240903 -5.691370573721394
0 5.703530618793992 -3.790464149364056
0 5.685863049390676 -2.906752357572726
0 6.50207171104162 -3.335664362935491
0 13.27573439323 -4.794722514149427
0 5.782984408771409 -4.605649366801668
0 0.6403236166194037 -5.226850142417108
0 4.860668017229029 -0.5020835283143557
0 17.23434397560148 -4.769661151252813
0 18.62435874758357 -2.428985768260818
0 4.049092548508927 -5.718219193429666
0 6.410354949574529 -2.405373980888863
0 7.392303886604253 -2.807540286863173
0 8.114505652333882 -1.043059652786687
0 5.581016279623556 -1.908184056228344
0 5.844548920260406 -1.00514159843046
0 9.402290765259615 -4.864208195978114
0 0.6169459958877634 -4.477616698117867
0 1.233966382734968 -4.862447682040441
0 1.320894780691692 -5.629111042681241
0 3.169915035325503 -5.691924065877643
0 2.751680850883738 -5.064314292206262
0 3.567791931294798 -5.112388664769355
0 11.35970573435888 -4.846788413170867
0 12.31738549831936 -3.206357335161802
0 14.3248999024079 -3.155215628741163
0 10.27651089933425 -3.065079210252268
0 4.89380697355279 -5.715096886990631
0 5.763256073817869 -5.513316007140033
0 15.25395428451735 -4.804906599416835
0 3.714285714285714 -3.994871659305398
0 4.492618294835217 -1.525146440395282
0 18.70035060164774 -3.969925071311943
0 11.58759826302782 -1.52334929016914
0 8.830330849113762 -3.433994048372356
0 16.14136194903502 -3.171309658976297
0 2.622515562499379 -3.995618303928545
0 1.999999999999995 -3.994871659305391
0 17.2413468621813 -1.608928256359689
0 1.932055103425215 -5.038155463793894
0 13.45988136093014 -1.573323107558124
0 4.39444972719108 -2.690741642236181
0 0.8821952607704416 -3.957150652306018
0 4.939609008345101 -2.607522620785196
0 5.033445300509444 -4.921098088048595
0 4.4713856056674 -0.8973974165754557
0 5.088353325412893 -1.175835165184937
0 7.436505531364935 -4.039715333985963
0 8.527216224853719 -2.166069779267073
0 1.667681406806198 -4.454786455664912
0 2.355688297288414 -4.520616212981315
0 6.669439645008347 -4.995075637502558
0 6.364624445634277 -1.60391031176948
0 7.241569244911698 -1.794493018241849
0 3.147151568173569 -4.442175905132521
0 0.5726205584808045 -5.878362051765799
0 4.303663671189919 -5.06337042149458
0 6.402043171360412 -4.168100505006155
0 4.431712811715572 -0.4403271597315888
0 18.79427450399272 -1.136622180934234
0 18.80478451074945 -5.295417244512951
0 1.165384212026564 -4.344788723547862
0 0.4141139656173551 -3.910618110902473
0 17.58835242720982 -3.189761981232312
0 5.422147807592273 -0.5250915193085364
0 3.840358813267371 -4.574358523549703
0 8.387969284654385 -4.37904683539402
0 4.919684678518092 -1.878600494721278
2 2 0 69
350
351
352
353
354
355
356
357
358
359
360
361
362
363
364
365
366
367
368
369
370
371
372
373
374
375
376
377
378
379
380
381
382
383
384
385
386
387
388
389
390
391
392
393
394
395
396
397
398
399
400
401
402
403
404
405
406
407
408
409
410
411
412
413
414
415
416
417
418
3.433012701892218 0 -3.25
5.706944951572994 0 -0.8976657134425041
3.49682648437369 0 -2.17631419101263
3.348593734534897 0 -3.896880837705239
3.988383491005976 0 -3.516585552804167
2.103940077957169 0 -3.994594467469297
6.792373383902325 0 -5.098858885252643
4.011349175313425 0 -4.162973645675801
8.795290805107124 0 -1.613226319168906
3.497819156969212 0 -4.489707414725945
4.652889386650736 0 -3.800594364325412
4.546729500581352 0 -2.942762236803259
5.435413309582515 0 -3.324089793590843
1.312801977917965 0 -5.659364062143918
12.18651888100086 0 -4.825635918585919
4.759576998006631 0 -4.604241869731956
0.5198815683554638 0 -4.488819881276985
3.481817057153317 0 -0.896482576473062
13.60353403639759 0 -2.418749999999999
3.03174519261167 0 -5.724859813512351
5.382353032873332 0 -2.380284045824561
6.360337570416165 0 -2.877849398497051
4.760716650874208 0 -0.9914878285868101
4.533142910803773 0 -1.95029900066539
7.063462644230697 0 -1.112231724154416
8.286526052752976 0 -5.017780735830822
10.15386272487462 0 -4.59327958800155
11.13131812474825 0 -3.26437700737779
8.704663353611688 0 -3.373534933631611
2.205473680715228 0 -5.70531085023732
1.916744799191644 0 -5.012524367664438
2.597860097400397 0 -5.003923898624805
3.887053765226679 0 -5.701461695833937
4.755627624185838 0 -5.512575864851676
0.6010429405459768 0 -5.219079287000691
2.700397167015507 0 -3.959851485899438
10.52298518071701 0 -1.550883426647387
3.500760132021832 0 -1.532211638241809
7.351499217534723 0 -3.800203920057102
7.398195617660583 0 -2.419564786855803
13.67940523581104 0 -3.976080487894111
1.5 0 -4.019615242270663
12.31189909951062 0 -1.657760636922274
3.433012701892218 0 -2.750000000000002
0.9020636287245754 0 -4.043949491622438
3.844324354220143 0 -0.4986074323437135
4.006949815493882 0 -4.906148104268175
3.970762172976934 0 -2.448717274412314
1.221790702105089 0 -4.699767821970393
5.299415532237481 0 -1.592015802828999
6.176680669659845 0 -1.840051582512511
5.62919710527618 0 -4.963603519275993
4.071142336919922 0 -1.182592331805063
5.356999131271913 0 -4.102282165145582
6.229543565765507 0 -3.925479919024539
2.366086505707382 0 -4.468183533865616
3.289435931172147 0 -5.048653341879167
0.5756436891361512 0 -5.874991545254804
12.58253507549367 0 -3.228520810156019
1.8 0 -4.455022421813616
3.414941894909909 0 -0.4271829941892715
13.824925441639 0 -1.137802127384455
13.79805400749583 0 -5.307843281296006
0.4341021970115826 0 -3.939289854833272
9.936465400599669 0 -2.757333044634811
3.87438011366974 0 -2.981613012803948
3.914526807419231 0 -1.858026887227441
2.95242841383635 0 -4.458781480396306
4.37679868895404 0 -0.5061185945935884
2 3 0 35
419
420
421
422
423
424
425
426
427
428
429
430
431
432
433
434
435
436
437
438
439
440
441
442
443
444
445
446
447
448
449
450
451
452
453
0.5270868760481657 2.008577197655745 -3.5
2.529768236403684 1.414574411459902 -3.5
2.518300005279408 2.587405040647492 -3.5
1.507789223951271 0.5136871967923945 -3.5
1.463349587499942 3.507035625844333 -3.5
0.4315249176186791 0.8652653413229237 -3.5
0.519409397284715 3.0890755717864 -3.5
2.113192190602376 0.5705516719383 -3.5
1.759358575298814 1.061348237299721 -3.5
1.240708142113955 1.046753101007702 -3.5
1.493648389925609 1.547095122978344 -3.5
0.9525561107796309 1.533418091039422 -3.5
1.220211285360187 2.033782618582874 -3.5
1.803490874266335 2.014256482407995 -3.5
1.530093214549302 2.552523091690613 -3.5
0.872454851341521 2.534738817995899 -3.5
1.159034571174507 3.002813637654133 -3.5
2.052219466908552 3.444219816478918 -3.5
2.420525599956584 1.998353714382564 -3.5
0.8869311943005757 0.5677912112356421 -3.5
0.8938528111315676 3.530970178866471 -3.5
2.51623670642256 3.123616889027264 -3.5
2.038965999618378 2.858469682706175 -3.5
2.568357236422897 0.8784233104798839 -3.5
0.4400538855886612 1.414005441596326 -3.5
2.025269134792956 1.550674276670788 -3.5
0.3799223923371715 2.55972941045033 -3.5
2.062275138734001 2.402201602366968 -3.5
2.58037043235553 0.4192625986949491 -3.5
2.568759330865202 3.576483011694177 -3.5
0.4213233108302409 3.586896237913962 -3.5
0.4076089928833038 0.4086552426659885 -3.5
1.605092204814393 3.044850448535723 -3.5
0.7903548500803005 1.085446637240403 -3.5
2.199189074704145 1.095114381569719 -3.5
2 4 0 6
454
455
456
457
458
459
0.9249999999999999 4 -2.988333333333333
2.075 4 -2.988333333333333
1.5 4 -2.996111111111111
0.4499999999999999 4 -2.93
2.55 4 -2.929999999999999
0.2668430515063172 4 -3.243622448979592
2 5 0 19
460
461
462
463
464
465
466
467
468
469
470
471
472
473
474
475
476
477
478
1.499373599960897 4 -0.4003407142398241
1.550404885797826 4 -2.012604736725071
2.503247491055911 4 -0.9080700944053453
0.5013586598807993 4 -0.9015943319401574
0.481608730030047 4 -1.530920295028936
0.9603783306272413 4 -1.233843447648219
2.421947270682936 4 -1.544481022183318
1.967444785381614 4 -1.176823895828993
0.9272216107986635 4 -1.941032774890543
2.099829084926593 4 -2.037480462672828
0.938191628456133 4 -0.5185511096510051
2.032359667170601 4 -0.5601547563599456
1.481078891437556 4 -0.9258401622613777
1.458317682490155 4 -1.484729329091435
2.559583793991296 4 -0.4368833670579497
0.4404162060087041 4 -0.4368833670579502
2.578323697138723 4 -2.076245998107105
0.4302570767543312 4 -2.055588716057303
1.876574074483232 4 -1.630254620498315
2 6 0 139
479
480
481
482
483
484
485
486
487
488
489
490
491
492
493
494
495
496
497
498
499
500
501
502
503
504
505
506
507
508
509
510
511
512
513
514
515
516
517
518
519
520
521
522
523
524
525
526
527
528
529
530
531
532
533
534
535
536
537
538
539
540
541
542
543
544
545
546
547
548
549
550
551
552
553
554
555
556
557
558
559
560
561
562
563
564
565
566
567
568
569
570
571
572
573
574
575
576
577
578
579
580
581
582
583
584
585
586
587
588
589
590
591
592
593
594
595
596
597
598
599
600
601
602
603
604
605
606
607
608
609
610
611
612
613
614
615
616
617
1.386296795729941 9.884388973509193 0
3.506170204983439 3.715985278606508 0
3.452084327542725 4.352433105421904 0
13.37056377446329 9.010993663520113 0
4.115252713040496 3.994802527324801 0
4.097506910514719 4.868647767203949 0
4.93078683566412 4.304678216179706 0
4.926125963276369 5.386327483788063 0
6.623413049891361 18.28919112780325 0
5.880423739865454 4.723412031456933 0
5.90343740347459 5.862477964955744 0
6.951798659223539 5.149763880177565 0
6.978901230471441 6.444511622102349 0
2.10066422398078 4.519154790012376 0
3.544466512308322 1.985524078083618 0
1.514172573997017 13.39042116572201 0
13.2750873947294 12.92938396492982 0
8.097420588146305 5.675006608678548 0
8.124108173759851 7.071855416710983 0
6.961784532880987 7.77988500060512 0
8.097157031901112 8.492077857918824 0
6.867929384701601 9.251009338853589 0
5.643126379745378 0.8900078257228798 0
0.892928808363296 6.681535233385177 0
8.150416886322027 10.0089162925645 0
6.82755748017129 10.82362462734156 0
4.952912075542834 6.420942305798704 0
9.279826893778102 6.354423346627526 0
10.07724328706658 18.32687817392849 0
8.300749590924205 11.63028215023837 0
6.855875880050996 12.46320380909813 0
6.854832238827835 3.872213595963412 0
9.312393584730799 4.754686670404309 0
8.347479596148773 13.37708351542938 0
4.752046289617505 3.349816570724049 0
10.55699659158567 5.541316072789063 0
5.404829440283184 11.60823337860864 0
5.381643793294356 13.30847285953781 0
10.53765008295541 3.963312341654853 0
3.252940665943153 5.169921206305732 0
9.846685772280553 10.61202352819111 0
2.77916407302296 18.25827048294523 0
3.824309135312538 0.4765548776911928 0
0.899942935834008 4.480126811323617 0
10.5810943011496 7.110675780988948 0
12.08791935490761 1.658111979980415 0
8.730465084135336 1.415380392078962 0
5.695793142796551 8.465086018152768 0
11.91542986898631 4.592570960587381 0
13.07706669064028 16.97187166447311 0
3.993514505553819 12.42557013934342 0
4.126770513786123 10.75048132020214 0
4.013409131625421 14.08530694727716 0
5.382801387135653 15.03949468146389 0
3.947069663035807 15.6886171199813 0
0.6786174241261235 5.66401108348601 0
1.674382084733297 5.824744779475474 0
1.973423503399401 7.0459777367054 0
7.27669576256329 1.56508239314884 0
7.906402604889336 2.729699367497058 0
2.713176343646444 6.092783959598835 0
3.117468332966998 7.294219103359739 0
2.320171536357796 8.434724295517265 0
3.469336614538157 8.45874129736076 0
4.750468378155364 0.9705486808371002 0
5.172511321084063 1.692535452277692 0
2.551108770460805 11.61826291999791 0
13.32380943691864 10.9887524544939 0
11.61476119068478 11.8533672062532 0
11.54396107171907 13.75887788122299 0
11.69601882921714 9.948568818236085 0
10.40530335565028 8.763416306276904 0
13.21976738194406 14.8962799589587 0
11.45853207757892 15.65020490684626 0
9.894871023549655 14.45400762323037 0
10.31977107193274 1.431024655167688 0
4.227229578688853 1.68837549933421 0
13.40327330916985 7.100270601858892 0
5.20259824635334 16.78253631627064 0
6.820034207586216 16.06288337686771 0
8.319488549167492 17.33140944295656 0
6.598213672791386 2.667194897415055 0
9.924751374217839 12.6142736507609 0
1.373372287110947 15.37993548924854 0
2.769437500181037 4.514215961343321 0
2.385100136414118 5.193380984166778 0
4.524312915461621 7.5508482204638 0
3.868666466259572 6.108248950417626 0
1.500101193302465 4.515638684284918 0
1.169078468656543 5.067399624221498 0
5.591794859423182 9.99669405501832 0
6.84367553858294 14.20892371288819 0
3.500976869567237 3.143140403577271 0
3.508377122498357 2.569063127895858 0
3.53578559288859 1.415305891452552 0
9.387121284993571 2.954784809615309 0
4.064772704798731 2.854731721554411 0
4.595907856355208 18.42908311669315 0
13.36029410300178 3.076782823660788 0
1.350164164915179 17.17566121689968 0
11.7464275007757 3.087094742408832 0
9.877834413158887 16.32806787240203 0
1.041168042223812 7.910150538445604 0
12.06490048053207 18.51416814814965 0
5.836190216771337 7.087291855346413 0
8.152326677480424 4.057400941903412 0
11.97327154874991 6.288786427417203 0
11.92020679072369 8.02854986202394 0
9.256816889756648 7.829325354581401 0
0.5309782116128927 4.899668171181268 0
5.761939758989659 3.581012460160294 0
4.639452595216992 2.371971897547526 0
13.44204480498464 5.176401802254044 0
8.350563888032326 15.29372925729571 0
3.458002371541182 0.8556191926491109 0
5.55533577717167 2.56875944922261 0
6.133985529568081 1.714454847475758 0
4.028263659982949 0.9807797788813742 0
1.775618015298172 5.02846418267013 0
3.996859702702251 2.293933264883125 0
4.627889194800346 9.081729646951239 0
3.024948974515547 9.745404331247356 0
3.987843756401482 3.411695300357408 0
8.407667845523005 18.82464981123803 0
11.24265317430904 17.20350305251833 0
1.074013791431981 11.77003222855783 0
1.382386156336673 18.60092636387674 0
13.65339343423447 18.69720796252455 0
13.73054698194121 1.33492552716336 0
3.411823231699627 0.4202618206684471 0
3.794827661765072 17.15531281628614 0
2.936781458424147 13.21777578858213 0
0.438230441060682 4.425649151068419 0
2.725144597868971 14.6772561095167 0
2.600888008102852 16.33343910870056 0
4.366781780378739 0.4855766674819334 0
6.625111317135262 0.8339090132694956 0
10.6206561557342 2.683360444181754 0
9.103342401117871 9.161895484751616 0
2 7 0 27
618
619
620
621
622
623
624
625
626
627
628
629
630
631
632
633
634
635
636
637
638
639
640
641
642
643
644
4.706984386728749 20 -4.84498343495742
8.447342499289654 20 -4.827099050847067
12.27407072310071 20 -1.654192900908998
2.729425398771679 20 -1.659711372091674
6.5625 20 -1.623797632095823
13.67110090147958 20 -3.987419532656463
1.328890996983741 20 -3.987419532656463
10.34082190279762 20 -1.6129956175213
11.16434680661399 20 -3.233931248042801
8.457819154579408 20 -1.614727008493549
4.687269837559748 20 -1.623664747748986
6.565871299157507 20 -4.831181837371002
10.3125 20 -4.826202367904178
7.510548134448174 20 -3.218824093541588
3.852203519828331 20 -3.245342811666132
5.647562862953752 20 -3.231299092896825
9.372229749621471 20 -3.222296564391748
13.60353403639759 20 -2.418749999999999
1.396465963602407 20 -2.418749999999999
12.2679507894253 20 -4.785284174050336
2.737188925205321 20 -4.789597407004132
13.80052095189966 20 -1.137088580181801
13.81281033818098 20 -5.30204074134136
1.200178272474817 20 -1.138192274418334
1.188215984437812 20 -5.302903387932119
12.59620065140343 20 -3.21591557113172
2.408834960878296 20 -3.22016422468368
2 8 0 110
645
646
647
648
649
650
651
652
653
654
655
656
657
658
659
660
661
662
663
664
665
666
667
668
669
670
671
672
673
674
675
676
677
678
679
680
681
682
683
684
685
686
687
688
689
690
691
692
693
694
695
696
697
698
699
700
701
702
703
704
705
706
707
708
709
710
711
712
713
714
715
716
717
718
719
720
721
722
723
724
725
726
727
728
729
730
731
732
733
734
735
736
737
738
739
740
741
742
743
744
745
746
747
748
749
750
751
752
753
754
0.8617670981733236 5.039498243173883 -6.45
6.630748643744694 1.303588734185275 -6.45
1.565457978759506 9.39705556319662 -6.45
13.03995868758937 13.14432450026188 -6.45
6.378031836153817 18.47887410767465 -6.45
13.35518111656726 7.190949692696982 -6.45
3.106136579082906 0.7162055143429755 -6.45
1.643641165834182 13.36613653930699 -6.45
0.8067206389601146 3.20770661644207 -6.45
10.3108648016681 1.624364081414082 -6.45
10.16008544265963 18.37660838783629 -6.45
1.607343851652742 17.05148538887705 -6.45
0.8459065519402613 1.371278453643117 -6.45
13.5257698130658 2.98218013080887 -6.45
13.21901892633212 16.93492700004512 -6.45
4.969508307008057 1.286549549024395 -6.45
5.913577424747308 2.627808036699234 -6.45
4.45912212325667 2.679146702126474 -6.45
5.256234826112178 3.992661408057093 -6.45
6.841661274722544 3.998789700299834 -6.45
6.120317285337769 5.459721720703387 -6.45
7.809912513024884 5.458713345653251 -6.45
7.026946466315207 6.994297869266065 -6.45
4.531290429072665 5.364080817483937 -6.45
8.784442167982599 7.002722538193539 -6.45
7.897590162223413 8.606886153094962 -6.45
5.880603302650059 8.443341014186334 -6.45
6.947968849437984 10.19594449873873 -6.45
8.817267292680896 10.19708421683005 -6.45
7.917772967636038 11.8321880600085 -6.45
6.045759567102577 11.84204865995715 -6.45
6.994429065064591 13.46132311137246 -6.45
8.876256154895842 13.44648208970673 -6.45
9.646878173366064 5.393515754576661 -6.45
4.876972745079479 13.50463017376479 -6.45
7.948072529376674 15.07095929109444 -6.45
9.843377740043781 15.05576511757774 -6.45
4.036621107312877 11.63126386529626 -6.45
10.5253404808186 6.908779235523785 -6.45
11.34075388778293 5.255381580085269 -6.45
10.84160144603373 13.34255852706812 -6.45
11.80022131207048 15.0435663022025 -6.45
11.65395922410816 11.58334935673669 -6.45
1.388802858617584 7.667181831248154 -6.45
2.921058130704884 8.349888125572777 -6.45
2.596252582601597 6.630595356183167 -6.45
4.168834606926193 7.189522858331278 -6.45
2.667088674153077 5.119322813597868 -6.45
9.034013763815135 16.70249936716925 -6.45
10.49046350441143 3.470189488594038 -6.45
1.284364531748873 6.277264940158725 -6.45
8.429886685047077 1.486804268107957 -6.45
3.315616797092773 9.965180975539454 -6.45
1.944043028651593 11.42405501697225 -6.45
13.37630446476446 9.091683092416433 -6.45
1.649014152583343 15.21308820066664 -6.45
3.216944630000528 16.1525632992513 -6.45
3.077348153368796 18.22569807885004 -6.45
5.004338811234601 16.92392794720808 -6.45
3.158690047961655 14.37601871979267 -6.45
5.110670799193707 10.2451783076762 -6.45
3.982971957466788 0.7631205909372574 -6.45
3.540064211090223 1.629769174493306 -6.45
3.248831440759255 2.764670765595144 -6.45
2.579632681220506 1.994183429242985 -6.45
2.255131800288556 2.865537443126351 -6.45
2.791750507077361 3.651668129742138 -6.45
1.704548768179795 3.639576944608675 -6.45
1.644878993837476 2.12775916866236 -6.45
1.956744239283396 1.283381635282872 -6.45
3.926019437298707 3.720501101954778 -6.45
6.058555339758527 15.13400358108654 -6.45
8.583414993256586 3.919967250216271 -6.45
9.7873708653383 11.75780289176132 -6.45
9.695429119313832 8.563983411788655 -6.45
0.7883556427789637 4.065346695187285 -6.45
0.7860753190196208 2.321435745275069 -6.45
13.17103484151905 5.133856165588949 -6.45
7.104989208159919 16.74807625449749 -6.45
8.309776220331964 18.40696971601617 -6.45
11.04070286415352 16.76088146782111 -6.45
12.04920409284724 1.911508202013887 -6.45
12.10736367327052 18.44963328198382 -6.45
1.35731042867683 0.6793848055251249 -6.45
11.66700848088608 8.368412931240444 -6.45
10.62875240204622 10.08775797751441 -6.45
13.37028363440201 10.97921200102405 -6.45
13.61183978519839 15.0245635605019 -6.45
3.263856446828797 4.669834494293051 -6.45
4.279356727313524 8.838622256261209 -6.45
7.551621945325328 2.630683842805457 -6.45
1.463833660076838 4.495637687233886 -6.45
4.766943760151443 18.72570002674655 -6.45
4.463100314806958 15.21822874422068 -6.45
5.545598418060379 6.690192855994201 -6.45
2.22365688256118 0.5972262974222365 -6.45
1.474722413578324 2.87258767554084 -6.45
12.11544522792529 3.750623113418202 -6.45
12.15147942995007 10.0559150567293 -6.45
3.090346532891478 12.8336170380262 -6.45
1.395373020090638 18.59531291930386 -6.45
1.687495011389831 5.390758103054567 -6.45
2.340887375657624 4.315641965756943 -6.45
13.61671034367946 1.417766887058816 -6.45
9.269212139008083 2.646943935317782 -6.45
0.6349764497814456 0.631330454126183 -6.45
13.66569737701091 18.63473212262731 -6.45
2.675540005327152 1.285943943690384 -6.45
11.94795664811318 6.622424929310124 -6.45
3.411361036429862 5.809848659190656 -6.45
2 9 0 33
755
756
757
758
759
760
761
762
763
764
765
766
767
768
769
770
771
772
773
774
775
776
777
778
779
780
781
782
783
784
785
786
787
15 4.990530887342196 -4.795765389553203
15 8.999099079539643 -1.692406006350962
15 13 -1.732050807568878
15 17.11981914241688 -1.66720345132881
15 14.99390509925034 -4.763005527780386
15 2.885266879770058 -1.669889327794098
15 11 -4.717949192431123
15 18.61343937108022 -3.97507949565429
15 1.386732333765679 -3.975079495654291
15 15.02589453998158 -1.637445105724818
15 13.01025016701804 -4.753396046257997
15 4.978945452846412 -1.641499086959807
15 6.99505503672478 -1.670171980438548
15 7.997793201998279 -3.244511809114186
15 11.00046033710002 -1.709890859938138
15 17.11517375797873 -4.77758417320547
15 2.883043071974757 -4.782253636151991
15 18.6550001758724 -2.466263259120272
15 1.346047816812298 -2.466710905197821
15 15.95266368125723 -3.212142306124758
15 4.050703167185029 -3.22285783159309
15 14.03341880368934 -3.202615578709065
15 9.133247896341926 -4.826124351443124
15 7.019124202001715 -4.831523516534992
15 12.01151150648098 -3.23271058153843
15 9.999999999999995 -3.224359521045476
15 5.99634519417684 -3.225771806474715
15 17.46014241845845 -3.222272723003428
15 2.541167224161466 -3.224162366978703
15 18.75496386365786 -1.149193342089816
15 18.74572262581179 -5.298032733771953
15 1.246262939316471 -1.149820046598384
15 1.253955081148087 -5.298966626361256
2 10 0 8
788
789
790
791
792
793
794
795
3 1.999999999999996 -3.001657382989061
3 0.8810408230098128 -2.984807926120009
3 3.118959176990182 -2.984807926120009
3 2.567445577117407 -2.997744218184845
3 1.432554422882585 -2.997744218184845
3 0.4291020809160275 -2.913871765944848
3 3.570897919083969 -2.913871765944851
3 3.726625905571626 -3.25
2 11 0 26
796
797
798
799
800
801
802
803
804
805
806
807
808
809
810
811
812
813
814
815
816
817
818
819
820
821
3 1.428643386943461 -2.027512680841354
3 2.583307957200605 -0.5263180549740212
3 1.417910117544443 -0.5218487324238783
3 2.571428571428567 -2.031854328419501
3 3.519091295211493 -0.8995186185450308
3 0.4847068724684913 -0.9039702809647507
3 0.5633840214526007 -1.553561846699927
3 1.131163399542664 -1.082519908160538
3 3.438295544234024 -1.552683710930238
3 2.869800486543612 -1.090060770706529
3 2.000203012457505 -0.5000460658526631
3 2.261996366800363 -0.9979092590721268
3 2.000011993062002 -2.017876233590463
3 1.712973897918197 -1.499039793921227
3 3.124936606483655 -2.05009912301173
3 0.8754003121788128 -2.04967430358976
3 2.352270054596413 -1.544082960724695
3 1.707545460404941 -0.9322994768064308
3 0.8759886278462167 -0.4835751578785574
3 3.126244273301044 -0.4849473538697802
3 2.864389487507343 -1.648603231563378
3 1.142313003607147 -1.642461706642561
3 3.571827433288216 -0.4320320874285382
3 0.4281725667117797 -0.4320320874285359
3 3.598360715857821 -2.091082243193446
3 0.4020425810119967 -2.091172906462989
2 12 0 21
822
823
824
825
826
827
828
829
830
831
832
833
834
835
836
837
838
839
840
841
842
0 0.646450825300437 -7.53593898695384
0 2.213449876236771 -7.181506534335266
0 4.060702621374081 -7.219861915547924
0 5.726328380757188 -7.854998335002407
0 5.065441858922623 -7.139851561719324
0 3.150089004818638 -7.205625445885876
0 7.124222232231741 -7.601159970728278
0 1.507074108897817 -7.927762055480065
0 3.614860920487939 -7.953060726401148
0 2.705653185278781 -7.952626154006886
0 1.253928365543378 -7.059225483846983
0 4.599469113676922 -7.93147316211782
0 9.274296157056179 -7.664941054792616
0 17.10615654093863 -7.563328364878534
0 18.87420942433205 -7.573054727479755
0 0.6040658708307174 -8.200498184768152
0 15.18565908065838 -7.565215441660717
0 13.26014750171258 -7.563146324464504
0 11.29772395070868 -7.588014563209519
0 0.5604527171873486 -6.933091024685258
0 6.072939580762282 -7.013387917968076
2 13 0 10
843
844
845
846
847
848
849
850
851
852
15 3 -7.574999999999999
15 1.166666666666667 -7.574999999999999
15 5 -7.574999999999999
15 7 -7.574999999999999
15 9 -7.574999999999999
15 11 -7.574999999999999
15 13 -7.574999999999999
15 15 -7.574999999999999
15 17 -7.574999999999999
15 18.83333333333333 -7.574999999999999
2 14 0 17
853
854
855
856
857
858
859
860
861
862
863
864
865
866
867
868
869
0.6403521593805397 0 -7.539800109158089
2.177093976101834 0 -7.184385879643705
4.022835490244577 0 -7.239220237401316
5.125494030555827 0 -7.36825701614551
3.098239550887257 0 -7.209580454510419
1.489523734868863 0 -7.931650439546532
6.474290096687286 0 -7.546387742020324
2.655926176335189 0 -7.961090443631818
1.234258401568159 0 -7.060996959110176
3.588444204053748 0 -7.957185953043646
4.48980725994466 0 -7.948767080271366
8.337573778364325 0 -7.561053713790542
12.11939907455107 0 -7.562615458415434
13.88276384032591 0 -7.572935909735905
0.6002366017887282 0 -8.201605257092542
10.22381544832287 0 -7.570611528700995
0.5519838572787522 0 -6.934217544178746
2 15 0 8
870
871
872
873
874
875
876
877
2.8125 20 -7.574999999999999
1.145535714285714 20 -7.574999999999999
4.6875 20 -7.574999999999999
8.4375 20 -7.574999999999999
6.5625 20 -7.574999999999999
10.3125 20 -7.574999999999999
12.1875 20 -7.574999999999999
13.85446428571429 20 -7.574999999999999
2 16 0 104
878
879
880
881
882
883
884
885
886
887
888
889
890
891
892
893
894
895
896
897
898
899
900
901
902
903
904
905
906
907
908
909
910
911
912
913
914
915
916
917
918
919
920
921
922
923
924
925
926
927
928
929
930
931
932
933
934
935
936
937
938
939
940
941
942
943
944
945
946
947
948
949
950
951
952
953
954
955
956
957
958
959
960
961
962
963
964
965
966
967
968
969
970
971
972
973
974
975
976
977
978
979
980
981
1.119537984028284 5.843316333746395 -8.699999999999999
13.39755046882271 8.830124798309859 -8.699999999999999
1.629168228219595 12.97779927454103 -8.699999999999999
6.35048759393019 1.346318888093002 -8.699999999999999
8.300226565246909 18.24196652571984 -8.699999999999999
1.54705874723881 9.247359566804587 -8.699999999999999
13.22473148609741 13.1080829994624 -8.699999999999999
3.652816258091099 0.9119653089950408 -8.699999999999999
13.4091651928803 4.991548040081732 -8.699999999999999
0.883766787545033 3.619591746309374 -8.699999999999999
4.824625595673554 18.31631542756625 -8.699999999999999
10.1121374591032 1.508034377038932 -8.699999999999999
13.0798274133203 17.08576762960875 -8.699999999999999
0.9795241892949542 1.615013023207243 -8.699999999999999
1.870810435053437 17.10757969351859 -8.699999999999999
1.37066757928617 7.419349491828709 -8.699999999999999
2.91572901733103 8.228997119851284 -8.699999999999999
3.06847535200785 10.04021547477177 -8.699999999999999
4.484617449294174 9.016233490638667 -8.699999999999999
4.638942282684747 10.83064351936521 -8.699999999999999
6.11976381889652 9.860543819460108 -8.699999999999999
5.868602588584918 7.945302643666327 -8.699999999999999
6.240459105669945 11.65229549216677 -8.699999999999999
7.746725244209765 10.66020771589872 -8.699999999999999
7.860649196906972 12.47405852712753 -8.699999999999999
6.337584753933996 13.47299959658223 -8.699999999999999
7.973602336945914 14.30947104348737 -8.699999999999999
9.395952452566886 11.46505424360879 -8.699999999999999
9.270670901332339 9.628513596474562 -8.699999999999999
2.523379208646965 6.211030249933587 -8.699999999999999
6.45674044087944 15.31903344531813 -8.699999999999999
4.881703447753325 14.56451672304498 -8.699999999999999
10.9372025368448 10.4347339757359 -8.699999999999999
10.76735886920363 8.57182107700687 -8.699999999999999
9.126793065540713 7.758906542061617 -8.699999999999999
10.60090443571709 6.703585025179104 -8.699999999999999
8.981056924030863 5.872317372459745 -8.699999999999999
10.56299629433402 4.90794632970405 -8.699999999999999
9.044898168245725 4.144329462514957 -8.699999999999999
7.314925578211117 5.058692209412555 -8.699999999999999
4.172508190023508 7.096657346646703 -8.699999999999999
3.838137102135617 5.422799537854999 -8.699999999999999
2.700836668524027 4.686437658783252 -8.699999999999999
3.681409538376279 4.033401892668024 -8.699999999999999
2.663877125996006 3.544805074238252 -8.699999999999999
3.544217760026923 2.874707176649544 -8.699999999999999
4.636796680035794 3.398878741313369 -8.699999999999999
2.500681330314654 2.572624986863354 -8.699999999999999
5.537945923326255 5.937803252965695 -8.699999999999999
11.33409054048157 12.25428240333325 -8.699999999999999
8.106419460319426 16.19985808667114 -8.699999999999999
9.701800706139439 15.17446137936362 -8.699999999999999
7.307861623848295 3.139319643702533 -8.699999999999999
6.541283620269915 17.18637012910022 -8.699999999999999
4.2659646401953 2.085203766297817 -8.699999999999999
8.210180239688899 1.43894383073165 -8.699999999999999
3.166793839881835 11.84438399606883 -8.699999999999999
7.419809976646466 6.903429341625607 -8.699999999999999
12.97429435829624 10.86550424462609 -8.699999999999999
11.59165197433511 14.22505477866093 -8.699999999999999
13.42588381587741 6.840271334928222 -8.699999999999999
1.700310430050032 15.0001159004173 -8.699999999999999
3.434465598657306 15.65805895668063 -8.699999999999999
9.799881821966737 16.93792380442112 -8.699999999999999
13.15681978474894 3.071910048066517 -8.699999999999999
5.861832214035473 4.104976137045396 -8.699999999999999
2.633123735041491 0.8834397638534354 -8.699999999999999
0.9001850075509735 4.671570411715213 -8.699999999999999
0.8744406591550239 2.646568924796382 -8.699999999999999
9.64295786789598 13.31706372926358 -8.699999999999999
7.592060932535119 8.792817276531157 -8.699999999999999
4.767911738349554 12.6558999695898 -8.699999999999999
1.568582694558015 11.09310109486454 -8.699999999999999
13.1852403061455 15.06682042475992 -8.699999999999999
12.00460961576069 1.602029840893017 -8.699999999999999
3.102450862975498 1.83312396242724 -8.699999999999999
12.09791471210364 18.62248261991417 -8.699999999999999
2.913797756687955 18.56539468712215 -8.699999999999999
11.42025257648026 15.98647981357192 -8.699999999999999
1.738313331884723 3.120413138591774 -8.699999999999999
1.581838991647322 0.8204168988696108 -8.699999999999999
4.923899710685554 1.145985063131616 -8.699999999999999
10.86369180840697 3.159744227394088 -8.699999999999999
1.754233850658941 4.077629056036232 -8.699999999999999
4.983658167602121 16.40529404548511 -8.699999999999999
2.017901454183522 1.670802771904248 -8.699999999999999
3.263392213818608 13.7834624700571 -8.699999999999999
10.32573051622521 18.55620916726884 -8.699999999999999
5.557807077121767 2.536780373263955 -8.699999999999999
6.558227156238075 18.74893041647726 -8.699999999999999
11.9893076263882 5.872793907032795 -8.699999999999999
13.57872080358608 1.421787332543487 -8.699999999999999
1.38170183741689 18.62358094881488 -8.699999999999999
1.799634543881838 5.097996742042936 -8.699999999999999
11.95685127937948 7.630501260448083 -8.699999999999999
0.7528140939564234 0.7532458342527382 -8.699999999999999
13.65883374618305 18.68201168877497 -8.699999999999999
11.34472140801923 17.43777260695695 -8.699999999999999
11.96738650984873 9.347239992522917 -8.699999999999999
11.99639614135168 4.400788510455837 -8.699999999999999
9.12072843409182 2.639990075555432 -8.699999999999999
1.633644824625419 2.345064132794608 -8.699999999999999
4.696858161690219 4.571327984420874 -8.699999999999999
3.682692143376986 17.29719355593214 -8.699999999999999
2 17 0 75
982
983
984
985
986
987
988
989
990
991
992
993
994
995
996
997
998
999
1000
1001
1002
1003
1004
1005
1006
1007
1008
1009
1010
1011
1012
1013
1014
1015
1016
1017
1018
1019
1020
1021
1022
1023
1024
1025
1026
1027
1028
1029
1030
1031
1032
1033
1034
1035
1036
1037
1038
1039
1040
1041
1042
1043
1044
1045
1046
1047
1048
1049
1050
1051
1052
1053
1054
1055
1056
0 5.898491295996115 -9.769381527744963
0 9.054537032718883 -18.01200019770938
0 13.39812667616171 -10.62780496231146
0 1.480343422114357 -13.74141113219958
0 9.438574901392208 -10.41951654326707
0 3.631138282829343 -9.598473713595546
0 14.96424811492749 -18.37530558836005
0 5.002937233558018 -18.2229119197807
0 18.42640737174782 -13.41775535481072
0 1.504631674407954 -9.728016362104944
0 1.543301602065034 -17.32692321382092
0 18.45759625490258 -17.1515579125215
0 17.03728403520696 -10.4120227673595
0 1.524569314274753 -11.91098103346121
0 2.901725103460699 -12.85505641232655
0 2.860049138461692 -14.53863959212244
0 4.325230408324568 -13.6141421961479
0 4.232854631679141 -12.07929344072496
0 5.720975602577902 -12.73882777349205
0 5.838101457017029 -14.39760963132189
0 7.287250260134535 -13.4395643879604
0 7.460910102218191 -15.19302020071644
0 8.953264139004343 -14.19593122080552
0 6.963608508092962 -11.85425651301571
0 9.070558398944645 -15.97913972438348
0 10.61414120047005 -14.94443109115067
0 10.44167678190178 -13.18617521674922
0 12.18768811489985 -13.9226698702154
0 12.23500594152132 -15.67747115165218
0 13.90731248577299 -14.70168581894179
0 13.72831063519041 -12.77298491146123
0 15.42770271815376 -13.59125523959318
0 15.55615120069521 -15.42055679330596
0 7.078707969518781 -9.769355145080796
0 5.90850266393732 -16.30854487121112
0 15.34457180482126 -11.71054635939175
0 6.965365824892069 -18.28794524275285
0 4.19986385253139 -16.85665078472037
0 1.412358012719853 -15.51610593258066
0 11.11099872267159 -18.35540221206833
0 8.745172088646896 -12.20755288859091
0 5.55563476248826 -11.21146104886241
0 13.01844619693853 -18.42529274730467
0 11.18225705873903 -10.36487857056125
0 2.952319658382057 -18.22076802996153
0 18.49780932677882 -15.28932998899981
0 3.012450906005747 -11.40778696626497
0 11.92701959305178 -12.06459013787701
0 13.92614551833444 -16.69014172814837
0 4.736559488132215 -9.713178185351957
0 2.605532595802779 -9.604605924367323
0 16.94008203975921 -18.26849592339179
0 4.046840385593309 -10.72656980518313
0 18.43369179578641 -11.59537123828377
0 1.219831449743448 -10.81104032089948
0 16.94594283819265 -12.51282515990649
0 4.303368392454099 -15.28596236928287
0 10.63946599779548 -16.64847768062101
0 16.99586485885791 -14.39345903213684
0 7.69197480454222 -16.75613004735465
0 15.12468007138918 -10.05540048316597
0 10.34694008474634 -11.64854267140909
0 17.09685303058279 -16.23333333333333
0 2.226150716188679 -10.56663730005678
0 18.70416957190981 -9.998145467795318
0 2.695442809119356 -16.36016689788821
0 8.031376300305295 -10.73563022670351
0 18.67953565893236 -18.70734410051599
0 1.299124252089418 -18.75312801059928
0 15.73556341642494 -17.00636157836874
0 3.109495472329969 -10.36073759932904
0 0.7600388874893073 -9.459156295174195
0 12.18601247545227 -17.15935710395891
0 6.705563767280282 -10.66801689228148
0 0.6969004023281418 -10.17048014103644
2 18 0 60
1057
1058
1059
1060
1061
1062
1063
1064
1065
1066
1067
1068
1069
1070
1071
1072
1073
1074
1075
1076
1077
1078
1079
1080
1081
1082
1083
1084
1085
1086
1087
1088
1089
1090
1091
1092
1093
1094
1095
1096
1097
1098
1099
1100
1101
1102
1103
1104
1105
1106
1107
1108
1109
1110
1111
1112
1113
1114
1115
1116
15 6.995298275122293 -10.43059531990612
15 12.99604877891366 -10.45787889768161
15 5 -18.26794919243112
15 9.187944730283668 -18.16349321164256
15 14.98219642177481 -18.28714947669468
15 18.36898548953931 -13.40833333333333
15 1.599553095772625 -13.39198220572218
15 18.43477250607066 -17.22279962249953
15 1.473937195015136 -17.1421810775301
15 2.935902486727284 -10.56604495997366
15 17.05349518504677 -10.58397285936624
15 4.986480209018857 -10.4481978060361
15 5.987718863579232 -12.15340033944432
15 7.984516287971353 -12.1666062876537
15 6.973183660452511 -13.78819019602328
15 8.97032121146546 -13.79011401191698
15 5.02525118456668 -13.88059983237851
15 9.986407357404662 -12.16464993191822
15 10.97079247550647 -13.90288839427391
15 5.960639825795806 -15.59868618352805
15 4.191530648072431 -15.36753040434201
15 9.704385832947873 -15.79367409769399
15 11.90240733359644 -15.69779909180076
15 12.95914933470478 -13.94883896701222
15 13.93614241026197 -15.58068212316657
15 14.91468254699708 -13.96981572525151
15 15.9542710650181 -15.50188748597503
15 12.9370260500003 -17.39933914803157
15 13.96996895678516 -12.21289598008506
15 15.83770336310952 -12.28709167785666
15 4.135658661307883 -12.24800377558552
15 14.97620271397585 -10.49030656916493
15 11.98039448388579 -12.1918445663811
15 8.999999999999998 -10.43205080756888
15 10.99380843670068 -10.44107070059163
15 7.031324121713944 -18.34794765039046
15 7.640888189288021 -16.67545271063876
15 10.94635278936566 -17.19698777496552
15 18.05630967873827 -15.37854043303413
15 1.504938757540705 -15.22796768626618
15 17.15515415223828 -18.49743938949289
15 2.940821175880584 -18.19920623552871
15 1.424642555661317 -11.58021197215648
15 18.56576995634919 -11.58581607464327
15 16.74326581469449 -13.90616846819612
15 3.112773761192835 -14.11031725509001
15 4.337558702005698 -16.88647453262749
15 18.60882244518962 -18.64292354061435
15 16.58583178365335 -16.94580468171624
15 1.335960268774035 -18.66776397700758
15 1.343814018267094 -10.04150414178149
15 18.6705718995675 -10.04033057547939
15 5.996980697837088 -17.13818028713966
15 7.93210113867986 -15.05477092157863
15 14.87909354614171 -16.74297258311682
15 12.98384449435502 -18.923424390077
15 2.86352293495432 -16.17781871326006
15 11.24466286476246 -18.70437672694019
15 17.35706833968289 -12.42214913591939
15 2.627470475294148 -12.42280354800236
2 19 0 56
1117
1118
1119
1120
1121
1122
1123
1124
1125
1126
1127
1128
1129
1130
1131
1132
1133
1134
1135
1136
1137
1138
1139
1140
1141
1142
1143
1144
1145
1146
1147
1148
1149
1150
1151
1152
1153
1154
1155
1156
1157
1158
1159
1160
1161
1162
1163
1164
1165
1166
1167
1168
1169
1170
1171
1172
4.800122218108354 0 -9.873969317989575
6.541061784353406 0 -18.38518118598068
8.121825719496034 0 -10.31481833572167
13.22999087469367 0 -14.96087607939272
1.419113269072274 0 -13.56061851035079
2.624078186829554 0 -9.663207965451086
10.06745187336527 0 -18.5167035127555
2.778050630519422 0 -18.26159407399527
12.18471058865858 0 -10.18318050255911
0.9573849076667488 0 -10.43063844516907
1.191059363260563 0 -11.82446226033018
2.689593804063543 0 -12.45100683080569
3.04987164984371 0 -14.09658981567994
4.28417035471891 0 -12.82144461304503
4.703215938223861 0 -14.41302041344915
5.91312903292035 0 -13.23348986072251
6.301779523569426 0 -15.09001403222516
7.621544998160339 0 -13.61979388999272
8.169491476246048 0 -15.28686021259842
9.395324257769214 0 -13.95827815748787
3.406601368317204 0 -15.5535314791019
9.957757304540266 0 -15.64018949348302
5.387804532869183 0 -11.47912657843204
11.23416455920136 0 -14.39428257462328
10.62528700938376 0 -12.61282027761742
12.36459348337766 0 -13.10924968407432
9.059583613856194 0 -16.93684293349928
2.276094277228653 0 -10.98082008010155
6.329182110209366 0 -10.02616121151871
3.781951344251206 0 -11.07929815878347
4.672472709851785 0 -18.41582114098538
5.55933905383429 0 -16.89613073156835
1.649967672162492 0 -15.43971041692735
10.25510389837042 0 -10.64198225384753
13.38997038758906 0 -17.15514769394923
11.74824337573871 0 -16.23333333333333
8.855948251968481 0 -12.1781571950057
7.07662173014788 0 -11.86377113454994
1.425263944277153 0 -17.22876808995228
3.610733062696017 0 -9.671934718834978
11.96375337100582 0 -18.21480516684841
13.42219836829822 0 -11.6156539227858
1.620100930253383 0 -9.654929320600178
8.4375 0 -18.65551743564661
7.264964007537912 0 -16.7125485637533
3.972402419114569 0 -16.8724066671638
1.312598760135892 0 -18.68710966917478
13.8597733009361 0 -13.40833333333333
13.62211618080423 0 -18.61989811510746
13.73194940073878 0 -9.956433551735648
3.095148098995251 0 -10.40697601737224
10.55935790770125 0 -17.10837488798391
0.7553777323877979 0 -9.45490943287936
11.77037866961773 0 -11.63257732817683
2.606530728490262 0 -16.58307240954762
4.788667660611869 0 -15.76502066470167
2 20 0 47
1173
1174
1175
1176
1177
1178
1179
1180
1181
1182
1183
1184
1185
1186
1187
1188
1189
1190
1191
1192
1193
1194
1195
1196
1197
1198
1199
1200
1201
1202
1203
1204
1205
1206
1207
1208
1209
1210
1211
1212
1213
1214
1215
1216
1217
1218
1219
6.544096362511176 20 -18.2882333368201
8.560503449901548 20 -10.38198991698592
13.2627334386822 20 -15.33149622884045
1.630905380052702 20 -13.40971191524502
10.1093497282363 20 -18.22319258642737
4.528803154235431 20 -10.38581211346801
1.58859220683261 20 -17.10125351091807
13.30639416608501 20 -11.51814405984484
1.623162712047287 20 -15.27977065605441
3.258330050474492 20 -14.34915593334452
3.416295850210989 20 -12.17214489096618
4.8880982941083 20 -13.41155437002995
4.887078112182627 20 -15.2905191000468
6.513636164393383 20 -14.35170755690094
6.523723168727166 20 -12.53138108265844
8.11229398192771 20 -13.47346053836712
8.134271971126552 20 -15.30099528688893
9.747889860279084 20 -14.34431541618153
9.623535912725988 20 -12.17782037783745
11.26470367031843 20 -13.37826509139067
9.843662892469219 20 -16.1845711858309
11.41858495281439 20 -11.56566115755809
8.263657857272433 20 -17.15819026027869
11.6135168444073 20 -16.90087952428459
1.59356478266297 20 -11.51239905413268
13.36936738451159 20 -13.40899479482848
3.251598625090275 20 -16.21695694590888
4.861052418162232 20 -17.14397528522625
3.058689850784865 20 -18.25855696962785
6.533965480941399 20 -16.25560347102695
6.539507355989048 20 -10.6266239074579
13.4328586925527 20 -17.20578130378667
2.79880743124589 20 -10.26242755608628
10.34254644003797 20 -10.26326737649014
11.33737564058307 20 -15.12479890168547
12.19141659123734 20 -18.51641350973305
12.18082420508959 20 -10.13449347107409
7.89911371109015 20 -11.83816309917897
8.408681045774046 20 -18.72726810598358
5.099487687936151 20 -11.84306949637719
4.70670188621317 20 -18.72781493023427
1.315322838094412 20 -10.01546516936586
1.37788381919577 20 -18.61989811510746
13.64033384775484 20 -18.63803517291227
13.64241967160014 20 -10.05988823255148
12.37748045496733 20 -12.47682735273817
12.37715751370109 20 -14.24443346235083
2 21 0 79
1220
1221
1222
1223
1224
1225
1226
1227
1228
1229
1230
1231
1232
1233
1234
1235
1236
1237
1238
1239
1240
1241
1242
1243
1244
1245
1246
1247
1248
1249
1250
1251
1252
1253
1254
1255
1256
1257
1258
1259
1260
1261
1262
1263
1264
1265
1266
1267
1268
1269
1270
1271
1272
1273
1274
1275
1276
1277
1278
1279
1280
1281
1282
1283
1284
1285
1286
1287
1288
1289
1290
1291
1292
1293
1294
1295
1296
1297
1298
13.26269905101524 9.009381370529496 -20
1.69783853666541 13.02945058378281 -20
8.321573326912381 18.24604366063916 -20
6.686716038422892 1.568466828606647 -20
1.711655772754564 7.047115167638263 -20
13.2725236014014 13.00646965441448 -20
13.2285660763792 5.038618091766541 -20
4.73437223443344 18.25692776539062 -20
10.3125 1.623797632095822 -20
1.741969853265224 3.138137894043771 -20
13.32297870458457 16.91000164012509 -20
1.655520640100409 16.86539917287917 -20
13.27186422639337 14.99321896226403 -20
11.55998631670477 14.00416007737236 -20
11.55153455168118 12.01578970611209 -20
9.846500725279704 13.02614472386252 -20
9.833550659141942 11.03145410746905 -20
8.128791031355229 12.0469204810011 -20
8.115262703847907 10.05685581458442 -20
6.394448974036568 11.08173752881896 -20
6.385052010709594 13.16587437386447 -20
6.395427152334463 9.081599517849002 -20
8.102041491268539 8.077750903269044 -20
6.392835211714997 7.101979966912795 -20
8.09139989692606 6.110375650105813 -20
4.665567199295189 10.10357682392163 -20
9.800705929278688 7.079111102328061 -20
6.370497961640226 5.169181779429378 -20
9.866476764039323 15.00883767911942 -20
9.768713697393034 5.14359813455412 -20
4.753264789324808 6.12862585659712 -20
4.767957288385568 4.086164258921018 -20
3.040185784476276 5.080899360261604 -20
11.51008362113249 6.069750243569189 -20
11.43632588217769 4.212560683905192 -20
13.11785001073136 2.974855314935729 -20
11.5762111976112 15.97290359210724 -20
11.82448263746446 18.1313673752624 -20
9.974994526675264 16.98603018573654 -20
8.218318449318147 16.18344908669793 -20
6.440541521484526 17.18481109902208 -20
6.393460668640079 15.15233649540468 -20
8.139766608223677 14.09726047332502 -20
4.687126185829101 14.17531329204352 -20
4.734335924188411 16.1258953056646 -20
2.938594141413331 15.03804853961841 -20
4.737946764237835 12.13897201575568 -20
3.118747321208352 11.43103407818517 -20
2.955196906450632 9.089685055222269 -20
7.962165709198569 4.316460939748863 -20
4.756276495861542 8.100541150461368 -20
13.27094434998137 11.00530754333667 -20
13.25179360474246 7.026642951145462 -20
11.54123196721238 10.02500402564062 -20
4.8019619684765 1.924081875698699 -20
8.523685829246549 1.549740785166824 -20
9.817034271779555 9.052047325716455 -20
11.5305914075268 8.043656169821544 -20
2.800541655413589 18.45345745606531 -20
2.868160148294333 1.556461037360751 -20
9.591276915501496 3.223762562556393 -20
12.1875 1.516404767775221 -20
6.274483762175701 3.369429824105387 -20
10.10920148207782 18.61532230264232 -20
1.298762282099213 5.053230484388727 -20
3.516341203371513 3.082659160999024 -20
3.443315949773564 7.089373318036124 -20
3.436050589870806 13.16256370187712 -20
1.193753889432229 9.027360044572106 -20
1.494256108959437 10.76292162696039 -20
1.25839066363583 14.98657965925607 -20
13.54698167234641 18.51670156782476 -20
6.543008886003097 18.78923172087976 -20
1.342952377672936 18.61988839593162 -20
3.335200567482533 16.96416047335706 -20
1.342952377672936 1.380111604068377 -20
13.68607000214627 1.29825201654219 -20
11.31346807319189 2.678206826763228 -20
7.59581246836166 2.79377588334285 -20
2 22 0 9
1299
1300
1301
1302
1303
1304
1305
1306
1307
0 1.428578981955999 -2.999986917154151
0 2.571432425196206 -2.99835365152323
0 0.8810420819072418 -3.01435252520155
0 3.118959819284788 -2.985370902911347
0 2.00000190119203 -2.999723428112897
0 3.570897919083969 -2.913871765944851
0 0.4291020809160278 -3.086128234055152
0 3.726625905571626 -3.25
0 0.2733740944283735 -2.750000000000001
2 23 0 6
1308
1309
1310
1311
1312
1313
1.5 0 -3
0.9249999999999999 0 -2.988333333333333
2.075 0 -2.988333333333333
0.4499999999999999 0 -2.93
2.55 0 -2.929999999999999
0.2668430515063172 0 -3.243622448979592
2 24 0 35
1314
1315
1316
1317
1318
1319
1320
1321
1322
1323
1324
1325
1326
1327
1328
1329
1330
1331
1332
1333
1334
1335
1336
1337
1338
1339
1340
1341
1342
1343
1344
1345
1346
1347
1348
2.472468650490896 2.00857580886328 -2.5
0.4703304593639771 1.414192657610555 -2.5
0.4814018366119342 2.587103195866731 -2.5
1.492780415810203 0.5131471916388466 -2.5
1.535270326604186 3.506455835064087 -2.5
2.568380596535123 0.8653051841794742 -2.5
2.480104990510598 3.088847330830863 -2.5
0.8869070290969614 0.5698478716274598 -2.5
1.240526223693146 1.06081628024824 -2.5
1.759069981053495 1.04655669887507 -2.5
1.505583966761541 1.546666519004539 -2.5
2.046853162495614 1.533325206221441 -2.5
1.778245262974811 2.033612647434588 -2.5
1.195690623123283 2.013920488527965 -2.5
1.46886186184165 2.552417904084406 -2.5
2.126560276515039 2.534529550074979 -2.5
1.838984153195063 3.001729529345028 -2.5
0.9472852928110147 3.443821406326316 -2.5
0.5792773162790912 1.998085861420253 -2.5
2.113094124339526 0.5677258530513096 -2.5
2.105506026579934 3.530654822192323 -2.5
0.4315040258025684 0.8780099202002162 -2.5
0.482626881265957 3.12164856516543 -2.5
0.9603368879054894 2.858262937311177 -2.5
2.559603160750547 1.414021141118895 -2.5
0.9744247824387088 1.550026259380443 -2.5
2.619653843647158 2.559666710783342 -2.5
0.9371137051522894 2.401958077442107 -2.5
0.4322771792187707 3.575394676106005 -2.5
0.4188608122639886 0.4183994030146469 -2.5
2.57867668916976 3.586896237913961 -2.5
2.592385965775144 0.4086533829482197 -2.5
1.393525552120416 3.045617350837477 -2.5
2.209400205034861 1.085386816689238 -2.5
0.8007385040790722 1.094578597813383 -2.5
3 1 0 298
1349
1350
1351
1352
1353
1354
1355
1356
1357
1358
1359
1360
1361
1362
1363
1364
1365
1366
1367
1368
1369
1370
1371
1372
1373
1374
1375
1376
1377
1378
1379
1380
1381
1382
1383
1384
1385
1386
1387
1388
1389
1390
1391
1392
1393
1394
1395
1396
1397
1398
1399
1400
1401
1402
1403
1404
1405
1406
1407
1408
1409
1410
1411
1412
1413
1414
1415
1416
1417
1418
1419
1420
1421
1422
1423
1424
1425
1426
1427
1428
1429
1430
1431
1432
1433
1434
1435
1436
1437
1438
1439
1440
1441
1442
1443
1444
1445
1446
1447
1448
1449
1450
1451
1452
1453
1454
1455
1456
1457
1458
1459
1460
1461
1462
1463
1464
1465
1466
1467
1468
1469
1470
1471
1472
1473
1474
1475
1476
1477
1478
1479
1480
1481
1482
1483
1484
1485
1486
1487
1488
1489
1490
1491
1492
1493
1494
1495
1496
1497
1498
1499
1500
1501
1502
1503
1504
1505
1506
1507
1508
1509
1510
1511
1512
1513
1514
1515
1516
1517
1518
1519
1520
1521
1522
1523
1524
1525
1526
1527
1528
1529
1530
1531
1532
1533
1534
1535
1536
1537
1538
1539
1540
1541
1542
1543
1544
1545
1546
1547
1548
1549
1550
1551
1552
1553
1554
1555
1556
1557
1558
1559
1560
1561
1562
1563
1564
1565
1566
1567
1568
1569
1570
1571
1572
1573
1574
1575
1576
1577
1578
1579
1580
1581
1582
1583
1584
1585
1586
1587
1588
1589
1590
1591
1592
1593
1594
1595
1596
1597
1598
1599
1600
1601
1602
1603
1604
1605
1606
1607
1608
1609
1610
1611
1612
1613
1614
1615
1616
1617
1618
1619
1620
1621
1622
1623
1624
1625
1626
1627
1628
1629
1630
1631
1632
1633
1634
1635
1636
1637
1638
1639
1640
1641
1642
1643
1644
1645
1646
6.534767777128792 3.307388300255435 -2.981984980745481
3.097602499030364 6.94948993212833 -3.059262692825479
5.053690378664721 1.939038012685088 -2.211803402279354
5.452042518598651 5.440549916343056 -2.753392479351176
4.828021392720312 2.007931881216117 -4.623391899617946
4.865154128273963 3.617063202889184 -1.692673405308664
2.231387019169253 5.594117758547417 -1.604037236912995
1.890474070207923 2.544495010590516 -5.112360449763034
4.6670688813615 3.795311829991382 -3.345956094462537
1.182245611768071 5.73472768542739 -3.418534012237503
2.915491412988912 1.153737280979844 -4.784354979509059
1.425310892156353 4.002304316447181 -5.299747365697548
2.614969367907495 5.817752433862584 -5.08181406659018
8.776277020442405 7.51513900023054 -2.975886018875424
2.99683249629292 3.534372391949901 -4.885540133833146
3.995677968194179 1.00472259018467 -2.65691076539831
4.947772322848522 8.705208320985207 -3.312484734457016
1.230454290084182 1.529647694666803 -4.770796477904061
3.925194177561854 13.16240247640397 -3.88519409371612
3.005721886564944 16.99480013581393 -3.311688116678725
9.440716586790975 3.813231371574489 -3.647733556867669
7.466582425328686 11.26692803396034 -3.726981885704979
12.30731558747661 16.89625345748441 -3.02081543234868
4.203188531020473 2.458341580974589 -1.02018495164504
11.46699246875249 9.481430056914558 -3.349153954525292
3.79793303417407 5.511971534887542 -1.443632526569372
4.329689643476493 2.081138991538492 -3.024950949830715
7.25411937970738 15.95598373948408 -2.238270441749878
9.750372630445687 13.53537388789873 -2.736762150059292
2.876589352240404 2.390599387840147 -4.284711578218026
11.42661524542248 6.281986748860788 -2.192796594180912
2.76887584420935 5.355649547118455 -3.292953080299665
12.37746660641373 2.896717867336492 -2.922806296407118
4.059688477111868 3.178513164621472 -4.481846416464071
1.970849713339653 9.048689704031458 -4.1425930761031
3.822716449590011 1.41076568387723 -1.534280567578097
7.745081248711358 5.272301758253194 -2.135754910259319
0.954036007543872 4.815659197465169 -1.546480575559817
3.767253169348674 0.7727649269024217 -4.194362742328915
8.758917249804307 17.59519530012286 -4.277522592039515
3.832403855236113 2.770612395485872 -2.234531784694414
3.8501014514883 4.626984885372448 -2.957103695136758
1.172450550419993 3.162425173994704 -4.323111063531491
2.791452770915373 4.646026199577845 -2.423337072201465
2.152881035720584 1.835017410368503 -4.375301463239022
2.132338073669599 0.7976180410855291 -4.363709117112933
6.388362139125624 6.755200062738566 -4.455963499082454
2.976059585332591 4.741679583845371 -0.748454909791669
4.139026040091004 4.822066358995236 -4.758696533243193
0.9246245524713872 5.735642200729912 -4.761733023082341
6.972162579837939 1.868003324134695 -1.45410616158572
1.675335079548545 4.726808377989989 -4.13044593253818
3.687319402673784 11.09566731832236 -2.061042856603916
8.134220856828259 1.947466235459354 -3.978270867063439
12.72529274351007 12.188020421577 -3.912344304948507
8.941153395830067 9.863543569588821 -4.33657737048882
6.666616813286723 17.79706976229901 -4.370518221913118
5.509175161244335 1.099209004518584 -1.222510889508464
6.561462298501016 7.33410617404049 -2.100066756040802
1.937851298938584 7.863281966780017 -1.563594468030848
1.831650631352434 4.6356103029763 -2.420047560514899
0.6783219409000574 2.386000995658849 -4.257715762551868
6.108388564013012 4.876391054079943 -4.73360692995797
2.192883498846656 3.131039356239635 -4.115616978823313
4.416312909840541 7.444679962751101 -1.872795619415172
7.558900701005705 9.130101906451381 -1.664365790010685
6.285297283839967 1.266122260360624 -3.341698343983883
2.894628630901622 0.5628928165729108 -4.179879092597082
3.810787163086494 2.908653134592686 -3.513969362045755
3.69758788877268 3.607323341275624 -2.361034962803664
0.6608732351727835 0.71599887462649 -4.254367431418113
6.530951043671786 4.289210436807178 -1.320623886495241
3.584017931171164 1.879284752169454 -2.188364930695246
12.3992586988055 13.86882749658825 -2.206179628195159
1.90294277306174 15.09371721643108 -2.133044133228978
0.7443878876033466 4.621324333393112 -2.973010738938516
3.842452611234646 4.023102678936274 -0.7355923238839654
3.591773487373432 0.6455308594839204 -0.697781848488651
0.8846490781376617 2.005605806942407 -5.654527065553947
4.335110874432075 15.57476238522995 -1.580394891120304
2.042236231683482 1.688686879444241 -5.545144110481606
1.070961581278182 3.150395783786137 -5.539495885180193
4.54649134049471 6.649090436274582 -4.720500150478222
2.389624436944533 4.001593303823993 -4.158838675988719
1.911466685021217 4.692253872115126 -0.7134605192350643
3.64999092944907 1.848224782041592 -4.137812452526864
8.52559169848395 6.123823725491065 -4.735582514898124
5.647790147199387 2.649317154960122 -0.947404265100421
3.769270059896235 2.639790066556228 -5.421750087698527
13.05309528039492 5.015337415792272 -4.035556051194567
1.256976035853934 7.195408035878739 -4.418208480904481
0.7652958063896511 4.022760461174264 -4.2979266840434
5.26589801052053 11.27519358639888 -4.433825898827386
3.595299178839445 0.6761849783190479 -2.141955515288998
5.720167749532988 12.17063780530731 -1.82092474813911
9.236080588705848 1.778920061939059 -1.802310165467773
10.62203120043968 11.52277800507856 -2.128961987117769
13.23933509570021 7.978917010743119 -1.816076953972944
4.562596120332712 15.3271292488047 -4.546308553896631
9.741416673281446 9.268557852725717 -1.701463961091916
2.849278369493003 2.855520117790751 -5.707023092632481
10.13694763848483 7.909719364950177 -4.588713566521577
1.130830489729149 6.156239534140744 -1.024443455651618
6.986709532535644 8.906782457606351 -4.616898226321964
2.343477864073198 11.22065712643424 -4.468791850811394
7.480149896185312 3.621547296938605 -4.935413419248874
9.588322765925701 5.908051558301223 -1.708119639676595
1.882030705768698 18.22560560568172 -4.611318332113623
1.783551825184387 18.23650266778459 -2.221564281980115
3.59295689711354 9.223277821417536 -1.615480340114406
1.984651800202195 12.69261414190114 -1.843086869957131
5.376909756092244 3.381615250173552 -4.985168319120821
12.88983191559422 7.637401286524034 -4.466083352352279
13.19409626401394 18.04602296964692 -4.4394556694165
13.33727006625286 1.853544633034147 -4.240358470926078
3.621310334717889 1.705627803636002 -0.761500039553783
9.948440741893652 15.54640615291853 -1.733203535940945
0.8755368857231226 0.9154155132081341 -5.546005111538457
1.762336510898241 13.8187699884571 -4.609337020740865
0.683134653884594 4.657959326436232 -0.7788490648916516
10.22797865678758 1.524135029477696 -4.655268825021772
4.605539920249035 18.42384136327501 -1.68816769459614
7.664701361619263 12.99536568656045 -1.644090629638745
4.83362957224177 0.9599990704793971 -3.50002540699715
5.610082209347469 10.22646785561152 -1.537716700511325
3.342015761383301 0.7721789660988668 -5.612476116842101
3.460972912805532 3.647967580095772 -3.079619038711658
13.21696721490316 18.30231541042535 -1.992480580517857
1.04559827267316 7.057999057512609 -2.651598633239609
3.611021334136728 3.077466671053247 -0.6004082734027322
2.070756672696088 0.7749836795112325 -5.623990996189447
5.193535701600691 2.6720675750384 -3.404083693623246
10.75000828611908 3.912188686059973 -1.493349073697
8.245675289145865 3.254223747386446 -1.51395785112352
0.5889673657621117 1.609109174053376 -4.122091742986669
7.341636336162376 18.30676976147744 -1.756940141526837
3.687896428208119 0.6613980210570986 -3.226003215488594
6.899193611837592 13.43920424647889 -4.504342788819367
0.553089985586555 4.501744763543174 -2.188548663240271
0.6093744204784716 4.672878145423648 -3.808192649112615
13.03772220973874 10.01499979696029 -4.627063870613113
1.74190532349103 2.478735015318563 -4.046964326002745
13.31927945452912 11.07890406406217 -1.674044106053627
2.59405327623889 1.377914684062005 -4.016035400400718
5.11640315230532 4.886246376782359 -1.13377236845448
10.99964750753379 15.96005903152994 -4.418347708923569
2.194326393910091 4.5881750016234 -3.247847074409769
2.058900202184964 3.440380524767785 -5.381805935035382
8.533257730759033 7.391576673633469 -1.259329621815419
4.546351660474271 18.53477672531295 -4.943616586260338
0.789393930874482 5.626565507149482 -2.349236530358783
2.907209621098093 3.271070401705779 -4.026133908696475
13.50565383874899 15.28989983043384 -4.798450696056581
1.577658692165248 15.9599406694508 -4.755684108475408
6.71559042746219 6.123280575631193 -1.079561268000476
0.8361424022335913 4.669334736644335 -5.234254081747752
1.56722604198472 1.482170802085495 -4.007456780077904
3.559411754382685 3.231652655969373 -1.584548645292537
10.47778107309541 17.9391891830737 -2.003264360366572
5.979043867440751 0.8751640017113579 -2.280607899335984
3.586881001487116 1.771294106080262 -3.0403095777629
4.554238374719687 0.6766031224835389 -1.911668229105752
4.135717458435824 9.62640240425838 -4.983153374243313
13.30760808070274 1.595445819413703 -1.803320052868053
10.65666633333167 18.22676317012583 -4.471641857318211
10.66337681055426 5.451398570956848 -4.427951838380665
8.452539173149297 10.89981487427484 -1.52487804670337
3.240772996894465 6.619929186582125 -1.018049345551765
10.03943607209153 11.72719516509006 -4.820577153389832
2.398211483244469 4.61990296196172 -5.400329936971365
3.648397073364715 4.352103129867755 -1.754709002630942
4.04142149953354 1.420610375799002 -5.386876392934567
13.30391908957403 4.726467544466531 -1.551498516639678
1.703160545310708 10.12511645496264 -1.980826406700468
3.561209164892698 3.833819747135663 -3.945154120534204
1.502599721284124 0.6048856580964196 -4.115563979531052
10.81796444837231 8.000726047807035 -1.457529080744659
1.609854637086753 3.715185175357425 -4.10753030679873
11.1799840746096 1.548568052955496 -1.70497558612793
6.431353806102835 1.64147082456298 -4.844107279112506
3.966209019771446 3.853075194977778 -5.533034387616998
0.5569231169458231 3.375355738443443 -3.988445175257852
2.93225979379215 4.631671217648807 -4.210164017749436
0.5711160317480014 3.624922803889495 -5.024237631527891
3.44900575269991 2.6601145898855 -2.892443673394528
1.977787233197872 4.51584184541856 -1.5867721125678
12.2620920625664 3.406491556900392 -5.081804786932268
1.428875068047426 0.6382819583471142 -4.938138289340285
3.026012684368793 1.837700400544553 -5.452456630565768
5.748126558457609 14.15947058963129 -1.638702310092209
13.34365522633754 15.90897878200687 -1.723397209940781
4.588273211141316 1.005284168000564 -0.760767638801552
5.685845885569916 8.457870162222312 -1.144389832643321
8.14418804549787 15.50743221526445 -4.608818091694048
2.888942069829299 7.444885256942572 -5.112554040418301
5.115470489202634 0.8822714019948378 -4.915111049984035
3.74959191332709 13.28245930464917 -1.435900746127781
11.94365002463824 13.81762001162137 -4.572264475407661
5.039335718810409 6.438312412390241 -1.004006292326846
2.731144362249106 4.594726447774441 -1.521491597814977
0.5419855423514129 2.756201107562685 -5.952576694239136
0.7139254938872107 19.2970363406201 -2.422864207082818
13.92737471763229 14.01640885725888 -1.082987886081925
1.177989018347643 12.2820670002675 -5.347135318381561
1.127269845290631 17.06161130923804 -1.080805223864449
14.06318861620298 8.347785533843696 -5.537504856857539
1.974087867133014 0.3312608354220857 -6.067819332381246
8.910586606716082 19.01368872176051 -5.551227685499512
3.422689893797815 2.373952204751004 -0.4285405997836337
14.29891871650972 19.2961181568113 -2.258316705937979
2.327830725634768 0.3728365337369797 -3.881154258675381
13.75518100461234 11.64358825103104 -5.259058916627425
0.2671720815895371 0.2981884467433554 -4.485148132910604
9.369645130370099 18.9596789364911 -1.11633883228169
12.4950417170944 19.14218565652394 -5.557387184439583
13.95900253638876 4.368579465557977 -5.506624710221262
3.364339203877071 1.193658153954676 -0.3934018182649786
8.16471375589764 0.9781939987023021 -0.9844870830369735
0.9578410688269758 0.3003699217941984 -3.796368887558943
0.2635882832568372 4.251672927223069 -0.8960214519314952
0.9930587543524777 13.79255827256072 -0.9434842836220977
14.14185411140031 17.47602904086843 -5.58903856130823
14.33636891457282 0.6781562215930801 -2.223028396769587
0.986351777793085 10.20191793834714 -5.288523994375936
0.4952867365108052 3.765422096231352 -5.868517643860067
0.236506765784431 0.7401022994760009 -3.763643169416442
3.245475560214678 0.256489862529504 -0.7693135690149354
0.848815297253967 17.61635655174499 -5.599769436515465
12.03906769243522 19.17810130741836 -0.9082816878700243
2.422802094679111 19.15063718675934 -5.624681608385704
0.9503185355901124 9.107058435922532 -0.9278525274088474
4.274174879426043 0.4649719127484703 -0.4625546410836749
12.24862376544771 0.8198635511446384 -0.8657351002813616
3.273426959007739 0.2473567518974484 -2.080970763786773
6.277020705319682 0.7305140566634836 -5.711483819552492
6.279505760347103 0.8421790079762668 -0.6245704634081048
14.18683398687827 3.032511898657488 -0.8131845100413888
14.24665339818574 0.7709376112600318 -0.7994486521253673
14.07353721310879 17.02773969870437 -0.8812015610745351
3.338880206478432 3.752445360439685 -0.3742574542235798
0.4141491331905774 1.149078721809723 -6.038981052652206
0.3400266837003116 4.267132495115407 -3.271471779208981
0.472445571585669 6.374110072961973 -0.485380562203678
0.6242144639602694 5.540358424139578 -5.776342649893222
1.978126300404029 4.298047062213415 -0.2784551993790946
0.781109781653896 4.252300148948373 -0.2895582632444037
0.3918292417723333 5.330738281843988 -0.4236573542000609
3.275914830357384 0.3522155834522063 -3.159181101943331
7.650226286604302 0.962952404369173 -5.412350566025467
13.82824154512091 6.307589968534784 -5.290811770612413
0.3399959345766305 1.180445282127948 -3.866489715999784
1.297183112724028 4.404712949777769 -0.3776538708910119
13.90134299871676 13.13024393367995 -5.554468769024548
1.651057593854893 0.2710554263881533 -3.763329722647627
0.3334158078745172 2.868360128202375 -3.855225328626111
3.277992286280083 0.2923207367427227 -0.306257858265455
3.287345056278632 1.805798199822625 -0.3052641595442067
2.397854786623306 19.16247116315803 -0.8927816652454891
14.25098869396347 19.18562967515428 -3.99330883235064
0.3466606518624737 4.331730213625077 -1.495960528301203
1.165628625916015 0.388179457230486 -6.032042121524723
0.7573571788467625 15.36445720088796 -0.8347573083957706
10.76229112007809 19.19834652974092 -5.612096448438632
9.844947087568473 0.8094720728758108 -0.859962706650889
3.266186645772385 3.116349309871142 -0.2527717053813701
14.28828484958384 0.8178395221109768 -3.952339249185708
14.08196856938606 19.19025864460577 -0.8188935185567005
0.9170837529336764 11.38167926476329 -0.9330803097539694
2.683733754689146 0.4700863921144833 -5.950497507182535
14.09800300249102 19.04226179175486 -5.598612600734312
0.6180157370630094 6.772613864929498 -5.540852801129061
3.23897950751236 0.7316464946600223 -0.2701088324209654
0.9082616966924215 19.06879790793783 -0.8763395214253643
3.259023849484747 0.3836748922731799 -2.657418433329344
0.317866931204292 4.068502928423221 -3.826485552434539
0.782871687827011 19.24544191135784 -4.213533874584141
2.854297075950753 0.2438721534259422 -3.766740177355529
0.3605836454898281 0.3839407756984436 -5.3351054824957
3.093883359926826 4.266845287517614 -0.3248633836969372
13.82126643304414 2.335692038622263 -5.565449283385203
12.6315571776828 1.203456023372724 -5.483605571042667
0.3024156627213801 4.294111927146134 -0.3288210666522677
4.3854977917764 0.6235141440271633 -5.784373946979835
2.504047124634209 4.461431543142074 -0.3137349055480251
6.930504108804776 19.1379251885427 -5.589137944874375
3.725031870598791 0.2590933949732168 -0.2779131883067409
0.3099703323646331 0.2940648659131473 -3.83032631780622
0.8000290071987515 7.401215100872374 -0.732573888671227
7.179057211272957 0.7056185066008496 -0.5860275436197958
3.357326488276989 0.3069582249597675 -1.318068115567768
0.2757119213203593 4.764589145706482 -0.2827089395426998
14.05722183020123 0.993332138631321 -5.592801064765454
0.4329472096641619 0.4366978928811702 -6.045695688802438
1.027830959397743 8.347855594940377 -5.411883846242201
3.380986559579978 0.3245354737196086 -3.635389425103093
0.9313424099181666 19.08582575984882 -5.645498015315275
0.3092344875742132 4.241554280638744 -2.789749568513822
0.4175288916853992 4.702045293933207 -6.001583892327204
3 2 0 71
1647
1648
1649
1650
1651
1652
1653
1654
1655
1656
1657
1658
1659
1660
1661
1662
1663
1664
1665
1666
1667
1668
1669
1670
1671
1672
1673
1674
1675
1676
1677
1678
1679
1680
1681
1682
1683
1684
1685
1686
1687
1688
1689
1690
1691
1692
1693
1694
1695
1696
1697
1698
1699
1700
1701
1702
1703
1704
1705
1706
1707
1708
1709
1710
1711
1712
1713
1714
1715
1716
1717
2.77249287359934 1.037199680671152 -7.434082176679457
1.059060093758025 2.426608752046572 -7.459362220556589
1.222706416655786 0.9309461226580192 -7.461472999523193
1.052281148203697 3.587938212301652 -7.587646102789099
2.292476269213886 3.322816898319999 -7.515477904759129
2.123499768790439 2.203840474715825 -7.537743160404796
2.03429342513709 4.529696218947803 -7.598593333025471
3.47625611732933 2.43059769734207 -7.573225805467878
3.384634685196137 4.33102413660619 -7.537979126442953
4.326883753739058 1.091053988407867 -7.482702962989141
0.8351437730704498 5.12798156626127 -7.441395216042392
0.5710526347641053 1.53360510179311 -8.021982341550315
0.8423697895309205 17.53823568004976 -7.583695629428958
0.6207776763000673 4.288896535862269 -6.960026333883846
13.86850433236226 12.34941381892924 -7.572431902134961
2.189715338713492 0.5979608473793192 -8.08275348294695
13.87009260110421 4.17772438351555 -7.653479193572494
2.873474574823969 0.3938795211127225 -6.864937845210807
14.150318373103 8.482729407622484 -7.48274229686908
0.88160335138998 13.78376399054172 -7.573762784027923
0.4304908889268359 2.487102913512391 -6.858940174913963
0.4447844955970418 3.427440921509067 -8.293643358586372
12.68611183225983 19.26645011872709 -7.549963712846926
10.09671255846764 0.7838700241747043 -7.597359576388111
7.719738972579831 19.00335295890024 -7.610611107833527
0.6994919632833151 8.353650565165601 -7.531457474277436
1.376276961274249 0.3493815223165234 -6.817683233841267
14.05782801857602 17.66283880956967 -7.550810642138906
2.237666744556862 19.09808949500687 -7.47025124906941
0.9319637294615185 11.81756923548256 -7.577046639389688
7.672533269265211 0.8985322869819043 -7.565263608914175
0.3958730430562403 0.3505477686734131 -7.485482435569658
4.660528523845654 0.572253426415542 -8.197992868942103
0.8527847417755162 6.218034336575873 -7.943967387761854
0.4608479597725253 3.377088299014679 -6.914481987518277
0.5074754652118091 2.527878563788056 -8.228099046275231
1.047520098294196 15.82197894490319 -7.579111080880222
6.39767048230652 0.6976021217313361 -7.180575830645012
6.018100242821868 18.92680854463988 -7.571754403180443
12.35748191599674 0.8694134135360461 -7.532755654297029
14.05315737446896 2.434889010422221 -7.585407788119738
14.04710409283114 10.40486902635269 -7.578770650656934
14.10693107940489 16.0362196564468 -7.597047403688531
14.11719323054451 5.86809838334763 -7.407986326868754
1.245470846484655 0.4106139072273569 -8.201398467792146
14.11533129137679 19.13162039887892 -7.881612204368411
9.329148764745449 18.97934347489379 -7.610674927041027
2.164493514508612 0.4010511654690164 -6.917248830988914
0.4957377427778943 1.540847196736268 -7.096851944773003
0.8058964955390243 9.956967492252781 -7.587263746996198
0.750726245661512 7.223478983307373 -7.74474949599333
3.583136713922669 0.5964930490849507 -7.042517733573382
0.5587563582878012 0.3700615024630118 -6.912344389071437
3.494079392388897 0.5049228408984846 -8.238618882596416
0.495879318794506 4.224772213010422 -8.093525395301933
0.5852204340632308 0.4593980841413341 -8.239505244827564
14.08301407616181 14.38672329180812 -7.596192716324852
10.95282299673248 19.07040335017162 -7.577173132384749
5.596253757377298 0.5584859228292962 -7.770229563245239
0.8674609614026866 19.12599937600637 -7.564384170774219
0.5673715480926116 6.325686036433111 -7.070298737505674
14.10673283850466 0.8994514052665588 -7.577130975077883
14.11804391848194 7.22634266848598 -7.953359325217702
4.634288934344871 18.95771114213707 -7.537090341284532
14.44290016136889 19.09937042735669 -7.0916056225726
0.5521950589220913 7.335887129314028 -6.956030044768147
14.35246811241207 7.117239658601594 -7.019142870764306
6.497305969556151 0.5194198266841478 -8.148987662133019
3.404745927080003 19.21605196808493 -7.794930373102051
0.4425686296300498 0.8969222838189508 -6.979806834513103
13.68770013040578 19.45557050367139 -6.998360620739504
3 3 0 253
1718
1719
1720
1721
1722
1723
1724
1725
1726
1727
1728
1729
1730
1731
1732
1733
1734
1735
1736
1737
1738
1739
1740
1741
1742
1743
1744
1745
1746
1747
1748
1749
1750
1751
1752
1753
1754
1755
1756
1757
1758
1759
1760
1761
1762
1763
1764
1765
1766
1767
1768
1769
1770
1771
1772
1773
1774
1775
1776
1777
1778
1779
1780
1781
1782
1783
1784
1785
1786
1787
1788
1789
1790
1791
1792
1793
1794
1795
1796
1797
1798
1799
1800
1801
1802
1803
1804
1805
1806
1807
1808
1809
1810
1811
1812
1813
1814
1815
1816
1817
1818
1819
1820
1821
1822
1823
1824
1825
1826
1827
1828
1829
1830
1831
1832
1833
1834
1835
1836
1837
1838
1839
1840
1841
1842
1843
1844
1845
1846
1847
1848
1849
1850
1851
1852
1853
1854
1855
1856
1857
1858
1859
1860
1861
1862
1863
1864
1865
1866
1867
1868
1869
1870
1871
1872
1873
1874
1875
1876
1877
1878
1879
1880
1881
1882
1883
1884
1885
1886
1887
1888
1889
1890
1891
1892
1893
1894
1895
1896
1897
1898
1899
1900
1901
1902
1903
1904
1905
1906
1907
1908
1909
1910
1911
1912
1913
1914
1915
1916
1917
1918
1919
1920
1921
1922
1923
1924
1925
1926
1927
1928
1929
1930
1931
1932
1933
1934
1935
1936
1937
1938
1939
1940
1941
1942
1943
1944
1945
1946
1947
1948
1949
1950
1951
1952
1953
1954
1955
1956
1957
1958
1959
1960
1961
1962
1963
1964
1965
1966
1967
1968
1969
1970
5.643136141085167 10.38226218572865 -14.03646650595779
4.406124625874141 4.701297226641254 -13.75684981727826
10.30730039698263 7.978267000555663 -13.27099818522274
10.22786295186754 14.30931380734393 -15.52456779003074
4.878384228235033 15.45649516139446 -13.64809653426493
3.046357015704093 3.487573058969194 -11.51867201793907
8.456434933515999 4.504675853488864 -16.04729324455848
10.95090522218882 11.13213210966764 -16.14849682438908
11.39511294549416 4.428134351944057 -12.18488017412123
4.701819366175037 7.301252185546248 -17.43509545563314
8.07700287546313 11.56866811983484 -10.9451247327809
3.947907235048179 3.439370634646623 -16.08730981676415
3.560291813877168 7.878686740146969 -12.17791728672916
2.924352571677363 12.61440732921337 -16.59528670159902
7.565305200956126 15.87282670271306 -12.38523157632902
3.523626434282906 12.58559977012181 -12.2226748666189
7.809721225334942 7.399975947114409 -16.2886069541558
11.97844636054258 16.59071822515527 -12.40670798439962
11.64942317224134 6.508942887194752 -16.33771686576521
7.404220709717707 16.32250962652037 -15.57895611866497
7.745337513913428 3.493164135549411 -12.03670250211699
7.073983124336488 13.49485552097668 -16.7524039856135
6.539486623476261 8.872052831435647 -12.18362539138066
11.56292192429628 9.447988599561457 -10.57641448333966
11.98462223976726 13.62427801253781 -12.4769702802534
12.28476396712196 3.102766090543726 -17.1872122382472
12.18184525475694 17.55303306438866 -15.58123567555478
4.109010581130396 17.53988648390797 -11.27630747384291
2.745908597143947 16.49478596306975 -17.24920586295691
6.743519291994955 13.58460728294785 -11.89382911246579
1.938277540092416 5.377558155709441 -10.30829146672796
12.88528966302455 15.50028590587567 -17.43608686625882
6.202072928845232 4.254086077631421 -17.45021198319069
5.24880409220366 3.844501236321037 -11.38168117575027
4.078895040505913 2.012374561722129 -13.55761979477151
8.194241623443691 10.32703241463083 -17.20670812762506
1.880223578521876 4.222492746532234 -13.85114145639246
2.043763679187136 9.898364903165199 -15.07700817226541
0.9950858529430394 2.616645940867585 -9.771178606248101
8.812594963381054 6.264146522319351 -11.11157625556569
12.87519622790279 6.65200866653029 -10.98618075343268
5.43738559493354 10.87329042860761 -11.21051115272159
4.729633517249011 10.48966375108106 -17.83292156937058
12.45135828591882 8.546413472307909 -15.55237502297874
2.243658257258281 9.957492875990232 -10.76346496775333
3.698134214884428 1.175067557441514 -9.736771262521666
2.625245980432607 17.42095663915544 -13.5494434173567
5.170094349373794 7.536962270474704 -13.86222538972153
7.873159116916515 5.218160843395188 -14.02288128733583
9.155742856166476 13.98656665521968 -10.85924959527193
7.159990137794948 1.938238815327901 -15.77465918314682
4.79562526006052 14.80323383068384 -17.51429457691368
2.553618632076737 6.623518611720387 -14.50357031654888
10.8627723916608 8.401184511483514 -17.91153585956693
9.950267724597843 15.99051394828172 -17.70326372378765
9.29823296381563 17.8920682390105 -14.84613325155476
12.76789031737206 4.494221921449618 -15.06402972722723
2.183151201402626 14.81889954002341 -12.86936943238897
5.711996078835833 18.11597104695161 -13.76713629924383
8.030162950687529 9.419998231087085 -13.89758325035072
9.047285699380602 8.585463454704136 -10.77130797856107
9.27224318704314 2.711824749693795 -13.72920615773698
2.111287094040779 9.87457679072123 -17.74325066182143
12.63287054028183 2.07694787861187 -10.60412190382195
7.046532217305133 14.0511633129046 -14.38721832504473
9.718511337558713 6.200528140857121 -18.1074993003682
2.369398593773225 6.04116573857058 -17.68145910893018
13.05674392948077 12.90636380787416 -15.17859208473319
5.888798570981804 7.131292504861075 -10.68275532654557
8.054223223107465 2.447834467374681 -18.07208998043103
5.689250741414602 1.900324619213008 -10.2906520831358
9.685925329831399 12.90815818447835 -18.01303914605576
9.435465206884901 17.91736074820117 -10.87440111773487
12.89762993049983 9.97367420910958 -17.87759596133345
8.965616476416036 11.8752226623337 -14.85943246642124
2.089090586608202 12.58579970832546 -14.02363626899175
4.852070583863231 17.92123522395969 -15.96293610841101
4.911428887111785 14.84254390208961 -10.71031212086205
10.16977478584122 1.57234408607473 -10.55641028013295
1.911937000899604 2.157225588105134 -13.04866803865183
13.23381946075856 15.11281206041531 -14.02175028504334
1.905971458597467 14.63663683902557 -15.32449493247843
1.948159990166302 17.58995553624995 -10.90889596783398
1.30937326859758 1.128159512572749 -9.830023824458898
13.25373913971679 18.30559816803632 -17.73547490882704
4.639595487308812 12.89150422941366 -14.84723923746297
12.84822682518974 2.093986349053087 -13.34323841007807
4.310741656942078 3.203697129504728 -9.889676252885801
5.582323299277753 1.962167925699642 -18.21046643442847
10.64785785203131 11.58664846809012 -10.68583495521458
11.71550756482324 6.439934027710673 -13.93787496809265
10.61668640859668 10.0336340241052 -13.37246648421097
2.196894557504494 1.562264134955735 -11.41681188883878
1.828668241618803 7.078774793386851 -10.4038771483663
1.955563647945706 14.21403900607003 -18.06661646553084
9.821376362186461 5.306071646631755 -13.45842469551999
1.834146064962922 1.870175819609896 -18.11028623325827
4.006928071419836 5.542906410155878 -15.88274772225079
13.26018618324451 17.86209214982788 -13.80995488534314
2.186914424551198 14.47862603992147 -10.71201173637257
13.01163016226964 10.96875017260952 -12.81205038556174
2.545606311745515 3.945963111976936 -9.793265525125639
13.16606846909117 15.21947997288065 -10.5489763948724
13.27255053288489 4.719668580403504 -10.29056493473305
12.06793162224194 18.16848099930778 -10.50649220708108
12.90538066994831 7.484198853164851 -17.9212818843965
4.796873122721537 1.416459973425721 -15.41378256703778
1.71376627022382 17.99766684449824 -18.15309832195504
3.688254367326961 5.788857543979382 -12.27960621301237
4.832234642217466 12.59984003442617 -18.04380950720962
9.167088854311961 18.48948234584345 -16.55709489377091
10.27642887413644 1.810437176365126 -15.73275048503438
2.002874154891383 7.858560245552357 -18.26280693567158
7.839232317023231 14.86204152166999 -18.17020009495294
6.338467666455581 5.657572225366489 -12.47719169125175
10.09047208782716 4.013560959702328 -18.16951948478744
3.814808777552768 10.25826921972022 -13.14090116555957
13.03312853641137 4.834605775911916 -18.01708323301797
6.464150675044383 8.97424241778484 -18.47346715482971
6.377899280882819 17.90348914272378 -10.74327507566591
1.667109401952673 1.686011911057228 -15.50023699143889
7.298754611483531 15.18851264066252 -10.27411493768944
1.228255924930431 3.997709240672866 -11.56325428147354
11.08737429387585 5.535996705581413 -10.09386405349469
13.00588334783812 12.39343843998978 -17.89355171030004
6.266138410240019 8.983821967200997 -15.77620394190849
6.573467136484689 1.722302518986714 -12.90911463496016
1.516440304183306 18.3034727446764 -15.46778477086606
13.36612882718826 1.969768345595665 -18.17883497571052
6.956660815415862 11.81549749500238 -13.36191768103791
13.27324547872625 12.00118856535895 -10.50303091505431
13.36575276345995 5.089717834004058 -12.98768091458418
4.436268779848625 8.809916450164907 -10.30364002640594
4.425390657626155 4.365576444827657 -18.24608614245264
9.724302051217183 7.052522990197856 -15.46965032703999
4.502608427708473 18.45507199808375 -18.46632557271934
5.867537256802697 16.809243109752 -18.39981082022343
1.72165447471928 8.305999720605035 -13.27191828259888
1.670470875945424 7.966563281903762 -16.09319593986932
1.557039848222415 6.052609053105848 -12.29809868276063
10.89179912327616 12.07227656605116 -13.70848032558321
1.705392345647872 12.07638987028674 -18.27229203816015
7.23799605138076 18.55960681859557 -15.34315730394365
4.321642267550573 1.514835444464284 -11.6950973666442
7.449940716922942 17.98405902597528 -17.92821977743741
9.86932425517254 15.91650818010208 -13.34588789286881
7.500472117105052 6.003248398572144 -18.04841184598292
10.49833668273459 18.40179922729417 -18.15084738997648
10.14457980902812 10.44800075378962 -18.32584246729151
10.85873587816877 1.626495009774554 -18.20942596282925
1.559146079186033 4.958863511808546 -15.95980892691439
8.950653965468707 8.476619507812554 -18.10747778935273
11.13150256311043 18.46117132123844 -13.17087048159266
13.10015360509517 8.092079882451195 -13.05345917925132
6.174164208198913 5.753735890750193 -15.26756141736897
3.893931242990848 9.018384803306766 -18.80134332632237
8.995863782622965 13.55083764603645 -12.87694930989185
0.98330752389258 4.349512353082589 -9.686960847536694
4.684917807366968 12.64468906284489 -10.23203690555265
6.921076064217969 4.916034328029444 -10.23848288376727
10.33731811378141 15.92846961183873 -10.48162294419215
13.09267459574228 10.63540189473991 -15.17371419384797
7.548128579641756 11.79588261504169 -18.49494082117789
7.677759183656889 1.914872699575586 -10.40692695995029
13.4446488180013 8.807078069369412 -10.33362353431498
13.33410779467009 1.81591210503677 -15.73615648790205
1.409287536061624 11.57481955211576 -15.85218950068418
6.291586245366132 3.586832123921657 -14.23566583865275
11.07148745659297 7.296292402927419 -11.12550522240657
1.385525281063425 10.59110424802936 -13.14964772560757
7.002267178443272 9.434798016128781 -10.19443018163775
3.708733930831722 8.811072610140695 -15.21694845453061
9.610630669443259 3.892437873266216 -10.44663860618211
13.41174522463411 6.477767948487005 -15.5553688131099
8.22544077513381 18.21930576695897 -12.92016810125961
2.420143393128613 2.003389021976036 -9.772555460550901
11.21037913021091 13.59810342515849 -10.18701523944799
10.73241666359713 1.301071145423576 -12.6580795096118
9.380050390367 9.370112940990179 -15.73757239012071
6.795333920454293 11.37499521458461 -15.81644040531211
10.64701170718949 4.81020008402858 -16.01728494951814
1.862257737948471 12.24025632918409 -10.93570716522419
7.849244001224662 7.244656533010638 -13.64379805223747
5.278509037439171 12.71447817487309 -12.72831197080848
1.683079873395374 3.961957933110186 -18.16059742568081
3.660744720602145 1.577485493611903 -17.69145811182935
13.65112283873635 18.32964733522603 -11.71093068402964
4.062432293266326 11.01980608894509 -15.62200187618553
4.103796513475679 5.574134199580769 -10.28094782644992
13.82498518553497 6.198129528882304 -18.86613207894042
7.28966175986355 1.04937309836591 -18.90478744075668
0.799553417763013 19.15788524356793 -17.59268346258645
13.91022514542946 14.44424997667116 -18.81080865935741
9.271364208877511 1.168034314578695 -18.9832895770862
0.8398853593236975 17.16610147652676 -9.505094187816139
0.7823503549381154 19.15777566292557 -11.47393062866538
1.109062634228264 15.79829624714781 -18.75815471565688
4.148630828448172 0.8519791358230344 -19.06070955509582
7.814640427003912 18.99489568248608 -9.951729792863363
14.04286118363843 8.981060149809355 -19.01355618093569
14.16905213055558 19.08426820205381 -13.84112133808849
1.104399140514428 8.669637755884171 -9.690306217091864
0.9223795205620002 0.8926601546558444 -11.19778060892904
14.04356922912739 2.368837568534618 -9.678897091769763
12.08662635049376 19.24930077395994 -9.468108994480183
0.9322175691444481 13.37180525715501 -9.733619532026328
13.90558859674484 0.8818811084023199 -13.26941912185304
1.358257947050889 0.4432058714284036 -9.170825420385579
12.55101198053537 19.12433980878524 -19.11705456704869
1.082299625755132 6.075144691022039 -18.9680911033861
4.017969321914604 18.83682243536597 -9.74932217171164
0.7944751308426085 8.452951623232266 -18.98913354085773
6.81691281306587 19.26426030005367 -19.01700818925729
6.906161809665656 0.8119326821683824 -9.460415769537153
14.11137154360376 0.8482516862753188 -19.08100749209775
0.7667411276211749 7.184624789069301 -9.54089155825783
2.402111120623657 19.15766768546535 -19.13683773525953
0.8732101694375229 2.484234653240588 -19.10517114536598
12.62661146891251 0.8445166455178408 -19.11987803812054
14.2011136857266 0.8296390535769712 -17.60964597085786
0.557539199245308 0.6438702467188043 -10.06766005664817
13.86499294542055 17.4867523162868 -9.856174211658116
14.01289613560972 1.320643387946968 -11.3960777601819
14.10448199275656 17.08508048259347 -19.06874667422042
2.44036365282463 0.823253080050404 -19.10066061443005
0.7807003512478099 0.823701312974384 -17.6803258707478
6.029012031138209 19.18959784037313 -9.660501186713912
0.9945339388957486 15.19497657047794 -9.583997621317932
13.94558875970654 18.87552971865625 -15.42015453412221
1.062107806103368 18.90925584859998 -13.32794206474617
8.630368725899769 1.090620120066627 -9.604898783254107
14.00249535945467 11.46411954238641 -19.18611491148081
0.9299820802438539 0.9363223902733704 -12.90518288911348
9.903450038342088 19.12110232726563 -9.639172623909371
14.08199930782828 6.908577924337514 -9.690442893898416
5.349336007076142 0.7398595253772465 -9.394146066444048
0.8776017302082117 10.98650675988477 -9.633759085766787
0.5348481021909423 0.5558795868150529 -9.248126569942981
0.8529023402523381 10.33560156220509 -18.99531048569801
0.9074182023100328 13.68541870765273 -19.09396876432615
0.5292291405067899 1.29731077525631 -9.254638355518566
0.928339806181227 0.9281734759156228 -19.11226490453187
14.07690054437616 19.03848341650942 -19.09830976217835
2.376832092728388 19.16376766703908 -9.530698686750759
14.04669941628117 1.237605655679775 -14.52855284415214
0.9190357984670295 18.98218186933194 -9.647422229967791
13.90628682095458 18.93923050036246 -9.761469828273572
2.187802096901291 0.706763179564987 -9.190655577143978
8.145012307727667 19.02034362281118 -19.22751895008722
0.771880027039646 5.857331587124304 -9.398245319459548
14.08128315923846 12.95176856895686 -19.31243990968753
0.9142265597787564 19.1407074583499 -19.09026633007588
14.11410396509967 1.046799478284867 -9.672587394009451
3 5 0 36
1971
1972
1973
1974
1975
1976
1977
1978
1979
1980
1981
1982
1983
1984
1985
1986
1987
1988
1989
1990
1991
1992
1993
1994
1995
1996
1997
1998
1999
2000
2001
2002
2003
2004
2005
2006
2.512267986962572 1.106602965936486 -2.994714622825616
0.5811307564108477 1.216474137063114 -3.002932927028372
1.759277353551667 1.313481961009906 -3.031434451850894
1.190255654661993 1.705116202081888 -2.980335866996062
1.239450412101146 0.3186407132941619 -3.005800768870922
1.437095546647588 3.763882626530492 -3.157509252935023
2.589123212500527 3.154712551242795 -2.951854312579985
0.3157330453103636 3.162997464057535 -2.966253577022139
2.142271720032867 3.732913434582371 -2.931096682438352
0.2699771678948828 0.6641714868520985 -2.841418794657637
2.81104534457122 0.682654069118856 -3.238328309791532
2.65620067426904 0.4275893472635237 -2.845939075382877
0.2984082876007947 1.838402070417232 -2.993997515181119
2.704552607427005 2.492562670214583 -2.936458520842107
0.6271181141317711 0.4341791547818397 -3.045963186392486
2.708745992714992 1.839048897038943 -3.002255021822316
1.031755376368414 3.778302986166174 -2.75661899201764
1.910692034462225 0.2663506758859409 -2.991635676227842
0.3394453345212275 2.371623518458642 -2.991121904768326
2.741437205345957 3.618225859603496 -3.055462905189319
2.344693892282995 0.2091088442083257 -3.026248183629214
0.2652106284360567 0.7079529182302107 -3.21171969789168
0.2829959317157017 0.3044688909597046 -3.188764064764193
1.593578191583229 3.807463609013768 -2.739442691119662
0.6896124844204112 3.758616229372156 -3.144366783159128
2.795056099938038 3.706035602414224 -3.326207043033279
2.839558621768573 3.705124815749438 -2.746024054971128
2.753735747963435 0.2522091848467382 -3.206817882214384
0.7599501091983843 0.2405756768086265 -2.748593146994273
0.3064225934930312 3.676649570403673 -3.138575165035909
2.462250966046093 3.733784315330194 -3.172848355178111
0.4451625739112174 3.821043503261443 -2.763402099964333
2.82566542637562 3.825234510070207 -3.089988183944279
0.2965758093526702 0.2699032010418044 -2.791393377803952
0.1839709836076746 3.681176340060899 -2.74605036489893
2.557936670168439 3.8302296591683 -2.720120844622353
$EndNodes
$Elements
4 8412 1 8412
3 1 4 3643
1 448 1432 13 1500 
2 1350 1458 1408 1413 
3 757 1422 1403 1491 
4 495 1422 1551 1491 
5 1350 1458 1413 1365 
6 1354 1349 1352 1420 
7 736 1504 1360 1518 
8 812 809 808 1421 
9 437 446 421 1490 
10 1354 1352 1349 1357 
11 609 533 613 1428 
12 1350 1383 1365 1543 
13 348 316 329 1439 
14 1542 1447 1376 1405 
15 1380 1374 1392 1390 
16 491 497 496 1503 
17 741 1430 1356 1496 
18 317 1553 1423 1457 
19 1422 1491 1445 1403 
20 1390 1523 1475 13 
21 495 547 1422 1491 
22 1391 1410 303 1430 
23 1518 1529 1397 1363 
24 674 1370 672 1404 
25 1354 1351 1389 1480 
26 448 98 13 1432 
27 609 613 1368 1428 
28 348 1383 316 1439 
29 672 1404 1370 1452 
30 667 1395 1435 1452 
31 619 1556 1388 1405 
32 1368 1405 1428 1447 
33 1350 1365 1413 1431 
34 105 458 14 1392 
35 796 159 160 1421 
36 1362 1435 1395 1452 
37 1379 1446 585 1521 
38 1642 348 1439 1383 
39 1380 1374 1390 1350 
40 112 111 1396 1425 
41 1435 1450 1452 1362 
42 1422 1445 1491 547 
43 428 1483 430 1505 
44 1352 1407 1395 1413 
45 1553 613 1423 1457 
46 96 456 97 1495 
47 585 1446 556 1521 
48 1390 1397 1380 1431 
49 432 431 1490 1505 
50 619 1388 631 1405 
51 1410 1490 431 1505 
52 1350 1458 1365 1383 
53 1515 1443 1370 1473 
54 317 1553 1457 320 
55 159 1421 796 1442 
56 1350 1365 1431 1543 
57 336 1410 1391 1530 
58 1481 1482 511 1369 
59 1437 1363 1382 1529 
60 1434 100 1387 1509 
61 283 1398 1358 1488 
62 548 1377 1422 1445 
63 1435 1452 1450 670 
64 670 1450 1435 669 
65 1369 511 1385 1482 
66 431 1483 1410 1505 
67 389 1399 1402 1415 
68 1383 1408 316 1477 
69 1409 455 456 1495 
70 112 1396 1627 1425 
71 1378 437 1490 1393 
72 1364 789 792 1485 
73 1383 316 1439 1477 
74 1428 1470 557 1376 
75 512 1465 1377 1471 
76 157 1618 1570 785 
77 1404 1450 1362 1452 
78 1490 1366 1410 1356 
79 13 458 105 1495 
80 1378 1490 437 421 
81 1559 385 1416 1625 
82 303 1391 336 1410 
83 1352 1413 1395 1431 
84 781 1446 1438 1521 
85 1573 1360 1532 1430 
86 1454 749 1369 1402 
87 556 1446 126 1521 
88 1592 309 58 1646 
89 1481 1482 1369 1444 
90 1634 608 69 521 
91 512 1465 1471 592 
92 520 1553 1457 613 
93 111 1506 1519 1425 
94 799 816 812 1506 
95 1518 1529 733 1397 
96 812 809 1384 1464 
97 1405 1447 1368 1498 
98 1387 1485 1472 1509 
99 548 561 1377 1445 
100 1370 1404 1445 1515 
101 1474 381 1359 1479 
102 102 437 421 1378 
103 1398 283 278 1488 
104 789 159 158 1442 
105 609 1428 1368 1470 
106 1454 749 1402 735 
107 792 160 159 1509 
108 803 809 813 1464 
109 270 323 1645 1424 
110 512 1465 592 553 
111 783 1381 775 1463 
112 1410 1427 303 1430 
113 1350 1390 1380 1431 
114 1370 1445 1404 1517 
115 785 1618 1570 1462 
116 163 790 1475 1533 
117 1369 1402 749 1469 
118 1590 1488 270 1424 
119 511 574 584 1482 
120 1362 1455 1525 1497 
121 734 1431 671 1511 
122 767 1446 781 1521 
123 1546 776 765 1501 
124 1370 1441 672 1452 
125 1481 1482 1444 574 
126 704 1367 1447 1467 
127 159 160 1421 1509 
128 1490 1366 1356 1393 
129 671 1395 1365 1431 
130 1374 1352 1350 1413 
131 1384 802 1442 1426 
132 317 1423 1368 1457 
133 1391 1430 303 1532 
134 717 1435 1369 1514 
135 453 420 442 1492 
136 1390 1531 1380 1397 
137 679 1367 1486 1447 
138 1374 1350 1352 1390 
139 1592 746 695 1398 
140 1450 1404 670 1452 
141 741 1356 710 1496 
142 1369 1455 511 1481 
143 1438 1446 1379 1521 
144 1376 1428 1405 1447 
145 329 1439 316 1477 
146 1592 309 1646 1504 
147 666 1395 1411 1435 
148 1390 1531 1397 1523 
149 1360 720 712 1430 
150 592 1465 1471 1376 
151 1363 1437 1378 1449 
152 609 1368 613 1457 
153 428 1419 1483 1505 
154 1515 1443 1473 504 
155 1472 354 1485 1387 
156 389 1402 388 1415 
157 1559 442 447 1416 
158 1355 1396 564 1433 
159 1368 1428 1405 1470 
160 523 1455 506 1497 
161 490 1385 584 1420 
162 1357 1389 1354 1418 
163 1398 278 283 287 
164 1349 1354 1351 1436 
165 1572 698 1552 1453 
166 512 1465 553 1377 
167 317 1553 320 281 
168 1572 698 61 1552 
169 548 1422 547 1445 
170 1370 1377 1471 1515 
171 1546 776 1501 1422 
172 1596 789 1622 1485 
173 1553 613 578 562 
174 1370 1445 1377 1515 
175 504 1471 1515 1443 
176 513 1425 1372 1478 
177 1370 1377 1445 1517 
178 667 669 670 1435 
179 584 1420 1385 1482 
180 1546 776 1422 1403 
181 812 1384 809 1421 
182 667 1435 670 1452 
183 1391 434 1530 1410 
184 1349 1352 1420 1385 
185 1472 1485 1364 1509 
186 1362 1525 1455 1379 
187 497 506 496 1497 
188 799 812 808 1421 
189 1603 434 1530 425 
190 354 1387 360 357 
191 1368 1457 609 1470 
192 804 820 110 1506 
193 389 1402 1399 1444 
194 1373 1404 730 1450 
195 504 1471 508 1515 
196 1537 1393 1356 1429 
197 1385 1407 1352 1503 
198 741 1427 1356 1430 
199 1357 1417 1389 1418 
200 1580 521 1426 1634 
201 1633 619 1405 1556 
202 1352 1354 1420 1493 
203 591 585 556 1521 
204 1366 1410 321 1483 
205 789 1622 1485 1442 
206 513 1354 1372 1425 
207 1370 1365 1414 1473 
208 336 1391 303 1532 
209 1349 1352 1385 1411 
210 105 13 1390 1475 
211 1542 1447 1405 716 
212 1349 1351 1354 1480 
213 710 1356 1429 1449 
214 496 1455 1385 1497 
215 1481 1482 574 511 
216 1537 1393 1429 1359 
217 1514 1362 1435 1455 
218 568 1451 1433 1468 
219 730 1373 1489 1517 
220 799 1389 812 1421 
221 357 360 365 1387 
222 632 1457 1456 1368 
223 613 1368 1423 1457 
224 458 109 1392 1495 
225 682 1367 1453 1441 
226 1573 1360 1430 720 
227 461 473 478 1534 
228 1419 1505 428 1524 
229 1364 789 1485 1442 
230 711 1363 1449 1529 
231 703 716 1405 1447 
232 157 1618 785 17 
233 672 674 675 1370 
234 717 1369 1435 1454 
235 1642 348 1383 298 
236 512 1377 561 1471 
237 1356 1393 1366 1429 
238 587 523 506 1497 
239 672 1370 675 1441 
240 613 1423 1368 1428 
241 1398 1400 1358 1488 
242 1390 1531 1523 13 
243 548 561 553 1377 
244 1354 1389 1357 1480 
245 345 317 1368 1457 
246 632 1456 1457 644 
247 1355 1374 1350 1516 
248 1358 274 1488 1424 
249 791 788 102 1533 
250 1377 1471 1465 1376 
251 548 1377 553 1465 
252 671 1431 1365 1511 
253 1354 1493 1390 1519 
254 1365 1370 1441 1473 
255 345 1456 1368 1502 
256 1397 1518 1363 1531 
257 1449 1437 715 1529 
258 101 1378 1492 437 
259 704 1367 1467 744 
260 574 511 517 1481 
261 734 1431 1511 1543 
262 279 1488 1440 1504 
263 776 1403 757 1422 
264 558 1428 557 1376 
265 591 556 126 1521 
266 1365 1441 1370 1452 
267 316 1408 1383 1522 
268 666 1395 1435 667 
269 553 561 512 1377 
270 485 1354 513 1425 
271 469 476 109 1409 
272 1626 407 1641 1466 
273 1645 1424 323 1487 
274 62 61 698 1552 
275 1407 498 1414 1541 
276 1360 712 720 736 
277 548 1422 1377 1465 
278 704 1367 744 679 
279 1358 274 1424 284 
280 723 1388 724 1405 
281 782 774 1371 1462 
282 733 1397 1361 1518 
283 1349 1352 1411 1357 
284 1450 670 1404 719 
285 291 314 1550 1457 
286 619 631 629 1405 
287 710 1356 1449 1496 
288 812 1372 1384 1421 
289 1380 1397 1361 1431 
290 1550 624 636 1457 
291 359 1387 406 1416 
292 498 500 499 1414 
293 1385 1497 1407 1503 
294 521 70 69 1634 
295 498 1414 499 1497 
296 1424 1590 95 457 
297 1514 1362 1455 1379 
298 527 1379 1521 1481 
299 790 163 162 1533 
300 402 1442 1426 1510 
301 1370 1414 1365 1452 
302 730 1404 1373 1517 
303 1395 1407 1365 1413 
304 666 1435 1411 1454 
305 1542 1447 716 1486 
306 1439 1642 1383 1543 
307 668 663 1397 1529 
308 812 1384 1372 1464 
309 775 1381 1438 1463 
310 345 1368 317 1502 
311 1426 1442 1384 1510 
312 105 13 1380 1390 
313 1642 348 298 277 
314 631 1405 1388 1484 
315 1626 407 27 1641 
316 490 496 584 1385 
317 589 1354 485 1493 
318 1390 1418 1354 1519 
319 549 1448 1373 1525 
320 789 1622 1442 158 
321 402 1638 1426 1442 
322 1438 1446 781 1461 
323 437 1393 1378 1492 
324 1556 619 1388 1513 
325 757 776 779 1403 
326 1366 1410 1356 1427 
327 711 1496 1363 1518 
328 1405 1428 1376 1470 
329 1597 1402 375 1469 
330 1391 434 1410 1490 
331 1434 100 1509 101 
332 1410 1483 1366 1505 
333 558 1428 1376 1538 
334 549 1445 1373 1448 
335 100 1485 1387 1509 
336 663 1460 1397 1529 
337 508 1471 561 1515 
338 1414 617 499 1497 
339 631 619 634 1388 
340 1580 521 1634 70 
341 757 1403 779 1491 
342 1546 776 1403 765 
343 1633 724 142 1556 
344 529 1443 1401 1545 
345 1440 1488 1400 1504 
346 1437 1449 1363 1529 
347 1559 442 1416 1394 
348 1368 1456 345 1457 
349 515 1401 529 1443 
350 673 674 672 1404 
351 675 1370 674 1486 
352 1498 649 141 1633 
353 465 472 1386 1468 
354 485 589 513 1354 
355 1395 1413 1365 1431 
356 1384 802 1426 803 
357 1492 442 1394 1416 
358 1559 405 1394 1416 
359 1377 1370 1486 1517 
360 403 1472 404 1544 
361 1503 498 1497 1407 
362 1352 1395 1385 1411 
363 1391 434 1490 435 
364 523 1455 1497 1525 
365 504 1414 1473 1515 
366 632 1457 1368 1470 
367 431 432 429 1505 
368 1492 1394 442 453 
369 1438 1463 1381 1535 
370 1353 1437 662 1520 
371 1490 1366 1393 1505 
372 1438 1461 753 1514 
373 1558 635 623 1476 
374 407 1 27 1641 
375 1385 1395 1352 1407 
376 1598 753 1438 1461 
377 1510 416 402 1442 
378 1424 95 1488 96 
379 381 1617 379 1479 
380 1407 1414 498 1497 
381 749 694 717 1369 
382 103 1500 104 1417 
383 317 1553 281 1423 
384 1472 354 1387 360 
385 682 1367 1441 679 
386 729 1373 730 1450 
387 1437 1382 1363 1378 
388 753 1461 1450 1514 
389 508 512 561 1471 
390 1350 1383 1439 1477 
391 704 1367 679 1447 
392 589 1354 1420 1436 
393 510 538 560 1399 
394 432 1490 1393 1505 
395 428 430 429 1505 
396 1603 336 1530 1410 
397 527 1379 1481 514 
398 1375 1389 1351 1480 
399 730 743 687 1489 
400 705 1452 1441 1511 
401 814 1620 133 819 
402 1389 1417 1357 1480 
403 1395 1407 1362 1452 
404 1371 1494 1462 1501 
405 817 809 803 1384 
406 749 694 1369 1469 
407 451 435 1391 1490 
408 820 1418 110 1506 
409 1391 434 435 1530 
410 683 1450 1435 1514 
411 558 532 1428 1538 
412 1349 1460 1454 1528 
413 510 1399 1420 1482 
414 736 720 1360 1504 
415 13 1500 1432 1523 
416 675 1441 1370 1486 
417 548 495 547 1422 
418 321 1410 1366 1427 
419 1378 1382 1363 1500 
420 1559 405 1416 385 
421 97 1400 96 1495 
422 1414 617 1448 1515 
423 1613 480 1478 1588 
424 1462 1494 1371 1513 
425 1354 1390 1357 1418 
426 1407 1414 1362 1452 
427 434 1490 435 433 
428 1377 1376 1465 1542 
429 613 1428 612 1423 
430 681 1377 677 1546 
431 1623 35 312 1530 
432 523 585 514 1379 
433 1350 1408 1383 1477 
434 1598 753 1461 650 
435 142 141 649 1633 
436 1633 724 649 142 
437 1476 626 1462 1371 
438 415 393 1442 1485 
439 14 458 109 1392 
440 1356 1410 1391 1430 
441 520 609 1457 1470 
442 451 423 436 1526 
443 1377 1494 681 1542 
444 406 1359 1387 1474 
445 1492 453 444 1505 
446 1358 1380 1355 1409 
447 458 455 109 1495 
448 162 163 810 1389 
449 481 1396 484 1425 
450 661 1454 1460 1528 
451 1352 1357 1354 1390 
452 523 1379 514 1455 
453 703 1447 1405 1498 
454 789 1622 158 793 
455 336 1530 1391 1532 
456 390 368 1571 1512 
457 695 1361 1439 1398 
458 1375 1417 1389 1480 
459 1383 697 1453 1511 
460 744 1453 1367 1467 
461 1584 595 1399 1406 
462 360 365 1387 1472 
463 1385 1411 1395 1435 
464 1350 1458 1383 1408 
465 774 782 1371 1539 
466 1385 1455 1362 1497 
467 1368 1456 632 1498 
468 377 1381 408 1463 
469 99 1643 1387 1485 
470 717 678 1435 1514 
471 1368 1470 1405 1498 
472 710 1356 713 1429 
473 705 672 1441 1452 
474 99 100 1387 1416 
475 799 812 1389 1506 
476 749 1402 696 1469 
477 498 500 1414 1541 
478 13 1523 1432 1531 
479 741 713 1356 1427 
480 723 1388 1405 1542 
481 669 719 670 1450 
482 1377 1471 1376 1486 
483 747 1360 1496 1518 
484 378 1402 1444 1469 
485 1351 1472 1375 1480 
486 1433 1451 1386 1468 
487 99 1387 100 1485 
488 510 538 1399 1482 
489 666 1411 664 1454 
490 453 1492 1394 1505 
491 724 723 693 1388 
492 1628 787 1640 149 
493 535 1355 564 1433 
494 159 1364 1421 1442 
495 1403 1422 1377 1445 
496 1472 1434 1387 1509 
497 453 442 426 1394 
498 1537 1393 1359 1378 
499 660 1353 1520 1544 
500 1472 354 360 361 
501 109 1409 1392 1495 
502 389 378 1402 1444 
503 1434 100 101 1492 
504 1476 1462 626 643 
505 649 1405 1633 1498 
506 1372 1478 1425 1506 
507 1624 314 1456 1457 
508 1411 1435 1385 1454 
509 1474 381 369 406 
510 1376 1377 1486 1542 
511 648 1601 1501 1546 
512 1385 1435 1362 1455 
513 587 523 1497 1525 
514 1633 724 1556 1405 
515 506 1455 496 1497 
516 1640 8 149 787 
517 1450 1461 1379 1514 
518 671 1365 1395 1452 
519 1372 1351 1354 1436 
520 1359 381 406 1416 
521 1392 1534 476 1548 
522 1372 1354 1351 1389 
523 1549 303 1427 1430 
524 1617 752 1479 1474 
525 1643 99 1387 1416 
526 1355 1374 1516 1396 
527 817 811 796 1442 
528 1356 1366 1427 1429 
529 719 730 1404 1450 
530 768 1461 1446 1489 
531 634 1388 619 1513 
532 1354 1372 1425 1506 
533 1382 1397 1357 1460 
534 1540 402 1426 1510 
535 768 1446 780 1489 
536 1632 116 492 1593 
537 1356 1427 1410 1430 
538 1407 1413 1352 1547 
539 716 723 1405 1542 
540 648 1403 1601 1546 
541 474 462 471 1433 
542 681 1494 1377 1546 
543 1372 1384 1406 1540 
544 812 1389 1372 1421 
545 515 1401 1443 1473 
546 1370 1473 1414 1515 
547 1364 789 1442 159 
548 451 1391 1412 1490 
549 513 1372 1354 1436 
550 96 1424 456 1495 
551 557 533 609 1428 
552 780 1489 1446 1491 
553 421 103 102 1378 
554 13 104 448 1500 
555 1362 1450 1448 1525 
556 1628 787 1463 1640 
557 549 1373 1446 1525 
558 303 1410 321 1427 
559 402 1580 1540 1426 
560 451 1412 1391 1526 
561 714 1429 1427 1466 
562 1350 1352 1390 1431 
563 1379 1446 1438 1461 
564 492 1632 1593 1433 
565 1364 1375 1472 1509 
566 703 738 716 1447 
567 408 1512 1381 1527 
568 1396 1425 111 1519 
569 1384 802 803 817 
570 317 1368 1423 1502 
571 549 1446 1373 1491 
572 803 1384 809 1464 
573 1393 1394 1366 1429 
574 589 1420 1354 1493 
575 795 104 13 1475 
576 1490 1366 1505 1410 
577 1466 1479 1429 1536 
578 359 406 417 1416 
579 739 1395 671 1431 
580 632 621 1457 1470 
581 544 1372 1406 1540 
582 513 1354 589 1436 
583 1572 308 1383 1453 
584 1540 402 1510 372 
585 279 1488 1504 278 
586 330 1408 316 1522 
587 1373 1445 549 1491 
588 730 1489 687 1517 
589 1362 1395 1385 1407 
590 648 1560 1601 1403 
591 712 1360 1430 1496 
592 1624 642 1644 50 
593 792 159 1364 1509 
594 1373 1461 729 1489 
595 470 1600 1468 1594 
596 485 1354 1425 1493 
597 421 1412 1378 1490 
598 1372 544 1436 590 
599 520 1457 1606 1470 
600 1598 753 650 722 
601 1349 1411 1385 1454 
602 294 329 316 1477 
603 513 601 1425 1478 
604 693 1388 723 1542 
605 321 300 301 1466 
606 1514 1362 1379 1450 
607 476 1409 469 1534 
608 1426 1510 1384 1540 
609 659 1494 1501 1462 
610 1362 1407 1385 1497 
611 783 775 771 1463 
612 1441 1452 1365 1511 
613 1632 492 116 563 
614 677 1377 1517 1546 
615 1356 1427 713 1429 
616 1379 1461 1438 1514 
617 1354 1349 1420 1436 
618 381 1617 1479 1474 
619 694 717 1369 1514 
620 741 713 710 1356 
621 747 1360 712 1496 
622 1349 1402 1399 1415 
623 1385 1352 1420 1503 
624 98 458 13 1495 
625 1518 1529 1363 711 
626 579 1512 1381 1521 
627 771 1438 1564 1535 
628 405 381 1394 1416 
629 725 1494 1462 1513 
630 1362 1379 1450 1525 
631 1503 1497 498 497 
632 1385 1420 490 1503 
633 1404 672 670 1452 
634 760 1381 1512 1521 
635 1400 1424 96 1495 
636 558 532 557 1428 
637 515 1401 1473 530 
638 767 781 766 1521 
639 1518 1529 711 733 
640 1371 1462 774 1501 
641 1365 1383 1511 1543 
642 389 378 388 1402 
643 1372 805 807 1478 
644 363 1609 1466 1479 
645 363 1479 1466 1536 
646 1549 303 1430 302 
647 1409 456 1424 1495 
648 1597 388 1402 1528 
649 1349 1454 1402 1528 
650 548 547 561 1445 
651 1624 642 1456 1644 
652 747 736 1360 1518 
653 472 1600 1433 1468 
654 1349 1351 1399 1436 
655 714 1429 1466 1479 
656 1424 1590 457 1645 
657 722 1598 1438 1564 
658 278 1504 279 326 
659 760 1381 1521 775 
660 1352 1357 1390 1397 
661 1365 1407 1395 1452 
662 1366 1483 1419 1505 
663 771 1463 1438 1535 
664 1514 1362 1450 1435 
665 1358 274 284 283 
666 339 1358 1398 1439 
667 451 436 1412 1526 
668 817 796 1384 1442 
669 13 105 1380 1495 
670 753 1450 683 1514 
671 1382 1460 1357 1480 
672 729 1373 1450 1461 
673 1626 288 1419 1466 
674 514 1455 1379 1481 
675 1448 1497 1362 1525 
676 343 1419 300 1483 
677 1607 623 1462 1476 
678 775 1438 771 1463 
679 1349 1354 1357 1480 
680 1365 1511 1431 1543 
681 589 510 560 1436 
682 1352 1397 1390 1431 
683 1378 1356 1449 1537 
684 1370 1471 1377 1486 
685 733 754 1361 1397 
686 1365 1414 1407 1452 
687 504 515 1443 1473 
688 783 763 773 1463 
689 683 669 1435 1450 
690 1632 564 563 1396 
691 1472 1434 1509 1375 
692 682 1367 679 744 
693 529 1401 545 1545 
694 631 1388 634 1484 
695 504 1471 1443 509 
696 1374 1413 1350 1516 
697 451 1391 423 1526 
698 665 1431 1411 1395 
699 417 406 381 1416 
700 803 1426 1384 1464 
701 1363 1500 1382 1523 
702 1359 1394 1393 1429 
703 378 1444 414 1469 
704 613 612 1428 533 
705 159 1421 1364 1509 
706 1472 1434 1375 1353 
707 1572 698 1453 647 
708 504 515 509 1443 
709 1402 1454 735 1528 
710 1359 381 1416 1394 
711 782 1462 1371 1476 
712 96 1424 1400 1488 
713 105 14 1390 1392 
714 1492 444 453 420 
715 406 1359 1416 1387 
716 457 106 454 1424 
717 663 1411 1397 1460 
718 1358 274 283 1488 
719 564 1355 539 1396 
720 579 1381 1512 1527 
721 515 1401 530 529 
722 1378 1437 1434 1537 
723 679 1367 1441 1486 
724 1349 1402 1415 1528 
725 788 1509 102 1533 
726 1632 564 492 563 
727 734 691 671 1431 
728 1549 303 302 282 
729 1549 303 282 1427 
730 330 294 316 1477 
731 655 1388 693 1513 
732 661 1454 1528 735 
733 1350 1380 1361 1431 
734 530 599 1458 1473 
735 557 1428 609 1470 
736 1644 7 50 642 
737 13 1432 1495 1531 
738 163 1389 162 1533 
739 783 1463 773 1512 
740 1593 474 471 1433 
741 1405 1484 1470 1376 
742 321 301 1427 1466 
743 1361 1397 1380 1531 
744 1598 781 1461 1438 
745 1558 784 1615 1476 
746 1380 1400 1531 1495 
747 678 683 1435 1514 
748 754 1361 1397 1431 
749 626 1371 1476 1507 
750 1378 1434 1359 1537 
751 377 1381 1463 1469 
752 389 1566 1444 1399 
753 288 300 1419 1466 
754 1399 1406 595 1436 
755 1558 784 148 1615 
756 285 284 283 1358 
757 776 765 779 1403 
758 781 1446 768 1461 
759 406 359 396 1387 
760 811 159 796 1442 
761 585 1379 523 1525 
762 448 1412 1432 1500 
763 404 1472 1415 1544 
764 687 1560 1403 1489 
765 111 1519 1506 110 
766 1465 603 1539 1371 
767 711 1449 1363 1496 
768 782 770 774 1462 
769 90 89 1631 660 
770 632 1470 1368 1498 
771 782 772 762 1462 
772 706 1631 89 660 
773 783 1381 1463 1512 
774 1358 1361 1350 1380 
775 749 696 654 1469 
776 332 336 318 1410 
777 1631 90 660 1544 
778 148 16 1615 784 
779 408 1381 377 1527 
780 472 1600 1468 470 
781 1391 1412 1496 1526 
782 589 1420 510 1436 
783 817 796 809 1384 
784 1631 1520 706 1474 
785 1380 1400 1495 1358 
786 1443 1471 1370 1486 
787 163 1475 1418 1533 
788 1465 1539 603 552 
789 782 1476 1371 1539 
790 325 323 270 1424 
791 1537 1393 1378 1356 
792 421 103 1378 1500 
793 1366 1419 300 1466 
794 1446 1489 1373 1491 
795 126 766 1521 767 
796 510 584 538 1482 
797 1358 1398 1361 1400 
798 1399 1415 389 1508 
799 1573 1532 302 1430 
800 714 1466 728 1479 
801 278 1398 1488 1504 
802 1427 1429 1366 1466 
803 1404 1448 1362 1450 
804 1366 1394 1393 1505 
805 1372 1406 1384 1351 
806 1559 1394 355 1524 
807 796 1421 1384 1442 
808 98 1432 97 1495 
809 565 542 599 1413 
810 1372 805 1478 1506 
811 665 1431 1395 739 
812 445 1410 33 1603 
813 1366 1505 1419 1524 
814 719 673 670 1404 
815 308 1383 1453 1522 
816 451 433 435 1490 
817 574 517 616 1481 
818 734 691 1431 1543 
819 1441 1453 682 1511 
820 1355 1358 1350 1380 
821 1371 1476 603 1539 
822 103 1533 102 1417 
823 626 643 620 1476 
824 1383 1401 1365 1511 
825 733 668 1397 1529 
826 513 1372 575 1478 
827 687 1560 1489 731 
828 1366 1466 1429 1536 
829 1377 1486 677 1517 
830 697 682 1453 1511 
831 523 1379 1455 1525 
832 1566 538 1399 537 
833 384 1466 1419 1536 
834 1369 1435 1455 1514 
835 674 1517 677 1486 
836 674 677 1517 718 
837 1374 1425 1519 1493 
838 1432 1523 1363 1531 
839 666 664 1411 665 
840 510 1420 584 1482 
841 760 1381 775 783 
842 490 496 1385 1503 
843 530 1458 1401 1473 
844 1372 1389 812 1506 
845 330 316 1408 1477 
846 662 1437 1353 1460 
847 1432 1500 1363 1523 
848 771 1564 1438 755 
849 363 1555 1609 1479 
850 596 1565 1464 1426 
851 1595 568 1468 1451 
852 541 1579 1522 1408 
853 1432 1496 1412 1526 
854 1413 542 1408 1516 
855 1634 608 521 1426 
856 1603 434 425 445 
857 445 33 34 1603 
858 472 1600 470 460 
859 701 1368 1502 1447 
860 163 790 794 1475 
861 712 747 736 1360 
862 632 621 644 1457 
863 648 155 1501 1601 
864 1642 647 1572 1383 
865 599 1413 542 1458 
866 1458 1473 599 1541 
867 574 616 1444 1481 
868 1399 1420 1349 1436 
869 111 1396 1519 1548 
870 1378 1412 421 1500 
871 1363 1523 1397 1531 
872 426 427 453 1394 
873 1472 1434 1353 1387 
874 513 590 1372 1436 
875 1403 1489 1373 1517 
876 300 1419 1366 1483 
877 408 1463 1381 1512 
878 1350 1413 1352 1431 
879 1424 95 96 454 
880 753 684 1438 1514 
881 1369 1435 1385 1455 
882 1620 608 1604 1426 
883 313 1608 1386 1468 
884 5 39 1630 475 
885 585 1446 1379 1525 
886 374 400 1406 1508 
887 465 1386 472 473 
888 1383 1365 1401 1458 
889 441 1412 421 1490 
890 626 1476 620 1507 
891 741 712 1430 1496 
892 441 440 421 1412 
893 790 1417 1475 1533 
894 1371 1465 603 1507 
895 332 303 336 1410 
896 1621 641 1606 1457 
897 332 318 319 1410 
898 530 545 529 1401 
899 1352 1390 1354 1493 
900 1351 1415 1472 1480 
901 1636 335 1408 1451 
902 701 1368 1447 1498 
903 539 1355 1451 1516 
904 1380 1409 1358 1495 
905 1384 802 817 1442 
906 1359 1479 1429 1537 
907 1623 312 1440 1530 
908 1444 1481 616 1527 
909 1534 472 1433 1386 
910 817 802 811 1442 
911 100 1387 1416 1492 
912 328 1595 1468 297 
913 557 1470 487 1484 
914 359 353 1387 1416 
915 1469 375 1597 92 
916 1429 1449 1356 1537 
917 722 1598 1564 151 
918 450 2 30 1635 
919 1510 416 1442 397 
920 1608 313 1386 1487 
921 117 1621 641 1606 
922 331 343 300 1483 
923 1391 1410 1356 1490 
924 482 1446 549 1491 
925 1408 1458 1383 1522 
926 575 1372 598 1478 
927 1380 1400 1358 1361 
928 1568 1630 39 475 
929 1385 1395 1362 1435 
930 603 1476 1371 1507 
931 626 1462 1371 1513 
932 1366 1429 1394 1536 
933 1365 1452 671 1511 
934 1597 388 1528 356 
935 1447 1538 1367 1486 
936 1349 1399 1351 1415 
937 741 1549 1430 653 
938 1357 1397 1352 1411 
939 330 1579 295 1408 
940 1378 1393 1359 1492 
941 1401 1383 1453 1511 
942 1568 1630 475 1468 
943 105 1390 14 1475 
944 504 1471 509 508 
945 1391 1496 1360 1526 
946 446 441 421 1490 
947 324 1599 1574 1419 
948 668 1397 1411 1431 
949 677 1517 685 1546 
950 1542 1447 1486 1376 
951 1364 1375 1351 1472 
952 1573 1504 292 1532 
953 415 393 397 1442 
954 363 1555 1479 379 
955 694 1369 1535 1514 
956 1364 789 159 792 
957 1390 1531 13 1380 
958 531 612 1428 1545 
959 1432 1518 1400 1531 
960 660 1353 1544 1528 
961 374 1406 1399 1508 
962 774 1371 1501 1539 
963 810 1418 820 1506 
964 599 1413 1458 1541 
965 1380 1374 1350 1355 
966 1573 302 1532 292 
967 1528 388 1402 1415 
968 1404 670 672 673 
969 549 1446 586 1525 
970 504 1414 500 1473 
971 1572 308 1453 305 
972 480 601 571 1478 
973 13 1495 1432 98 
974 701 1368 1498 1456 
975 527 1379 514 585 
976 549 550 1448 1525 
977 668 1397 663 1411 
978 772 1462 782 1476 
979 343 1599 324 1419 
980 1599 452 424 1419 
981 1423 1428 612 1545 
982 345 320 317 1457 
983 1372 805 1506 812 
984 1638 367 1426 1575 
985 541 542 540 1408 
986 544 1406 1372 1436 
987 473 461 468 1386 
988 1385 1435 1369 1454 
989 1429 1479 752 1537 
990 1588 1613 818 1478 
991 1633 1405 629 1498 
992 1380 1392 1355 1409 
993 1574 450 30 1635 
994 1580 372 402 1540 
995 1459 612 1545 1423 
996 470 1600 1594 114 
997 408 392 1512 1527 
998 476 1392 109 1409 
999 425 435 434 1530 
1000 480 1588 1425 1478 
1001 303 332 321 1410 
1002 665 1431 739 668 
1003 687 1489 1403 1517 
1004 1573 302 1549 1430 
1005 695 1543 1439 1361 
1006 1382 1460 1437 1529 
1007 109 476 14 1392 
1008 1400 1488 1398 1504 
1009 357 365 396 1387 
1010 1446 1461 1373 1489 
1011 665 1431 668 1411 
1012 1469 726 1629 93 
1013 726 93 94 1629 
1014 414 1469 1444 1527 
1015 461 1409 107 1487 
1016 1401 1459 545 1545 
1017 579 1481 1381 1527 
1018 1443 1486 1367 1538 
1019 117 1621 1606 605 
1020 1528 388 1415 404 
1021 1399 1402 1349 1482 
1022 1364 1472 361 1485 
1023 1360 1496 1432 1526 
1024 279 1623 312 1440 
1025 451 435 423 1391 
1026 448 1412 436 1432 
1027 726 94 748 1629 
1028 1391 1356 1412 1490 
1029 387 352 1582 1442 
1030 330 1579 1408 1522 
1031 1372 1389 1351 1421 
1032 331 321 332 1483 
1033 705 671 1452 1511 
1034 775 1438 1381 1521 
1035 1580 372 1540 71 
1036 434 1490 433 431 
1037 1381 1481 579 1521 
1038 355 1602 1559 1524 
1039 325 323 1424 1487 
1040 1381 1369 1469 1527 
1041 484 485 1425 1493 
1042 1397 1411 1357 1460 
1043 389 1566 1399 374 
1044 278 326 1398 1504 
1045 354 1387 357 353 
1046 1535 1629 1628 1463 
1047 1373 1448 1404 1450 
1048 695 1361 1398 746 
1049 488 589 485 1493 
1050 1372 1351 1384 1421 
1051 810 799 162 1389 
1052 307 1423 1459 1467 
1053 531 612 533 1428 
1054 355 1394 409 1524 
1055 1480 1349 1528 1460 
1056 1486 1471 1538 1443 
1057 559 1465 1376 1507 
1058 535 1433 568 1451 
1059 1369 1381 1481 1527 
1060 102 1378 103 1417 
1061 464 465 468 1386 
1062 299 288 300 1419 
1063 274 1424 270 1488 
1064 559 1465 1507 580 
1065 682 1367 744 1453 
1066 638 632 644 1456 
1067 595 1406 544 1436 
1068 1472 354 361 1485 
1069 661 1353 1528 1460 
1070 569 504 500 1473 
1071 110 14 1392 1519 
1072 593 521 608 1426 
1073 595 544 594 1436 
1074 493 1557 1464 1605 
1075 1566 538 537 525 
1076 500 1473 1414 1541 
1077 599 565 1413 1541 
1078 1385 1420 1349 1482 
1079 1584 1399 374 1406 
1080 1356 1393 1378 1490 
1081 566 1547 486 1374 
1082 1565 593 1620 1426 
1083 539 1355 535 1451 
1084 108 469 109 1409 
1085 1351 1349 1415 1480 
1086 579 577 1512 1521 
1087 1574 450 1635 1419 
1088 1514 1381 1369 1535 
1089 756 780 1446 1491 
1090 1365 1441 1401 1473 
1091 710 1429 709 1449 
1092 284 1358 285 1499 
1093 389 1566 374 358 
1094 377 1381 1469 1527 
1095 284 325 274 1424 
1096 1404 1414 1362 1448 
1097 520 576 609 1470 
1098 1434 100 1492 1387 
1099 330 1579 1522 280 
1100 1359 381 1394 1479 
1101 332 1410 319 1483 
1102 474 1396 462 1433 
1103 716 1447 679 1486 
1104 1382 1434 1378 1437 
1105 1512 1614 1571 390 
1106 1474 381 406 1359 
1107 1472 370 1510 361 
1108 820 810 163 1418 
1109 434 1490 431 1410 
1110 1569 612 1459 1423 
1111 1356 1391 1412 1496 
1112 1353 1375 1472 1480 
1113 88 87 1617 651 
1114 1401 1453 1441 1511 
1115 1622 352 393 1442 
1116 673 719 730 1404 
1117 1425 1493 1354 1519 
1118 1376 1405 1388 1542 
1119 634 1484 1388 1507 
1120 1404 1414 1370 1452 
1121 519 1445 549 1448 
1122 1500 1523 104 1417 
1123 1369 1349 1482 1385 
1124 590 594 544 1436 
1125 1362 1414 1407 1497 
1126 560 1399 595 1436 
1127 1622 352 1442 1582 
1128 683 669 678 1435 
1129 1620 608 1426 593 
1130 107 461 108 1409 
1131 812 1372 807 1464 
1132 321 1410 332 1483 
1133 1363 1356 1449 1378 
1134 1429 1479 1394 1536 
1135 1399 1351 1415 1508 
1136 754 1543 1361 1431 
1137 770 774 1462 1501 
1138 1390 1523 1397 1357 
1139 1410 431 419 1483 
1140 1397 1460 1382 1529 
1141 439 95 96 1440 
1142 723 724 649 1405 
1143 69 1604 608 1634 
1144 453 1394 427 1505 
1145 1401 1453 1383 1522 
1146 549 482 586 1446 
1147 398 384 1419 1536 
1148 1535 1629 1463 1469 
1149 722 753 684 1438 
1150 435 439 423 1391 
1151 559 1562 1507 1484 
1152 1410 419 431 434 
1153 754 1543 1431 691 
1154 1522 541 1408 1458 
1155 69 1604 1634 410 
1156 1464 596 1426 1540 
1157 815 800 818 1478 
1158 1632 1396 474 1433 
1159 1394 1429 1359 1479 
1160 306 307 1459 1467 
1161 1560 779 765 1403 
1162 468 1386 461 1487 
1163 630 1556 1611 1513 
1164 558 557 487 1484 
1165 714 1427 657 1466 
1166 1484 1507 559 1376 
1167 565 1413 1541 1547 
1168 1472 370 361 362 
1169 1638 801 1575 1426 
1170 1352 1411 1397 1431 
1171 569 1473 500 1541 
1172 333 1398 1619 1439 
1173 1448 1450 1373 1525 
1174 582 1577 1476 1507 
1175 776 774 1501 1539 
1176 681 677 685 1546 
1177 304 336 303 1532 
1178 1622 352 12 393 
1179 566 486 1547 505 
1180 538 1444 1399 1482 
1181 1355 1358 1409 1499 
1182 596 1565 1426 593 
1183 673 1404 730 1517 
1184 741 710 712 1496 
1185 769 757 779 1491 
1186 1454 749 735 717 
1187 513 575 601 1478 
1188 709 1449 1429 1537 
1189 415 1442 1364 1485 
1190 539 564 535 1355 
1191 1349 1357 1460 1480 
1192 328 1386 297 1468 
1193 1372 1406 1351 1436 
1194 747 1496 711 1518 
1195 326 287 278 1398 
1196 1564 771 1628 150 
1197 662 1437 1460 1529 
1198 802 1582 1442 1638 
1199 768 777 1461 1489 
1200 316 348 298 1383 
1201 335 334 293 1477 
1202 465 1386 464 1468 
1203 1528 388 404 356 
1204 664 1454 1411 1460 
1205 103 1533 1417 790 
1206 401 403 404 1544 
1207 415 397 1364 1442 
1208 1415 1353 1480 1528 
1209 440 421 1412 1500 
1210 110 1506 1418 1519 
1211 1372 805 812 807 
1212 776 1501 1422 1539 
1213 1534 461 1386 1409 
1214 330 1579 280 295 
1215 566 1374 1516 1547 
1216 468 461 107 1487 
1217 637 643 626 1462 
1218 371 389 1415 1508 
1219 437 420 444 1492 
1220 1459 612 494 610 
1221 1454 749 717 1369 
1222 741 1549 653 721 
1223 1423 1467 307 1502 
1224 317 1423 307 1502 
1225 698 697 682 1453 
1226 1575 410 1426 1604 
1227 1465 1376 1388 1542 
1228 590 575 513 1372 
1229 472 1433 1386 1468 
1230 1645 106 1424 1487 
1231 1356 1430 1391 1496 
1232 1424 95 454 457 
1233 448 436 98 1432 
1234 1628 149 150 771 
1235 1622 1442 393 1485 
1236 97 1432 1400 1495 
1237 1401 1443 1367 1545 
1238 1380 1400 1361 1531 
1239 632 628 621 1470 
1240 539 1451 536 1516 
1241 1369 1349 1385 1454 
1242 810 1389 163 1418 
1243 778 781 768 1461 
1244 1406 1351 1399 1508 
1245 1349 1460 1357 1411 
1246 306 1552 1453 305 
1247 1486 1538 1471 1376 
1248 1642 298 1383 1572 
1249 444 1393 1492 1505 
1250 527 1379 585 1521 
1251 582 1476 603 1507 
1252 1512 1614 1463 773 
1253 1382 1363 1397 1529 
1254 1403 1489 779 1491 
1255 1367 1441 1401 1453 
1256 437 444 1393 1492 
1257 279 1488 278 273 
1258 1401 1441 1367 1443 
1259 518 1374 1396 1516 
1260 500 503 499 1414 
1261 101 1378 437 102 
1262 1628 787 149 771 
1263 1373 1379 1450 1461 
1264 1541 583 565 1547 
1265 1447 1538 1486 1376 
1266 667 671 1395 1452 
1267 432 437 444 1393 
1268 1562 634 1507 1484 
1269 701 1368 1456 1502 
1270 439 1440 96 1526 
1271 277 1619 1642 1439 
1272 1352 1395 1411 1431 
1273 427 1394 426 1524 
1274 659 1494 1462 725 
1275 1371 1507 626 1513 
1276 1409 455 1495 109 
1277 1597 735 1528 1402 
1278 398 384 366 1419 
1279 405 417 381 1416 
1280 95 1440 439 1530 
1281 1588 800 1425 1478 
1282 1379 1446 1373 1525 
1283 1557 1372 1478 598 
1284 795 794 104 1475 
1285 705 672 675 1441 
1286 703 716 723 1405 
1287 464 1386 468 1487 
1288 587 1497 1448 1525 
1289 105 1390 1380 1392 
1290 345 290 1456 1502 
1291 483 485 513 1425 
1292 630 1556 1513 619 
1293 792 1364 1485 1509 
1294 274 325 270 1424 
1295 1363 1356 1378 1412 
1296 1361 1518 1397 1531 
1297 776 759 765 1501 
1298 559 1562 1484 602 
1299 101 1434 102 1509 
1300 579 1512 524 1527 
1301 364 377 408 1463 
1302 710 1449 711 1496 
1303 1447 1538 1376 1428 
1304 1569 281 1610 1423 
1305 1465 1494 1377 1542 
1306 359 353 357 1387 
1307 632 1456 638 1498 
1308 809 812 807 1464 
1309 1369 1444 1402 1469 
1310 482 128 1446 1491 
1311 343 1599 1419 1483 
1312 1353 1437 1382 1460 
1313 675 674 676 1486 
1314 1534 1386 461 473 
1315 746 1361 1398 1518 
1316 691 739 671 1431 
1317 542 1408 541 1458 
1318 1362 1414 1404 1452 
1319 1406 501 71 1584 
1320 661 1454 735 664 
1321 1373 1446 1379 1461 
1322 664 1411 663 1460 
1323 633 1470 1405 1484 
1324 1604 1634 1426 608 
1325 1387 1472 365 1544 
1326 1567 450 1635 81 
1327 161 799 808 1421 
1328 439 1440 1391 1530 
1329 1503 498 1407 583 
1330 768 780 777 1489 
1331 343 1599 1483 275 
1332 684 1438 1514 1535 
1333 1574 450 1419 424 
1334 410 1634 395 1426 
1335 450 81 2 1635 
1336 406 1387 396 1474 
1337 535 1355 1433 1451 
1338 1464 596 1540 555 
1339 1407 583 1541 1547 
1340 541 1579 1408 581 
1341 1549 282 54 1427 
1342 1393 1394 1359 1492 
1343 545 1401 600 1522 
1344 488 1420 589 1493 
1345 1643 354 1387 1485 
1346 415 361 354 1485 
1347 1486 716 1542 680 
1348 335 1451 334 1477 
1349 1405 1470 633 1498 
1350 1551 776 757 1422 
1351 1401 1441 1365 1511 
1352 484 485 483 1425 
1353 1480 1528 1349 1415 
1354 1369 1381 1469 1535 
1355 1514 1381 1535 1438 
1356 1509 161 160 1421 
1357 359 417 353 1416 
1358 570 1376 1471 1538 
1359 634 1507 1388 1513 
1360 1514 1381 1438 1481 
1361 1390 1523 1357 1475 
1362 97 96 1400 1526 
1363 1399 1444 1402 1482 
1364 812 816 805 1506 
1365 1444 1469 1369 1527 
1366 1628 1640 748 149 
1367 441 451 1412 1490 
1368 1379 1481 1438 1521 
1369 306 1459 1453 1467 
1370 1365 1473 1458 1541 
1371 810 820 804 1506 
1372 520 609 613 1457 
1373 518 1396 539 1516 
1374 1378 1500 103 1417 
1375 1363 1356 1412 1496 
1376 1390 1493 1374 1519 
1377 1378 1359 1434 1492 
1378 1379 1373 1450 1525 
1379 1447 1538 1428 1367 
1380 1358 1355 1477 1499 
1381 372 373 402 1510 
1382 555 1372 1464 598 
1383 504 503 500 1414 
1384 316 1383 308 1522 
1385 1541 565 583 526 
1386 600 1401 1458 1522 
1387 523 514 506 1455 
1388 632 633 1470 1498 
1389 546 547 495 1491 
1390 733 668 754 1397 
1391 1388 1507 1484 1376 
1392 1459 612 610 1545 
1393 1359 1434 1520 1537 
1394 1503 498 583 491 
1395 324 1574 344 1419 
1396 1356 1378 1412 1490 
1397 1364 1472 1351 1510 
1398 1564 771 1535 1628 
1399 163 1418 1389 1533 
1400 306 1453 1459 1522 
1401 622 1470 633 1484 
1402 372 1406 1510 1540 
1403 476 469 466 1534 
1404 1441 1443 1401 1473 
1405 693 1388 1494 1513 
1406 308 316 298 1383 
1407 1358 284 1424 1499 
1408 546 128 482 1491 
1409 1621 52 6 641 
1410 451 436 441 1412 
1411 355 1602 1524 391 
1412 1595 568 1451 534 
1413 397 1364 1442 1510 
1414 780 779 1489 1491 
1415 1617 379 1479 1555 
1416 633 1405 631 1484 
1417 1580 372 71 418 
1418 490 584 510 1420 
1419 1642 689 1383 1543 
1420 626 637 1462 1513 
1421 1386 1451 297 1468 
1422 1567 450 438 1419 
1423 717 1435 666 1454 
1424 1350 1361 1358 1439 
1425 456 96 454 1424 
1426 404 1415 1528 1544 
1427 1584 537 1637 1399 
1428 1560 779 1403 1489 
1429 1407 1352 1503 1547 
1430 1491 546 129 495 
1431 1422 1465 552 1539 
1432 507 1577 1507 1562 
1433 361 1472 1364 1510 
1434 1603 336 1410 318 
1435 673 730 718 1517 
1436 695 1543 1361 690 
1437 768 756 780 1446 
1438 528 603 1476 1539 
1439 733 1361 692 1518 
1440 1599 452 1419 1483 
1441 592 1471 570 1376 
1442 1437 1520 1434 1537 
1443 539 535 536 1451 
1444 629 631 633 1405 
1445 808 796 160 1421 
1446 1441 1443 1370 1486 
1447 545 1459 1401 1522 
1448 1370 1414 1404 1515 
1449 1361 1398 1358 1439 
1450 377 1463 364 1469 
1451 1569 281 1423 322 
1452 598 575 590 1372 
1453 1506 111 110 804 
1454 756 128 769 1491 
1455 1406 71 351 1584 
1456 306 1552 305 286 
1457 1377 1465 1422 1494 
1458 1377 1494 1422 1546 
1459 388 371 389 1415 
1460 760 1381 783 1512 
1461 1352 1374 1493 1547 
1462 694 678 717 1514 
1463 1567 450 1419 1635 
1464 345 317 290 1502 
1465 489 486 505 1547 
1466 464 463 465 1468 
1467 661 1353 1460 662 
1468 1465 1507 1388 1376 
1469 355 405 409 1394 
1470 1617 740 1555 1479 
1471 1409 456 108 107 
1472 1407 1414 1365 1541 
1473 530 600 545 1401 
1474 744 1552 698 1453 
1475 1535 1629 1469 726 
1476 1486 716 680 676 
1477 754 1397 668 1431 
1478 1460 1480 1353 1528 
1479 548 552 1422 1465 
1480 1379 1481 1455 1514 
1481 1370 1443 1441 1473 
1482 1378 1434 1382 1417 
1483 519 549 550 1448 
1484 14 110 1418 1519 
1485 701 1447 703 1498 
1486 1594 611 1630 113 
1487 1514 1381 1481 1369 
1488 1368 1428 1423 1447 
1489 423 1391 439 1526 
1490 611 113 5 1630 
1491 362 1415 1472 1508 
1492 1386 1433 1355 1451 
1493 1423 1428 1367 1447 
1494 1363 1432 1412 1500 
1495 1401 1458 1365 1473 
1496 1369 1481 1444 1527 
1497 444 432 1393 1505 
1498 282 303 321 1427 
1499 1363 1412 1378 1500 
1500 513 594 590 1436 
1501 1403 1373 1445 1517 
1502 1575 410 1604 80 
1503 362 1415 404 1472 
1504 436 448 440 1412 
1505 1557 1372 598 1464 
1506 559 1562 602 507 
1507 530 600 1401 1458 
1508 541 1579 581 479 
1509 1350 1358 1355 1477 
1510 1625 353 385 1416 
1511 630 634 619 1513 
1512 493 1557 1605 136 
1513 1628 1463 771 1535 
1514 465 473 468 1386 
1515 1408 1451 1355 1516 
1516 313 349 1386 1487 
1517 415 1364 361 1485 
1518 1362 1448 1414 1497 
1519 405 381 380 1394 
1520 158 159 811 1442 
1521 1363 1356 1496 1449 
1522 1360 1440 1400 1504 
1523 1352 1493 1420 1503 
1524 307 1423 322 1459 
1525 1369 1455 1481 1514 
1526 549 1445 547 1491 
1527 1584 537 1399 595 
1528 821 811 802 1442 
1529 722 1438 684 1535 
1530 360 403 365 1472 
1531 517 511 514 1481 
1532 1401 1367 1459 1545 
1533 1594 611 1468 1630 
1534 1353 1472 1415 1480 
1535 292 304 302 1532 
1536 693 1494 1388 1542 
1537 555 1372 598 590 
1538 1404 1445 1373 1517 
1539 358 1612 1444 1566 
1540 1350 1413 1408 1516 
1541 1378 1382 1500 1417 
1542 1360 1400 1432 1518 
1543 655 1388 1513 1556 
1544 1642 689 1543 688 
1545 1391 1430 1360 1496 
1546 101 1378 102 1434 
1547 414 377 1469 1527 
1548 661 1454 664 1460 
1549 13 104 1500 1523 
1550 1369 1385 511 1455 
1551 358 378 389 1444 
1552 1365 1458 1413 1541 
1553 329 277 348 1439 
1554 1383 1350 1439 1543 
1555 439 1391 435 1530 
1556 702 1456 701 1498 
1557 1368 1447 1423 1502 
1558 104 13 1475 1523 
1559 1386 1409 461 1487 
1560 1413 1516 1374 1547 
1561 1632 15 1627 563 
1562 1418 1475 1417 1533 
1563 536 1451 1408 1516 
1564 1584 595 1406 501 
1565 106 107 454 1424 
1566 729 730 719 1450 
1567 1367 1538 1428 1545 
1568 1352 1413 1374 1547 
1569 694 1535 1369 1469 
1570 1419 1466 1366 1536 
1571 1593 460 1600 1433 
1572 1367 1443 1538 1545 
1573 343 1599 275 324 
1574 277 1619 1439 333 
1575 436 1432 1412 1526 
1576 504 503 1414 1515 
1577 433 432 431 1490 
1578 775 755 771 1438 
1579 1551 495 130 551 
1580 480 1425 601 1478 
1581 14 476 110 1392 
1582 714 728 740 1479 
1583 1350 1361 1439 1543 
1584 1355 539 1396 1516 
1585 306 1459 315 1522 
1586 744 1552 1453 1467 
1587 481 1627 15 563 
1588 660 1353 662 1520 
1589 156 732 155 1501 
1590 710 713 709 1429 
1591 1383 1458 1401 1522 
1592 1349 1420 1399 1482 
1593 1598 781 1438 755 
1594 481 1588 1627 1425 
1595 725 1462 727 1513 
1596 1632 563 1627 1396 
1597 393 415 350 1485 
1598 1646 292 1573 1504 
1599 1377 1422 1403 1546 
1600 1398 339 1439 333 
1601 1596 1643 1485 350 
1602 396 1387 365 1544 
1603 358 1612 1566 74 
1604 617 1448 587 1497 
1605 1392 1409 1380 1495 
1606 1378 1449 1437 1537 
1607 291 314 51 1550 
1608 1413 1408 542 1458 
1609 1597 735 1402 696 
1610 656 701 1456 1502 
1611 481 1588 15 1627 
1612 739 665 667 1395 
1613 1632 116 15 563 
1614 700 63 652 1467 
1615 487 1470 576 119 
1616 476 1534 466 1548 
1617 1374 1425 1493 484 
1618 94 8 748 1640 
1619 615 537 73 1637 
1620 408 377 392 1527 
1621 1355 1350 1408 1516 
1622 1394 1492 1393 1505 
1623 1518 1504 1400 1398 
1624 1557 1372 1464 807 
1625 397 361 415 1364 
1626 1550 1624 1457 314 
1627 1551 1422 551 1539 
1628 1629 1640 94 748 
1629 313 349 328 1386 
1630 569 599 530 1473 
1631 1375 1351 1389 1421 
1632 663 664 665 1411 
1633 672 705 671 1452 
1634 1494 1507 1388 1465 
1635 1625 1643 1416 99 
1636 1551 495 551 1422 
1637 579 616 1481 1527 
1638 556 482 127 1446 
1639 599 526 565 1541 
1640 95 1623 1440 1530 
1641 1363 1518 1432 1531 
1642 97 1400 1432 1526 
1643 1636 335 1451 271 
1644 712 710 711 1496 
1645 1534 472 1386 473 
1646 548 553 552 1465 
1647 661 1353 662 660 
1648 1562 634 1484 627 
1649 481 1588 1425 480 
1650 414 376 378 1469 
1651 1622 352 1582 12 
1652 374 400 351 1406 
1653 1388 1494 1465 1542 
1654 427 1505 1394 1524 
1655 307 1467 311 1502 
1656 687 1560 731 648 
1657 1351 1364 1384 1421 
1658 386 1444 1612 1527 
1659 721 54 657 1427 
1660 1569 322 1423 1459 
1661 1389 1417 1375 1533 
1662 161 1389 1533 162 
1663 305 1552 62 286 
1664 687 1560 648 1403 
1665 1533 1509 1417 1375 
1666 1422 1465 1371 1494 
1667 1406 1399 1351 1436 
1668 1494 1507 1465 1371 
1669 1400 1495 1432 1531 
1670 1554 699 650 1461 
1671 1390 1418 14 1475 
1672 440 1412 448 1500 
1673 1371 1422 1494 1501 
1674 695 1543 690 688 
1675 1407 1503 583 1547 
1676 1534 472 473 467 
1677 1371 1465 1422 1539 
1678 489 1493 486 1547 
1679 1359 1416 1387 1492 
1680 559 1562 507 1507 
1681 1434 1437 1353 1520 
1682 1409 456 107 1424 
1683 687 1517 1403 1546 
1684 103 1533 790 791 
1685 794 790 104 1475 
1686 1611 637 1513 1563 
1687 1494 1507 1371 1513 
1688 1367 1453 1401 1459 
1689 126 556 127 1446 
1690 128 127 482 1446 
1691 535 597 568 1433 
1692 48 281 320 1553 
1693 1551 776 1422 1539 
1694 1628 1629 726 748 
1695 1351 1375 1364 1421 
1696 439 1391 1440 1526 
1697 1403 1445 1373 1491 
1698 711 1449 715 1529 
1699 1423 1367 1459 1467 
1700 97 98 436 1432 
1701 739 667 671 1395 
1702 1563 1462 637 1513 
1703 722 742 658 1535 
1704 810 1389 1418 1506 
1705 1369 1349 1454 1402 
1706 317 307 311 1502 
1707 742 722 684 1535 
1708 648 687 1403 1546 
1709 1494 1507 1513 1388 
1710 1379 1438 1481 1514 
1711 1573 302 292 56 
1712 311 286 63 1467 
1713 372 1406 399 1510 
1714 585 586 1446 1525 
1715 1383 689 1511 1543 
1716 1423 1447 1367 1467 
1717 594 560 595 1436 
1718 401 404 1528 1544 
1719 102 1509 1434 1417 
1720 1409 1424 1358 1495 
1721 103 1533 791 102 
1722 1382 1397 1363 1523 
1723 1509 161 1421 1533 
1724 734 1511 689 1543 
1725 713 1427 714 1429 
1726 1354 1389 1372 1506 
1727 481 518 484 1396 
1728 770 156 759 1501 
1729 1373 1445 1404 1448 
1730 1594 611 522 1468 
1731 296 297 328 1386 
1732 63 286 1552 1467 
1733 347 1530 336 1532 
1734 557 532 533 1428 
1735 1641 1 53 750 
1736 1440 1530 347 1532 
1737 374 351 1584 1406 
1738 1404 1414 1448 1515 
1739 1388 1484 1405 1376 
1740 1596 393 350 1485 
1741 306 308 1453 1522 
1742 1372 544 590 555 
1743 1520 396 1544 1387 
1744 530 599 600 1458 
1745 699 650 152 1554 
1746 1409 1424 107 1487 
1747 1548 1433 1355 1534 
1748 1470 520 576 118 
1749 767 127 756 1446 
1750 301 1589 1427 1466 
1751 1411 1454 1349 1460 
1752 1407 1541 1413 1547 
1753 161 1389 162 799 
1754 580 603 1465 1507 
1755 1616 315 1459 1522 
1756 767 768 781 1446 
1757 1394 1416 1359 1492 
1758 746 1361 1518 692 
1759 820 14 110 1418 
1760 1565 803 1426 814 
1761 487 1470 119 1484 
1762 735 696 749 1402 
1763 405 380 409 1394 
1764 1350 1431 1361 1543 
1765 1365 1413 1407 1541 
1766 481 1627 563 1396 
1767 1447 1467 1423 1502 
1768 387 416 352 1442 
1769 809 807 813 1464 
1770 161 1389 799 1421 
1771 596 1580 521 1426 
1772 806 798 813 1464 
1773 355 409 391 1524 
1774 704 1467 1447 1502 
1775 626 620 625 1507 
1776 1509 161 1533 788 
1777 455 97 456 1495 
1778 596 1565 593 573 
1779 684 753 683 1514 
1780 363 1555 379 86 
1781 102 1434 1378 1417 
1782 364 1463 1629 1469 
1783 1633 619 1556 142 
1784 1627 1396 481 1425 
1785 313 1386 328 1468 
1786 511 1455 514 1481 
1787 391 1567 1602 1524 
1788 307 322 306 1459 
1789 404 362 371 1415 
1790 1600 568 1433 1468 
1791 682 744 698 1453 
1792 1367 1443 1441 1486 
1793 1617 752 1474 651 
1794 428 438 452 1419 
1795 507 1577 1562 122 
1796 96 1440 1400 1526 
1797 493 1557 136 572 
1798 1367 1428 1423 1545 
1799 362 371 1415 1508 
1800 592 512 570 1471 
1801 1616 545 1522 1459 
1802 156 659 732 1501 
1803 1553 562 578 48 
1804 1470 520 118 1606 
1805 1636 335 271 295 
1806 97 1432 436 1526 
1807 729 1450 753 1461 
1808 495 548 551 1422 
1809 1469 375 92 376 
1810 597 535 564 1433 
1811 1355 1433 1386 1534 
1812 1569 281 322 47 
1813 1428 1538 531 1545 
1814 704 679 738 1447 
1815 101 1378 1434 1492 
1816 1558 635 147 623 
1817 1375 1353 1434 1417 
1818 1464 596 555 573 
1819 717 678 666 1435 
1820 462 467 471 1433 
1821 271 1636 1591 1451 
1822 1561 384 1626 1419 
1823 279 1440 338 1504 
1824 1554 778 777 1461 
1825 1358 1439 285 1477 
1826 531 533 532 1428 
1827 355 1602 391 83 
1828 353 417 385 1416 
1829 396 359 357 1387 
1830 535 568 534 1451 
1831 668 663 665 1411 
1832 648 1560 731 154 
1833 565 1516 1413 1547 
1834 1358 1477 285 1499 
1835 14 1418 1390 1519 
1836 1449 715 1437 708 
1837 587 1448 550 1525 
1838 634 626 1507 1513 
1839 438 450 424 1419 
1840 753 729 683 1450 
1841 1506 111 804 800 
1842 88 369 1474 1617 
1843 325 1424 284 1499 
1844 1569 612 1423 562 
1845 1589 1641 53 750 
1846 741 1549 721 1427 
1847 1589 1641 750 1466 
1848 347 338 1440 1532 
1849 17 146 1618 785 
1850 297 1386 296 1451 
1851 819 801 814 1426 
1852 28 299 1561 288 
1853 1607 1618 146 785 
1854 1472 1508 1351 1510 
1855 380 1394 381 1479 
1856 362 404 403 1472 
1857 481 1588 480 15 
1858 1607 1618 785 1462 
1859 36 270 1645 1590 
1860 716 679 1447 738 
1861 1600 568 1468 522 
1862 1417 1475 1357 1523 
1863 701 738 703 1447 
1864 1499 349 1487 1386 
1865 1522 541 1458 600 
1866 638 140 618 1498 
1867 104 1475 1417 1523 
1868 442 99 447 1416 
1869 282 55 302 1549 
1870 630 1556 619 143 
1871 1494 1501 1422 1546 
1872 1623 95 1440 1488 
1873 1451 1477 1355 1499 
1874 1611 727 1563 1513 
1875 775 781 1438 1521 
1876 427 426 422 1524 
1877 802 803 801 1426 
1878 1554 1598 1461 650 
1879 1453 1459 1367 1467 
1880 270 3 1623 1590 
1881 1562 121 602 507 
1882 714 657 728 1466 
1883 385 417 405 1416 
1884 532 531 1428 1538 
1885 1611 637 1563 144 
1886 1540 501 71 1406 
1887 618 1498 141 629 
1888 661 1353 660 1528 
1889 747 711 733 1518 
1890 722 1598 151 650 
1891 1533 1417 1509 102 
1892 1359 1387 1434 1492 
1893 780 779 761 1489 
1894 1409 1487 1499 1424 
1895 347 338 279 1440 
1896 111 1519 110 1548 
1897 1534 472 467 1433 
1898 677 718 685 1517 
1899 1598 753 722 1438 
1900 462 474 112 1396 
1901 596 1565 573 1464 
1902 537 595 560 1399 
1903 413 1567 394 1419 
1904 328 1595 297 346 
1905 706 1520 707 1474 
1906 1561 384 28 1626 
1907 441 436 440 1412 
1908 536 1408 540 1516 
1909 1384 1421 1364 1442 
1910 1518 1400 1504 1360 
1911 410 395 367 1426 
1912 1360 1430 1391 1532 
1913 598 1557 1464 493 
1914 341 1550 1621 1457 
1915 569 599 1473 1541 
1916 1401 1459 1453 1522 
1917 509 1443 516 1538 
1918 282 321 301 1427 
1919 747 746 736 1518 
1920 1434 1509 1375 1417 
1921 384 27 28 1626 
1922 374 1399 389 1508 
1923 400 374 389 1508 
1924 517 579 616 1481 
1925 573 1605 1565 135 
1926 397 361 1364 1510 
1927 358 1612 74 386 
1928 1579 581 1636 1408 
1929 391 1567 1524 394 
1930 313 1568 38 1608 
1931 613 612 562 1423 
1932 1389 1418 1417 1533 
1933 1562 625 627 121 
1934 363 1555 86 1609 
1935 352 397 393 1442 
1936 648 155 732 1501 
1937 1549 653 721 55 
1938 1569 281 47 1610 
1939 1377 1403 1445 1517 
1940 1350 1355 1408 1477 
1941 821 158 811 1442 
1942 550 587 617 1448 
1943 1611 637 144 630 
1944 156 1570 659 1501 
1945 689 697 1383 1511 
1946 633 631 622 1484 
1947 338 1504 1440 1532 
1948 703 1405 649 1498 
1949 95 96 1440 1488 
1950 681 680 677 1542 
1951 312 347 1440 1530 
1952 764 774 776 1539 
1953 1621 1550 52 641 
1954 1373 1489 1403 1491 
1955 1354 1506 1425 1519 
1956 1469 376 93 364 
1957 1392 110 1519 1548 
1958 1360 1432 1400 1526 
1959 341 1550 1457 291 
1960 601 483 513 1425 
1961 1354 1418 1506 1519 
1962 556 585 586 1446 
1963 667 670 671 1452 
1964 747 712 711 1496 
1965 1579 581 44 1636 
1966 631 634 627 1484 
1967 559 1465 580 592 
1968 1639 340 1468 1630 
1969 744 1552 1467 652 
1970 1568 340 1630 1468 
1971 792 1485 100 1509 
1972 1479 363 380 1536 
1973 1571 390 67 368 
1974 1562 634 627 625 
1975 518 1374 484 1396 
1976 1554 699 1461 1489 
1977 1570 1462 659 1501 
1978 630 1556 143 1611 
1979 789 100 792 1485 
1980 1358 1424 1400 1495 
1981 1390 1392 14 1519 
1982 306 1552 286 1467 
1983 1360 1400 1440 1526 
1984 1358 1424 1409 1499 
1985 1522 541 600 479 
1986 1633 619 142 629 
1987 335 1408 1451 1477 
1988 1361 1400 1518 1531 
1989 467 1433 462 1534 
1990 648 1560 154 1601 
1991 1498 649 737 141 
1992 1406 1508 399 1510 
1993 513 589 594 1436 
1994 1402 1444 1369 1482 
1995 298 61 305 1572 
1996 1573 302 56 1549 
1997 325 1487 1424 1499 
1998 1588 800 1478 818 
1999 589 560 594 1436 
2000 1499 349 1386 296 
2001 1398 339 333 287 
2002 296 1451 1386 1499 
2003 1359 1520 1474 1537 
2004 735 717 664 1454 
2005 1351 1472 1415 1508 
2006 160 792 788 1509 
2007 1568 340 1468 327 
2008 1438 1481 1381 1521 
2009 1593 460 1433 471 
2010 300 343 299 1419 
2011 1406 351 71 372 
2012 1417 1418 1357 1475 
2013 324 1599 275 31 
2014 488 1420 1493 1503 
2015 1619 310 1592 1398 
2016 800 1425 1478 1506 
2017 378 375 388 1402 
2018 461 469 108 1409 
2019 622 628 633 1470 
2020 558 1376 570 1538 
2021 1607 640 1618 1462 
2022 632 618 633 1498 
2023 704 700 1467 1502 
2024 1355 1451 1408 1477 
2025 552 603 528 1539 
2026 1400 1440 96 1488 
2027 509 1471 1443 1538 
2028 1643 354 1485 350 
2029 365 1472 403 1544 
2030 1603 336 318 276 
2031 476 110 1392 1548 
2032 602 120 1562 1484 
2033 1400 1424 1358 1488 
2034 1637 374 1584 1399 
2035 790 103 104 1417 
2036 372 399 373 1510 
2037 1636 536 502 1451 
2038 752 1429 714 1479 
2039 484 1374 486 1493 
2040 490 491 496 1503 
2041 1357 1397 1382 1523 
2042 394 1419 1567 1524 
2043 488 1493 489 1503 
2044 43 44 581 1636 
2045 702 656 701 1456 
2046 311 1467 63 1502 
2047 516 515 529 1443 
2048 358 1612 386 1444 
2049 647 689 697 1383 
2050 296 334 1451 1499 
2051 1626 1641 337 1466 
2052 1561 384 366 28 
2053 559 507 580 1507 
2054 391 1567 394 82 
2055 733 754 692 1361 
2056 559 558 1484 1376 
2057 470 475 1594 1468 
2058 716 680 723 1542 
2059 371 388 404 1415 
2060 1626 1641 27 337 
2061 489 1503 1493 1547 
2062 692 754 690 1361 
2063 1557 807 1464 806 
2064 555 1372 1540 1464 
2065 622 627 120 1484 
2066 1548 1355 1392 1534 
2067 593 596 521 1426 
2068 1509 161 788 160 
2069 552 551 1422 1539 
2070 306 315 308 1522 
2071 526 500 498 1541 
2072 1638 367 1575 79 
2073 675 679 1441 1486 
2074 402 1638 1442 387 
2075 1631 382 1474 88 
2076 687 685 1517 1546 
2077 355 1602 83 1559 
2078 537 1566 73 1637 
2079 1607 640 1462 623 
2080 504 569 515 1473 
2081 560 538 537 1399 
2082 705 734 671 1511 
2083 572 1613 1557 137 
2084 401 404 356 1528 
2085 107 1424 106 1487 
2086 775 766 781 1521 
2087 1406 71 1540 372 
2088 572 1613 137 571 
2089 13 1495 1380 1531 
2090 506 497 587 1497 
2091 1384 1464 1426 1540 
2092 1572 698 647 61 
2093 703 649 737 1498 
2094 752 1474 707 1537 
2095 752 709 1429 1537 
2096 1391 1360 1440 1526 
2097 1592 1646 58 645 
2098 1369 1349 1402 1482 
2099 548 552 551 1422 
2100 324 1599 31 1574 
2101 313 1568 1608 1468 
2102 384 1626 1419 1466 
2103 552 580 603 1465 
2104 334 297 296 1451 
2105 150 722 658 1564 
2106 1589 337 1641 1466 
2107 680 1486 677 1542 
2108 704 1447 701 1502 
2109 306 286 307 1467 
2110 516 1443 529 1545 
2111 1352 1374 1390 1493 
2112 438 1419 428 1524 
2113 478 473 467 1534 
2114 666 669 667 1435 
2115 794 14 163 1475 
2116 296 328 349 1386 
2117 758 1476 782 1539 
2118 509 515 516 1443 
2119 713 657 714 1427 
2120 1493 1503 1352 1547 
2121 1351 1384 1364 1510 
2122 386 414 1444 1527 
2123 279 1623 1440 1488 
2124 1423 1459 1367 1545 
2125 84 11 1625 447 
2126 519 547 549 1445 
2127 519 561 1445 1515 
2128 1564 1628 1535 658 
2129 579 577 524 1512 
2130 474 1627 112 1396 
2131 1548 1433 1534 462 
2132 1351 1406 1384 1510 
2133 527 585 591 1521 
2134 409 1524 1394 1536 
2135 1479 380 363 379 
2136 472 465 470 1468 
2137 693 1494 725 1513 
2138 727 725 659 1462 
2139 1625 11 99 447 
2140 598 1557 493 572 
2141 449 1623 1530 35 
2142 1616 280 1522 1579 
2143 596 1580 1426 1540 
2144 1599 275 32 1483 
2145 598 1557 572 1478 
2146 733 715 668 1529 
2147 659 1494 725 686 
2148 527 579 1481 1521 
2149 1616 479 1579 1522 
2150 406 382 369 1474 
2151 290 64 1576 1502 
2152 662 663 715 1529 
2153 507 1577 122 582 
2154 442 100 99 1416 
2155 1646 292 1504 309 
2156 1632 564 1396 1433 
2157 370 399 1508 1510 
2158 662 1460 663 1529 
2159 464 468 477 1487 
2160 702 737 140 1498 
2161 95 439 449 1530 
2162 1614 412 1463 1640 
2163 112 111 462 1396 
2164 583 491 489 1503 
2165 681 1494 693 1542 
2166 391 1567 82 1602 
2167 1354 1418 1389 1506 
2168 638 1578 140 1498 
2169 662 715 1437 1529 
2170 1364 1421 1375 1509 
2171 541 540 536 1408 
2172 519 508 561 1515 
2173 1535 1629 726 1628 
2174 682 675 679 1441 
2175 792 100 101 1509 
2176 1520 396 1387 1474 
2177 507 1577 582 1507 
2178 358 374 73 1566 
2179 1614 412 1640 66 
2180 1355 1386 1409 1534 
2181 589 488 510 1420 
2182 800 1478 805 1506 
2183 281 307 317 1423 
2184 1548 1433 462 1396 
2185 1353 1375 1480 1417 
2186 1366 1394 1505 1524 
2187 96 423 439 1526 
2188 577 1585 1512 1521 
2189 347 336 304 1532 
2190 1617 379 1555 87 
2191 501 544 595 1406 
2192 668 715 663 1529 
2193 1412 1432 1363 1496 
2194 1616 545 1459 604 
2195 401 1528 1583 1544 
2196 292 1504 338 1532 
2197 516 531 1538 1545 
2198 1359 1434 1387 1520 
2199 386 414 358 1444 
2200 683 719 669 1450 
2201 482 549 546 1491 
2202 1557 807 806 797 
2203 288 1626 337 1466 
2204 409 1394 380 1536 
2205 530 515 569 1473 
2206 626 630 637 1513 
2207 592 580 553 1465 
2208 1540 501 1406 544 
2209 1382 1417 1357 1523 
2210 1404 1448 1445 1515 
2211 1592 1646 645 1504 
2212 1563 640 1462 1618 
2213 160 161 808 1421 
2214 1559 1625 447 84 
2215 638 1456 1578 1498 
2216 529 545 610 1545 
2217 1409 1499 1487 1386 
2218 1548 1433 1396 1355 
2219 332 319 331 1483 
2220 1382 1434 1353 1417 
2221 319 32 275 1483 
2222 559 558 487 1484 
2223 703 723 649 1405 
2224 279 1623 1488 273 
2225 518 566 1374 1516 
2226 1581 1512 392 1527 
2227 1591 534 1451 502 
2228 633 628 632 1470 
2229 554 1444 616 1527 
2230 1353 1472 1387 1544 
2231 1363 1496 1432 1518 
2232 460 471 472 1433 
2233 664 717 666 1454 
2234 603 507 582 1507 
2235 1375 1421 1389 1533 
2236 711 708 715 1449 
2237 290 311 64 1502 
2238 573 1605 135 493 
2239 777 778 768 1461 
2240 421 440 103 1500 
2241 3 95 1590 459 
2242 307 281 322 1423 
2243 438 424 452 1419 
2244 1440 1504 1360 1532 
2245 347 279 312 1440 
2246 695 1361 746 690 
2247 452 443 430 1483 
2248 1463 1469 1381 1535 
2249 490 1420 488 1503 
2250 779 780 769 1491 
2251 1626 407 1466 384 
2252 1384 1372 1464 1540 
2253 479 545 600 1522 
2254 462 466 1534 1548 
2255 1638 367 79 387 
2256 1445 1448 519 1515 
2257 1570 785 1462 770 
2258 790 1417 104 1475 
2259 64 700 656 1502 
2260 1565 593 573 134 
2261 574 616 554 1444 
2262 566 486 484 1374 
2263 648 1501 686 1546 
2264 1578 642 1644 1456 
2265 795 13 105 1475 
2266 1606 641 621 1457 
2267 326 1592 1504 309 
2268 572 1613 571 1478 
2269 1576 1456 290 1502 
2270 572 1613 1478 1557 
2271 380 1394 1479 1536 
2272 720 1646 1573 1504 
2273 1577 639 1476 620 
2274 648 732 686 1501 
2275 444 429 432 1505 
2276 1625 447 99 1416 
2277 520 1553 613 578 
2278 519 1448 617 1515 
2279 1359 1387 1474 1520 
2280 313 328 327 1468 
2281 481 484 483 1425 
2282 498 499 497 1497 
2283 44 1579 295 280 
2284 1540 501 544 543 
2285 1632 564 1433 492 
2286 1391 1530 1440 1532 
2287 75 392 386 1527 
2288 322 1616 1459 1569 
2289 487 120 602 1484 
2290 1360 1432 1496 1518 
2291 279 338 326 1504 
2292 759 776 774 1501 
2293 1355 1409 1386 1499 
2294 1559 1625 1416 447 
2295 1616 280 1579 45 
2296 1437 1449 708 1537 
2297 1554 153 699 1489 
2298 1422 1501 1371 1539 
2299 107 456 454 1424 
2300 64 311 63 1502 
2301 1636 536 1451 1408 
2302 1621 1550 641 1457 
2303 1403 1517 1377 1546 
2304 720 1646 1504 645 
2305 378 358 414 1444 
2306 1357 1418 1390 1475 
2307 1586 76 607 1512 
2308 399 1406 400 1508 
2309 57 58 1646 645 
2310 293 284 285 1499 
2311 574 525 538 1444 
2312 427 428 1505 1524 
2313 1617 379 87 369 
2314 791 161 788 1533 
2315 770 759 774 1501 
2316 1360 1391 1440 1532 
2317 606 1615 132 1476 
2318 322 1616 1569 46 
2319 407 1609 85 1641 
2320 272 349 313 1487 
2321 1628 787 771 1463 
2322 648 685 687 1546 
2323 111 112 800 1425 
2324 1382 1523 1500 1417 
2325 582 528 603 1476 
2326 512 508 509 1471 
2327 402 1580 1426 395 
2328 91 1583 1597 646 
2329 386 1612 75 1527 
2330 550 617 519 1448 
2331 554 525 574 1444 
2332 1353 1460 1382 1480 
2333 678 684 683 1514 
2334 163 14 820 1418 
2335 1592 59 1619 695 
2336 634 630 626 1513 
2337 518 539 566 1516 
2338 398 1419 1524 1536 
2339 1629 412 1640 1463 
2340 344 299 324 1419 
2341 516 1538 1443 1545 
2342 1596 1643 350 11 
2343 511 496 506 1455 
2344 545 1459 610 1545 
2345 289 1595 1639 1468 
2346 546 549 547 1491 
2347 788 101 102 1509 
2348 756 769 780 1491 
2349 726 694 1469 1535 
2350 396 1631 1544 383 
2351 402 1580 395 418 
2352 489 583 1503 1547 
2353 1563 640 1618 145 
2354 720 1646 645 57 
2355 1510 416 397 373 
2356 1636 335 295 1408 
2357 1581 392 75 1527 
2358 1591 534 502 42 
2359 153 777 761 1489 
2360 550 549 586 1525 
2361 689 734 697 1511 
2362 328 1595 346 289 
2363 427 428 429 1505 
2364 438 428 422 1524 
2365 1616 280 45 315 
2366 618 632 638 1498 
2367 308 305 306 1453 
2368 659 1494 686 1501 
2369 394 398 1419 1524 
2370 1639 340 1630 40 
2371 277 1619 333 59 
2372 1565 593 134 1620 
2373 626 625 634 1507 
2374 600 599 542 1458 
2375 1410 319 33 318 
2376 1499 349 296 325 
2377 413 394 366 1419 
2378 341 1550 291 52 
2379 441 433 451 1490 
2380 153 731 699 1489 
2381 1645 4 1487 323 
2382 352 78 387 1582 
2383 730 687 718 1517 
2384 1414 1473 1365 1541 
2385 288 301 300 1466 
2386 1644 342 1576 1456 
2387 559 1465 592 1376 
2388 97 436 423 1526 
2389 653 712 720 1430 
2390 363 1466 384 1536 
2391 597 567 568 1433 
2392 1434 1353 1437 1382 
2393 743 731 687 1489 
2394 326 1592 309 310 
2395 754 1543 691 690 
2396 1583 1597 646 1528 
2397 411 392 76 1512 
2398 693 725 655 1513 
2399 585 523 586 1525 
2400 1567 1635 1419 413 
2401 1592 695 1619 1398 
2402 1386 1451 1355 1499 
2403 1589 337 1466 301 
2404 570 509 516 1538 
2405 381 1617 1474 369 
2406 153 1560 731 1489 
2407 1642 298 1572 60 
2408 377 364 376 1469 
2409 439 435 425 1530 
2410 801 803 814 1426 
2411 741 721 713 1427 
2412 704 701 700 1502 
2413 376 414 377 1469 
2414 752 651 707 1474 
2415 91 1583 646 90 
2416 419 443 32 1483 
2417 484 486 485 1493 
2418 341 1550 52 1621 
2419 1577 639 620 123 
2420 335 271 334 1451 
2421 401 1583 90 1544 
2422 1548 1355 1396 1374 
2423 161 1389 1421 1533 
2424 1520 396 1474 1631 
2425 805 800 815 1478 
2426 570 1471 509 1538 
2427 407 1609 1641 1466 
2428 368 411 1571 1512 
2429 554 524 75 1527 
2430 345 291 320 1457 
2431 470 463 475 1468 
2432 636 644 621 1457 
2433 736 746 645 1504 
2434 1553 320 49 341 
2435 711 715 733 1529 
2436 682 705 1441 1511 
2437 1366 1524 1419 1536 
2438 620 643 635 1476 
2439 1582 1622 12 158 
2440 1520 396 1631 1544 
2441 754 1543 690 1361 
2442 587 550 523 1525 
2443 1636 536 1408 581 
2444 624 638 644 1456 
2445 744 704 652 1467 
2446 401 356 1583 1528 
2447 433 446 432 1490 
2448 1577 639 1615 1476 
2449 1563 640 145 637 
2450 351 400 399 1406 
2451 740 752 714 1479 
2452 462 1396 111 1548 
2453 1406 1384 1510 1540 
2454 490 488 489 1503 
2455 1577 639 123 1615 
2456 1499 349 325 1487 
2457 800 805 804 1506 
2458 652 704 700 1467 
2459 361 362 360 1472 
2460 125 1585 577 1521 
2461 654 726 694 1469 
2462 791 790 162 1533 
2463 1607 640 623 146 
2464 605 1606 520 1457 
2465 316 308 330 1522 
2466 1374 1519 1396 1548 
2467 339 329 285 1439 
2468 784 758 132 1476 
2469 1353 1480 1382 1417 
2470 810 804 816 1506 
2471 1579 581 479 44 
2472 310 333 287 1398 
2473 132 528 606 1476 
2474 148 639 635 1558 
2475 1576 342 65 290 
2476 588 522 611 1468 
2477 639 16 123 1615 
2478 1586 607 124 1512 
2479 105 14 794 1475 
2480 420 101 100 1492 
2481 547 519 561 1445 
2482 33 32 319 1483 
2483 582 1577 606 1476 
2484 774 758 782 1539 
2485 669 666 678 1435 
2486 68 1571 368 411 
2487 1637 72 615 1584 
2488 749 654 694 1469 
2489 397 373 361 1510 
2490 420 437 101 1492 
2491 617 587 499 1497 
2492 586 482 556 1446 
2493 736 645 720 1504 
2494 306 1552 1467 1453 
2495 580 507 603 1507 
2496 576 487 557 1470 
2497 488 486 489 1493 
2498 1553 605 49 578 
2499 290 317 311 1502 
2500 408 392 368 1512 
2501 406 396 382 1474 
2502 1624 642 50 624 
2503 1570 785 770 157 
2504 484 518 566 1374 
2505 592 570 558 1376 
2506 566 540 565 1516 
2507 1607 640 146 1618 
2508 366 394 398 1419 
2509 686 1494 681 1546 
2510 532 516 531 1538 
2511 322 1616 46 315 
2512 471 467 472 1433 
2513 680 681 693 1542 
2514 514 527 517 1481 
2515 345 290 314 1456 
2516 693 723 680 1542 
2517 1637 72 1584 374 
2518 1589 337 301 53 
2519 734 689 691 1543 
2520 564 539 518 1396 
2521 311 307 286 1467 
2522 643 637 623 1462 
2523 576 557 609 1470 
2524 1387 1434 1353 1520 
2525 478 466 469 1534 
2526 1584 537 595 615 
2527 607 577 124 1512 
2528 1571 786 773 1512 
2529 683 729 719 1450 
2530 14 1418 163 1475 
2531 283 274 278 1488 
2532 1394 1524 1366 1536 
2533 125 766 760 1521 
2534 1361 1400 1398 1518 
2535 1631 1520 1544 660 
2536 686 1501 1494 1546 
2537 675 676 679 1486 
2538 467 462 466 1534 
2539 431 430 419 1483 
2540 342 1624 50 314 
2541 331 275 343 1483 
2542 531 610 612 1545 
2543 771 763 783 1463 
2544 1628 1629 748 1640 
2545 386 392 377 1527 
2546 480 481 483 1425 
2547 558 570 532 1538 
2548 1629 412 1463 364 
2549 1584 595 501 615 
2550 89 1631 706 88 
2551 1590 1488 1424 95 
2552 807 805 797 1478 
2553 322 1616 315 1459 
2554 1561 413 29 366 
2555 704 738 701 1447 
2556 1558 784 772 148 
2557 781 755 775 1438 
2558 1595 568 534 588 
2559 354 350 415 1485 
2560 676 677 680 1486 
2561 1614 412 66 390 
2562 527 579 517 1481 
2563 65 1644 342 1576 
2564 463 470 465 1468 
2565 329 285 1439 1477 
2566 372 351 399 1406 
2567 1582 1622 158 1442 
2568 322 315 306 1459 
2569 677 676 674 1486 
2570 1384 1442 1364 1510 
2571 1387 1520 1353 1544 
2572 786 124 760 1512 
2573 768 767 756 1446 
2574 718 687 685 1517 
2575 802 1582 1638 78 
2576 1642 298 60 277 
2577 458 98 455 1495 
2578 1578 642 1456 638 
2579 1563 640 637 1462 
2580 1571 1586 1512 411 
2581 511 506 514 1455 
2582 655 725 727 1513 
2583 1614 412 390 1463 
2584 1358 1350 1439 1477 
2585 770 782 762 1462 
2586 327 289 340 1468 
2587 488 490 510 1420 
2588 682 705 675 1441 
2589 553 580 552 1465 
2590 37 272 313 1487 
2591 638 624 642 1456 
2592 752 709 714 1429 
2593 1631 706 88 1474 
2594 1576 342 290 1456 
2595 1510 416 373 402 
2596 504 508 503 1515 
2597 527 577 579 1521 
2598 1636 502 43 1591 
2599 427 422 428 1524 
2600 433 441 446 1490 
2601 277 1619 59 1642 
2602 132 1587 528 1476 
2603 709 708 1449 1537 
2604 1570 751 659 1462 
2605 1631 1520 660 706 
2606 1372 544 555 1540 
2607 706 1520 660 707 
2608 569 500 526 1541 
2609 1357 1417 1382 1480 
2610 291 341 320 1457 
2611 1590 1488 95 1623 
2612 1351 1508 1406 1510 
2613 1596 789 1485 99 
2614 296 293 334 1499 
2615 123 582 1577 606 
2616 363 384 398 1536 
2617 65 1644 7 342 
2618 782 758 772 1476 
2619 462 111 466 1548 
2620 277 329 333 1439 
2621 702 701 703 1498 
2622 726 742 694 1535 
2623 396 1631 383 382 
2624 1585 124 577 1512 
2625 364 408 390 1463 
2626 773 760 783 1512 
2627 1628 1629 1640 1463 
2628 293 285 1477 1499 
2629 716 679 676 1486 
2630 707 1437 708 1537 
2631 1559 385 1625 84 
2632 1553 605 1621 49 
2633 310 287 326 1398 
2634 1559 385 84 355 
2635 726 1628 748 658 
2636 623 637 640 1462 
2637 725 693 681 1494 
2638 288 1626 27 337 
2639 1591 297 271 1451 
2640 591 125 577 1521 
2641 314 290 342 1456 
2642 1578 642 638 139 
2643 636 621 641 1457 
2644 503 519 617 1515 
2645 597 564 492 1433 
2646 694 684 678 1514 
2647 528 1476 1587 1539 
2648 1636 502 581 43 
2649 492 567 597 1433 
2650 671 670 672 1452 
2651 326 1592 310 1398 
2652 88 369 382 1474 
2653 324 299 343 1419 
2654 117 605 1606 520 
2655 1580 372 418 402 
2656 1626 407 384 27 
2657 720 1646 57 1573 
2658 126 1521 766 125 
2659 1629 412 364 94 
2660 806 813 807 1464 
2661 746 747 692 1518 
2662 97 455 98 1495 
2663 572 575 598 1478 
2664 362 403 360 1472 
2665 370 399 400 1508 
2666 1574 450 424 30 
2667 729 650 699 1461 
2668 600 542 541 1458 
2669 371 400 389 1508 
2670 444 453 427 1505 
2671 324 1574 30 344 
2672 338 292 309 1504 
2673 789 99 100 1485 
2674 485 486 488 1493 
2675 362 370 371 1508 
2676 1627 1588 15 112 
2677 386 377 414 1527 
2678 413 1567 81 394 
2679 635 639 620 1476 
2680 292 338 304 1532 
2681 481 563 518 1396 
2682 356 1583 90 401 
2683 712 653 741 1430 
2684 721 657 713 1427 
2685 710 709 708 1449 
2686 573 493 555 1464 
2687 502 536 535 1451 
2688 326 1592 1398 1504 
2689 1613 480 1588 138 
2690 658 742 726 1535 
2691 288 337 301 1466 
2692 1583 660 90 1544 
2693 1487 323 4 272 
2694 754 668 691 1431 
2695 760 766 775 1521 
2696 1620 608 593 133 
2697 1627 1588 112 1425 
2698 1589 337 53 1641 
2699 468 107 106 1487 
2700 3 95 1623 1590 
2701 682 697 705 1511 
2702 1587 131 528 1539 
2703 1591 42 271 297 
2704 29 299 344 1561 
2705 395 402 367 1426 
2706 691 668 739 1431 
2707 364 390 412 1463 
2708 771 787 763 1463 
2709 1575 410 80 367 
2710 785 770 762 1462 
2711 569 526 599 1541 
2712 685 686 681 1546 
2713 686 732 659 1501 
2714 1551 551 131 1539 
2715 524 616 579 1527 
2716 329 294 285 1477 
2717 601 480 483 1425 
2718 570 512 509 1471 
2719 622 631 627 1484 
2720 516 529 531 1545 
2721 295 335 330 1408 
2722 489 505 583 1547 
2723 816 804 805 1506 
2724 328 1595 289 1468 
2725 1583 660 1544 1528 
2726 729 753 650 1461 
2727 602 559 487 1484 
2728 663 662 661 1460 
2729 1625 1643 99 11 
2730 552 528 551 1539 
2731 537 1566 1637 1399 
2732 394 391 398 1524 
2733 690 689 688 1543 
2734 157 1570 751 659 
2735 1594 1630 1468 475 
2736 709 713 714 1429 
2737 325 272 323 1487 
2738 383 396 365 1544 
2739 409 398 1524 1536 
2740 280 330 308 1522 
2741 551 528 131 1539 
2742 1619 310 1398 333 
2743 329 339 333 1439 
2744 35 425 1530 449 
2745 545 494 610 1459 
2746 1374 1392 1519 1548 
2747 664 663 661 1460 
2748 1613 480 138 571 
2749 1553 605 1457 1621 
2750 748 149 658 1628 
2751 489 491 490 1503 
2752 539 536 540 1516 
2753 1596 1643 11 99 
2754 605 49 6 1621 
2755 502 535 534 1451 
2756 440 448 104 1500 
2757 391 409 398 1524 
2758 291 51 52 1550 
2759 788 792 101 1509 
2760 497 499 587 1497 
2761 407 384 363 1466 
2762 105 794 795 1475 
2763 1629 412 94 1640 
2764 1620 608 133 1604 
2765 1586 76 1512 411 
2766 361 373 370 1510 
2767 315 280 308 1522 
2768 777 780 761 1489 
2769 130 129 495 1551 
2770 797 805 815 1478 
2771 449 1623 35 3 
2772 758 784 772 1476 
2773 555 493 598 1464 
2774 1592 746 1398 1504 
2775 1568 340 327 39 
2776 703 737 702 1498 
2777 1606 118 117 520 
2778 296 325 284 1499 
2779 1578 642 139 1644 
2780 129 128 546 1491 
2781 656 700 701 1502 
2782 476 466 110 1548 
2783 568 522 588 1468 
2784 1621 1606 605 1457 
2785 440 104 103 1500 
2786 758 764 131 1539 
2787 536 581 541 1408 
2788 1575 410 367 1426 
2789 1568 340 39 1630 
2790 524 577 607 1512 
2791 743 699 731 1489 
2792 604 494 545 1459 
2793 397 352 416 1442 
2794 1375 1509 1421 1533 
2795 648 686 685 1546 
2796 474 116 1593 471 
2797 543 596 555 1540 
2798 65 64 1576 290 
2799 681 686 725 1494 
2800 1374 1392 1390 1519 
2801 117 1621 605 6 
2802 327 328 289 1468 
2803 505 565 583 1547 
2804 73 74 358 1566 
2805 294 335 293 1477 
2806 93 92 376 1469 
2807 520 1553 578 605 
2808 470 475 113 1594 
2809 707 662 708 1437 
2810 383 401 90 1544 
2811 427 429 444 1505 
2812 733 692 747 1518 
2813 1566 538 525 1444 
2814 59 688 1619 695 
2815 646 735 661 1528 
2816 750 728 657 1466 
2817 635 147 148 1558 
2818 67 68 1571 368 
2819 331 319 275 1483 
2820 155 154 1601 648 
2821 76 75 1581 392 
2822 302 55 56 1549 
2823 96 97 423 1526 
2824 355 83 84 1559 
2825 122 121 1562 507 
2826 791 162 161 1533 
2827 619 142 143 1556 
2828 347 304 338 1532 
2829 601 575 571 1478 
2830 1607 147 146 623 
2831 1561 413 1635 29 
2832 443 419 430 1483 
2833 1587 131 132 528 
2834 1639 340 40 289 
2835 616 524 554 1527 
2836 276 312 35 1530 
2837 660 646 661 1528 
2838 591 577 527 1521 
2839 745 656 702 1456 
2840 411 368 392 1512 
2841 137 136 1557 572 
2842 1592 746 1504 645 
2843 143 144 630 1611 
2844 582 606 528 1476 
2845 637 144 145 1563 
2846 379 380 381 1479 
2847 457 36 1645 1590 
2848 270 273 274 1488 
2849 662 715 708 1437 
2850 347 312 336 1530 
2851 572 571 575 1478 
2852 370 373 399 1510 
2853 1625 353 11 385 
2854 120 119 1484 487 
2855 383 90 1631 1544 
2856 1612 75 74 386 
2857 555 544 543 1540 
2858 82 81 1567 394 
2859 1561 413 1419 1635 
2860 401 365 403 1544 
2861 150 151 722 1564 
2862 53 54 301 1589 
2863 711 710 708 1449 
2864 758 774 764 1539 
2865 297 1595 42 346 
2866 559 592 558 1376 
2867 110 466 111 1548 
2868 272 325 349 1487 
2869 142 141 1633 629 
2870 63 62 1552 286 
2871 551 131 130 1551 
2872 2 29 1635 413 
2873 62 61 1552 305 
2874 474 15 112 1627 
2875 727 659 751 1462 
2876 390 67 66 1614 
2877 1596 77 11 350 
2878 699 152 153 1554 
2879 773 786 760 1512 
2880 51 50 1624 314 
2881 1578 140 139 638 
2882 1604 410 1426 1634 
2883 705 697 734 1511 
2884 1645 106 1487 4 
2885 363 86 85 1609 
2886 1585 124 125 577 
2887 1629 93 94 364 
2888 688 1619 695 1439 
2889 49 48 320 1553 
2890 503 508 519 1515 
2891 467 466 478 1534 
2892 338 309 326 1504 
2893 271 297 334 1451 
2894 282 54 55 1549 
2895 477 468 106 1487 
2896 69 410 1634 395 
2897 284 293 296 1499 
2898 532 570 516 1538 
2899 270 36 1645 323 
2900 36 4 457 1645 
2901 690 691 689 1543 
2902 1631 382 88 89 
2903 274 273 278 1488 
2904 151 152 650 1598 
2905 582 122 123 1577 
2906 1565 135 134 573 
2907 1570 157 156 659 
2908 493 135 136 1605 
2909 550 586 523 1525 
2910 1645 106 4 457 
2911 1424 1590 1645 270 
2912 1645 106 457 1424 
2913 1590 1488 1623 270 
2914 707 651 706 1474 
2915 439 425 449 1530 
2916 1470 119 118 576 
2917 116 115 1593 471 
2918 726 1628 658 1535 
2919 65 1644 1576 745 
2920 1644 1576 745 1456 
2921 56 57 292 1573 
2922 139 7 745 1644 
2923 571 137 138 1613 
2924 47 46 322 1569 
2925 398 380 363 1536 
2926 1574 30 31 324 
2927 154 153 1560 731 
2928 271 1636 43 1591 
2929 518 563 564 1396 
2930 1596 1643 99 1485 
2931 1578 1644 139 745 
2932 126 1521 125 591 
2933 1637 72 374 73 
2934 78 79 387 1638 
2935 793 158 12 1622 
2936 1578 1644 745 1456 
2937 540 566 539 1516 
2938 529 610 531 1545 
2939 593 133 134 1620 
2940 1639 340 289 1468 
2941 1599 31 32 275 
2942 1586 76 411 9 
2943 114 115 460 1600 
2944 1580 1634 1426 395 
2945 34 35 1603 276 
2946 480 138 15 1588 
2947 141 140 1498 618 
2948 1626 27 28 288 
2949 88 87 369 1617 
2950 293 285 294 1477 
2951 77 1596 393 350 
2952 299 29 28 1561 
2953 298 60 61 1572 
2954 470 113 114 1594 
2955 60 59 1642 277 
2956 47 48 1610 281 
2957 375 92 91 1597 
2958 602 120 121 1562 
2959 86 87 1555 379 
2960 1604 133 10 608 
2961 83 82 1602 391 
2962 36 4 1645 323 
2963 336 312 276 1530 
2964 272 37 4 1487 
2965 352 12 78 1582 
2966 819 133 10 1604 
2967 39 38 327 1568 
2968 5 39 340 1630 
2969 310 309 58 1592 
2970 91 1583 90 356 
2971 38 37 313 1608 
2972 1630 113 5 475 
2973 709 752 707 1537 
2974 400 371 370 1508 
2975 1604 10 80 410 
2976 709 707 708 1537 
2977 658 149 150 1628 
2978 1620 1604 133 819 
2979 65 1644 745 7 
2980 407 85 1 1641 
2981 1579 44 45 280 
2982 289 1595 346 41 
2983 40 5 340 1630 
2984 1621 49 6 341 
2985 1635 81 2 413 
2986 1575 80 79 367 
2987 90 89 383 1631 
2988 748 8 149 1640 
2989 295 1636 43 271 
2990 1635 2 30 344 
2991 640 145 17 1618 
2992 69 1604 410 10 
2993 117 1621 6 641 
2994 1641 1 27 337 
2995 289 1595 41 1639 
2996 310 58 59 1592 
2997 337 1 53 1641 
2998 341 52 6 1621 
2999 1603 33 34 318 
3000 409 380 398 1536 
3001 148 16 639 1615 
3002 17 146 640 1618 
3003 1640 8 66 412 
3004 1586 68 9 411 
3005 1615 16 123 606 
3006 342 7 50 1644 
3007 607 124 9 1586 
3008 157 1618 17 751 
3009 139 7 1644 642 
3010 1616 45 46 315 
3011 1615 132 16 606 
3012 474 116 15 1632 
3013 374 72 1584 351 
3014 1586 76 9 607 
3015 94 8 1640 412 
3016 418 395 70 1580 
3017 1619 1398 695 1439 
3018 2 29 344 1635 
3019 1540 501 543 71 
3020 84 11 385 1625 
3021 1634 70 69 395 
3022 71 72 351 1584 
3023 1618 145 17 751 
3024 383 365 401 1544 
3025 289 41 40 1639 
3026 271 43 42 1591 
3027 57 58 309 1646 
3028 1637 72 73 615 
3029 41 42 1595 346 
3030 70 71 418 1580 
3031 1590 3 36 270 
3032 43 44 1636 295 
3033 1503 498 491 497 
3034 1565 1620 134 814 
3035 496 1497 1503 497 
3036 1503 1497 496 1385 
3037 1603 336 276 1530 
3038 1603 434 445 1410 
3039 1515 1443 1471 1370 
3040 1550 624 1624 51 
3041 430 1505 431 429 
3042 431 1505 430 1483 
3043 300 1483 321 331 
3044 321 1483 300 1366 
3045 1466 321 1366 1427 
3046 1466 1366 321 300 
3047 1483 428 452 1419 
3048 1483 452 428 430 
3049 1572 308 305 298 
3050 1572 308 298 1383 
3051 1490 437 432 1393 
3052 1490 432 437 446 
3053 1489 730 729 1373 
3054 1489 729 730 743 
3055 1517 1370 674 1404 
3056 1517 674 1370 1486 
3057 1559 405 385 355 
3058 1559 405 355 1394 
3059 1515 1377 561 1445 
3060 1515 561 1377 1471 
3061 1482 511 1385 584 
3062 1624 1644 342 50 
3063 496 1385 511 584 
3064 496 511 1385 1455 
3065 677 1542 1377 681 
3066 1377 1542 677 1486 
3067 1436 510 1399 1420 
3068 1436 1399 510 560 
3069 666 1395 667 665 
3070 666 1395 665 1411 
3071 1453 647 697 1383 
3072 1453 697 647 698 
3073 557 1376 1484 558 
3074 1484 1376 557 1470 
3075 1516 542 1408 540 
3076 51 50 624 1624 
3077 375 1469 378 376 
3078 378 1469 375 1402 
3079 1537 1479 1474 1359 
3080 1537 1474 1479 752 
3081 1409 455 109 108 
3082 1409 455 108 456 
3083 1476 623 643 635 
3084 1476 643 623 1462 
3085 1442 402 387 416 
3086 402 1638 387 367 
3087 1492 442 100 420 
3088 1492 100 442 1416 
3089 339 1358 1439 285 
3090 339 1358 285 283 
3091 1457 624 644 1456 
3092 1457 644 624 636 
3093 1512 390 408 1463 
3094 1512 408 390 368 
3095 1561 1626 28 288 
3096 1419 288 1561 299 
3097 1495 105 1392 458 
3098 1495 1392 105 1380 
3099 1535 1564 722 1438 
3100 1535 722 1564 658 
3101 1457 314 345 291 
3102 1457 345 314 1456 
3103 1464 803 798 813 
3104 1565 803 814 798 
3105 1516 542 565 1413 
3106 1516 565 542 540 
3107 1506 111 800 1425 
3108 814 1620 819 1426 
3109 1597 388 356 375 
3110 1597 388 375 1402 
3111 1517 673 674 718 
3112 1517 674 673 1404 
3113 1482 574 538 1444 
3114 1482 538 574 584 
3115 1421 809 796 1384 
3116 1421 796 809 808 
3117 1477 330 335 1408 
3118 1477 335 330 294 
3119 537 1566 525 73 
3120 389 1566 358 1444 
3121 1477 334 1499 1451 
3122 1477 1499 334 293 
3123 1506 799 810 1389 
3124 1506 810 799 816 
3125 319 1483 1410 33 
3126 1620 1604 819 1426 
3127 1565 1620 814 1426 
3128 1410 419 434 445 
3129 1374 1425 484 1396 
3130 1374 1425 1396 1519 
3131 1498 629 633 1405 
3132 1498 633 629 618 
3133 596 543 1580 1540 
3134 596 1580 543 614 
3135 1547 566 565 1516 
3136 1547 565 566 505 
3137 1534 461 469 478 
3138 1534 469 461 1409 
3139 729 1489 699 743 
3140 699 1489 729 1461 
3141 1472 370 362 1508 
3142 1472 370 1508 1510 
3143 1398 339 287 283 
3144 339 1358 283 1398 
3145 1541 583 498 526 
3146 1541 498 583 1407 
3147 313 1568 1468 327 
3148 313 1568 327 38 
3149 1414 617 1515 503 
3150 1414 1448 617 1497 
3151 1414 617 503 499 
3152 1624 1644 1456 342 
3153 470 1600 114 460 
3154 472 1600 460 1433 
3155 1547 486 1374 1493 
3156 1550 624 1457 1624 
3157 1427 54 301 282 
3158 1427 301 54 1589 
3159 1544 1415 1353 1472 
3160 1544 1353 1415 1528 
3161 1520 707 1537 1437 
3162 1520 1537 707 1474 
3163 1504 746 1518 736 
3164 1504 1518 746 1398 
3165 662 1520 707 660 
3166 707 1520 662 1437 
3167 746 1361 692 690 
3168 695 1543 688 1439 
3169 1561 413 366 1419 
3170 1419 1561 344 299 
3171 1532 302 303 304 
3172 1532 303 302 1430 
3173 1548 1355 1374 1392 
3174 1380 1374 1355 1392 
3175 356 1597 375 91 
3176 474 15 1627 1632 
3177 1593 460 471 115 
3178 1593 460 115 1600 
3179 1392 1534 1355 1409 
3180 1392 1534 1409 476 
3181 1498 1633 141 629 
3182 474 1632 1627 1396 
3183 1535 684 694 1514 
3184 1535 694 684 742 
3185 573 1605 493 1464 
3186 573 1605 1464 1565 
3187 1558 1615 148 639 
3188 1558 1476 639 635 
3189 1553 341 1457 320 
3190 520 1553 605 1457 
3191 407 1609 1466 363 
3192 407 1609 363 85 
3193 318 1603 276 34 
3194 350 11 1643 353 
3195 1512 76 1581 392 
3196 1512 524 76 607 
3197 342 1624 314 1456 
3198 1624 642 624 1456 
3199 741 1549 1427 1430 
3200 1625 353 1643 11 
3201 721 1549 54 1427 
3202 1625 353 1416 1643 
3203 1549 54 55 721 
3204 128 756 1446 1491 
3205 802 1426 1638 1442 
3206 756 127 128 1446 
3207 1620 133 134 814 
3208 1491 1551 495 129 
3209 1491 757 129 769 
3210 1643 354 350 353 
3211 129 128 1491 769 
3212 353 1643 1387 1416 
3213 1643 354 353 1387 
3214 1470 628 119 622 
3215 628 118 621 1470 
3216 628 119 118 1470 
3217 759 155 765 1501 
3218 156 155 759 1501 
3219 1642 689 688 647 
3220 60 59 688 1642 
3221 1642 1619 59 688 
3222 63 1467 700 1502 
3223 64 63 700 1502 
3224 1642 647 688 60 
3225 1550 1624 314 51 
3226 1550 624 51 636 
3227 1550 636 641 1457 
3228 636 52 1550 641 
3229 1550 51 52 636 
3230 1551 776 1539 764 
3231 1551 776 764 757 
3232 130 1551 764 757 
3233 764 1551 131 1539 
3234 1551 131 130 764 
3235 1642 1619 688 1439 
3236 744 1552 652 698 
3237 1552 698 62 652 
3238 63 1552 652 1467 
3239 63 62 652 1552 
3240 126 1446 767 1521 
3241 1642 689 647 1383 
3242 767 126 127 1446 
3243 688 1642 1439 1543 
3244 1623 3 270 273 
3245 1553 613 562 1423 
3246 1553 1610 48 281 
3247 1553 1610 281 1423 
3248 1553 1621 1457 341 
3249 49 48 1553 578 
3250 1553 1621 341 49 
3251 1554 1598 650 152 
3252 1554 778 152 777 
3253 777 1554 1461 1489 
3254 777 153 1554 1489 
3255 1554 152 153 777 
3256 740 728 1555 1479 
3257 381 1617 369 379 
3258 1555 740 86 728 
3259 1617 752 651 740 
3260 86 87 740 1555 
3261 1556 724 1388 1405 
3262 1633 619 629 1405 
3263 655 1388 1556 724 
3264 655 1388 724 693 
3265 1633 724 1405 649 
3266 655 1556 143 724 
3267 1556 142 143 724 
3268 1557 807 797 1478 
3269 1557 1372 807 1478 
3270 136 797 1557 806 
3271 1613 797 1557 137 
3272 1613 797 137 815 
3273 137 136 797 1557 
3274 270 1623 273 1488 
3275 1469 1629 364 93 
3276 654 92 1469 696 
3277 1469 726 93 654 
3278 93 92 1469 654 
3279 1607 1558 623 1476 
3280 1607 1558 147 623 
3281 1558 1615 639 1476 
3282 1558 147 148 772 
3283 1558 784 1476 772 
3284 426 1394 1559 1524 
3285 1602 426 1559 1524 
3286 1602 426 1524 422 
3287 426 84 1559 447 
3288 1559 83 84 426 
3289 1559 442 1394 426 
3290 1559 442 426 447 
3291 1560 779 1489 761 
3292 1560 779 761 765 
3293 761 765 154 1560 
3294 153 761 1560 1489 
3295 154 153 761 1560 
3296 279 1623 273 312 
3297 40 5 1630 611 
3298 141 140 737 1498 
3299 1639 1630 611 40 
3300 1561 1626 288 1419 
3301 1561 1635 1419 344 
3302 1561 29 28 366 
3303 1561 384 1419 366 
3304 1561 1635 344 29 
3305 1562 634 625 1507 
3306 1639 1630 1468 611 
3307 1410 419 445 33 
3308 1562 120 627 1484 
3309 1562 120 121 627 
3310 1611 637 630 1513 
3311 727 1462 1563 1513 
3312 1611 727 1513 655 
3313 727 751 1563 1462 
3314 727 145 1563 751 
3315 1563 144 145 727 
3316 1598 755 1438 1564 
3317 1598 755 1564 151 
3318 1564 1628 658 150 
3319 150 151 1564 755 
3320 624 1624 1456 1457 
3321 1564 771 150 755 
3322 1565 803 798 1464 
3323 1565 803 1464 1426 
3324 1605 798 1565 135 
3325 134 798 1565 814 
3326 798 135 134 1565 
3327 1605 798 135 806 
3328 1566 538 1444 1399 
3329 1612 525 1444 1566 
3330 1612 525 1566 74 
3331 1566 1637 1399 374 
3332 73 74 1566 525 
3333 1566 1637 374 73 
3334 1567 438 422 1524 
3335 1567 1635 413 81 
3336 438 422 82 1567 
3337 1567 1419 438 1524 
3338 1567 450 81 438 
3339 82 81 438 1567 
3340 463 38 1568 464 
3341 475 463 1568 1468 
3342 475 39 1568 463 
3343 39 38 1568 463 
3344 464 1468 1568 463 
3345 1569 612 562 494 
3346 1569 612 494 1459 
3347 1569 562 47 494 
3348 1569 494 604 1459 
3349 46 1569 494 604 
3350 47 46 1569 494 
3351 156 770 1570 1501 
3352 770 1462 1570 1501 
3353 1603 1410 33 318 
3354 1641 85 1 750 
3355 770 157 156 1570 
3356 1485 1622 1596 393 
3357 1596 789 99 793 
3358 1571 1586 411 68 
3359 1571 786 68 773 
3360 67 68 773 1571 
3361 1642 348 277 1439 
3362 1572 1552 61 305 
3363 1642 647 60 1572 
3364 1572 60 61 647 
3365 1453 1572 647 1383 
3366 1572 1552 305 1453 
3367 1573 1360 720 1504 
3368 1573 1360 1504 1532 
3369 653 720 1573 1430 
3370 1646 292 309 57 
3371 653 56 1573 720 
3372 1646 292 57 1573 
3373 56 57 1573 720 
3374 1599 424 1574 1419 
3375 1574 1635 30 344 
3376 1599 452 1483 443 
3377 1574 1635 344 1419 
3378 424 30 31 1574 
3379 402 1638 367 1426 
3380 801 819 1575 1426 
3381 1638 801 1426 802 
3382 819 80 801 1575 
3383 801 80 79 1575 
3384 1576 64 656 1502 
3385 656 1456 1576 1502 
3386 745 1576 656 1456 
3387 65 656 745 1576 
3388 65 64 656 1576 
3389 1577 620 1476 1507 
3390 1577 625 620 1507 
3391 1577 625 122 620 
3392 1577 1615 123 606 
3393 1577 1615 606 1476 
3394 1577 122 123 620 
3395 1578 702 140 1498 
3396 1578 1456 702 1498 
3397 745 702 1578 1456 
3398 702 139 745 1578 
3399 702 140 139 1578 
3400 1579 1636 44 295 
3401 541 1579 479 1522 
3402 1616 280 315 1522 
3403 1579 1636 295 1408 
3404 1616 545 604 479 
3405 479 44 45 1579 
3406 596 1580 614 521 
3407 3 1623 35 312 
3408 1580 71 543 614 
3409 1580 1634 395 70 
3410 1580 521 70 614 
3411 70 71 1580 614 
3412 1641 1609 750 1466 
3413 419 32 33 1483 
3414 1641 1609 85 750 
3415 1410 419 33 1483 
3416 524 1512 1581 1527 
3417 524 1581 75 1527 
3418 76 75 524 1581 
3419 1512 76 524 1581 
3420 1582 1638 78 387 
3421 821 1582 158 1442 
3422 1582 1638 387 1442 
3423 1582 158 12 821 
3424 1582 12 78 821 
3425 1583 660 1528 646 
3426 1583 660 646 90 
3427 1583 356 1597 1528 
3428 91 1583 356 1597 
3429 1584 537 615 1637 
3430 1596 1622 77 393 
3431 3 1623 312 273 
3432 1584 72 615 501 
3433 71 72 1584 501 
3434 1585 760 1512 1521 
3435 125 760 1585 1521 
3436 760 124 1585 1512 
3437 760 124 125 1585 
3438 786 1586 124 1512 
3439 787 8 66 1640 
3440 1614 1640 787 66 
3441 1586 124 9 786 
3442 1487 1608 313 37 
3443 1487 464 37 477 
3444 1614 1640 1463 787 
3445 4 106 1487 477 
3446 1487 37 4 477 
3447 132 758 1587 1476 
3448 1587 1476 758 1539 
3449 758 131 1587 1539 
3450 758 131 132 1587 
3451 1631 382 89 383 
3452 706 651 88 1474 
3453 157 1618 751 1570 
3454 396 1631 382 1474 
3455 1570 1618 751 1462 
3456 1613 480 571 1478 
3457 1588 800 818 112 
3458 1588 800 112 1425 
3459 1588 1613 138 818 
3460 1588 15 112 818 
3461 1588 138 15 818 
3462 1589 657 1427 1466 
3463 657 1589 750 1466 
3464 657 1589 53 750 
3465 53 54 1589 657 
3466 1427 1589 54 657 
3467 459 457 95 1590 
3468 77 1622 1596 793 
3469 11 99 793 1596 
3470 459 36 457 1590 
3471 459 3 36 1590 
3472 1636 502 1591 1451 
3473 42 534 1595 1591 
3474 1595 1451 1468 297 
3475 1636 536 581 502 
3476 1591 43 42 502 
3477 1619 310 333 59 
3478 1592 746 645 695 
3479 1619 310 59 1592 
3480 58 1592 645 695 
3481 1592 58 59 695 
3482 449 1623 3 95 
3483 449 1623 95 1530 
3484 1563 1618 751 145 
3485 35 1603 276 1530 
3486 1563 1618 1462 751 
3487 1632 474 1593 1433 
3488 492 1593 567 1433 
3489 474 116 1632 1593 
3490 116 115 492 1593 
3491 1593 567 115 492 
3492 1600 522 1468 1594 
3493 1594 1630 475 113 
3494 1594 611 113 522 
3495 1594 113 114 522 
3496 1600 522 1594 114 
3497 1595 1451 297 1591 
3498 1595 568 588 1468 
3499 297 42 1595 1591 
3500 1595 534 41 588 
3501 41 42 534 1595 
3502 77 1622 12 393 
3503 1596 789 793 1622 
3504 793 77 11 1596 
3505 1595 1451 1591 534 
3506 1551 1422 757 1491 
3507 762 147 146 1607 
3508 1607 146 762 785 
3509 785 762 1607 1462 
3510 130 129 1551 757 
3511 1491 757 1551 129 
3512 696 1402 1597 1469 
3513 1571 1614 1512 773 
3514 1597 735 696 646 
3515 1469 1597 696 92 
3516 1597 735 646 1528 
3517 1597 646 696 91 
3518 1597 92 91 696 
3519 1598 781 755 778 
3520 1598 755 151 778 
3521 1598 781 778 1461 
3522 1554 778 1461 1598 
3523 151 152 1598 778 
3524 1554 778 1598 152 
3525 1599 424 443 31 
3526 1599 424 31 1574 
3527 1599 452 443 424 
3528 443 1599 32 1483 
3529 443 31 32 1599 
3530 1600 522 114 567 
3531 1600 568 522 567 
3532 1600 568 567 1433 
3533 1593 1600 567 1433 
3534 114 115 1600 567 
3535 1593 1600 115 567 
3536 1601 765 1501 1546 
3537 1601 1403 765 1546 
3538 1601 1560 765 1403 
3539 1601 155 1501 765 
3540 1571 1614 67 390 
3541 1601 1560 154 765 
3542 155 154 765 1601 
3543 1602 426 422 83 
3544 1602 426 83 1559 
3545 1602 1567 422 1524 
3546 1602 1567 82 422 
3547 83 82 422 1602 
3548 1603 434 1410 1530 
3549 1603 445 425 34 
3550 34 35 425 1603 
3551 1617 740 87 1555 
3552 35 425 1603 1530 
3553 69 1604 10 608 
3554 1575 1604 1426 819 
3555 1575 1604 819 80 
3556 67 1614 1571 773 
3557 819 10 80 1604 
3558 1605 1557 1464 806 
3559 1605 1557 806 136 
3560 1605 798 806 1464 
3561 1605 798 1464 1565 
3562 1605 135 136 806 
3563 1571 786 1586 68 
3564 786 68 9 1586 
3565 1484 1470 119 622 
3566 1571 786 1512 1586 
3567 120 119 622 1484 
3568 1562 1577 1507 625 
3569 1562 1577 625 122 
3570 122 121 625 1562 
3571 1639 41 40 588 
3572 1639 1595 41 588 
3573 1606 1457 621 1470 
3574 611 1639 40 588 
3575 1470 1606 118 621 
3576 588 611 1639 1468 
3577 1606 641 117 621 
3578 621 118 117 1606 
3579 1607 762 772 1462 
3580 772 1607 1462 1476 
3581 762 772 147 1607 
3582 772 1558 1607 1476 
3583 772 1558 147 1607 
3584 1608 464 1386 1468 
3585 464 1608 1386 1487 
3586 1608 1568 38 464 
3587 1608 1568 464 1468 
3588 1639 1595 588 1468 
3589 38 37 1608 464 
3590 1487 464 1608 37 
3591 1609 728 1466 1479 
3592 1609 1555 728 1479 
3593 1609 1555 86 728 
3594 1609 750 728 85 
3595 1609 86 85 728 
3596 1609 750 1466 728 
3597 1569 1610 562 1423 
3598 1569 1610 47 562 
3599 47 48 562 1610 
3600 1553 562 48 1610 
3601 1553 562 1610 1423 
3602 1611 1556 655 1513 
3603 1611 727 655 144 
3604 1611 1556 143 655 
3605 143 144 1611 655 
3606 1611 727 144 1563 
3607 1573 1549 653 1430 
3608 1573 1549 56 653 
3609 1549 55 56 653 
3610 802 1582 78 821 
3611 802 1582 821 1442 
3612 1612 525 74 554 
3613 1612 1444 554 1527 
3614 1612 525 554 1444 
3615 1612 554 75 1527 
3616 554 75 74 1612 
3617 1613 815 818 1478 
3618 1613 797 815 1478 
3619 1613 797 1478 1557 
3620 138 1613 815 818 
3621 1613 137 138 815 
3622 1614 773 763 1463 
3623 763 1614 67 773 
3624 1614 763 787 1463 
3625 66 787 1614 763 
3626 1614 67 66 763 
3627 543 71 1580 1540 
3628 12 1622 77 793 
3629 1638 801 802 79 
3630 1463 1614 1512 390 
3631 1615 784 132 1476 
3632 78 79 1638 802 
3633 1638 801 79 1575 
3634 784 132 16 1615 
3635 1616 545 479 1522 
3636 1569 1616 1459 604 
3637 1569 1616 604 46 
3638 1616 479 604 45 
3639 604 45 46 1616 
3640 1616 479 45 1579 
3641 1617 752 740 1479 
3642 88 1617 1474 651 
3643 1617 740 651 87 
3 2 4 1334
3644 924 923 1654 1655 
3645 1655 1653 907 920 
3646 740 1647 1694 1649 
3647 932 662 924 1654 
3648 924 1654 715 1655 
3649 1686 1708 198 969 
3650 924 980 921 1655 
3651 740 714 1647 1649 
3652 662 1654 932 1656 
3653 1662 854 1647 1649 
3654 1662 854 1649 858 
3655 963 1647 1652 1649 
3656 740 714 752 1647 
3657 923 1651 1654 1655 
3658 708 1654 1651 1655 
3659 971 1653 907 1657 
3660 907 1653 746 1657 
3661 1649 1699 853 861 
3662 907 1655 920 919 
3663 1707 828 825 842 
3664 858 1662 1691 1649 
3665 1647 1649 714 1652 
3666 59 58 842 1707 
3667 828 59 842 1707 
3668 663 1655 980 924 
3669 924 921 923 1655 
3670 1662 963 1649 1647 
3671 754 733 692 1655 
3672 907 1655 919 754 
3673 1680 1707 825 1657 
3674 657 1695 1648 1649 
3675 657 1716 1695 1649 
3676 1647 714 709 1652 
3677 923 922 1651 1655 
3678 966 663 924 662 
3679 1673 1699 1649 861 
3680 662 715 924 1654 
3681 969 198 20 1708 
3682 1664 854 1647 857 
3683 1673 740 1694 1649 
3684 966 660 662 1656 
3685 1662 854 858 860 
3686 1664 740 651 1647 
3687 1695 721 1648 1667 
3688 663 1655 924 715 
3689 966 662 932 1656 
3690 1655 907 1653 692 
3691 1662 854 860 1647 
3692 711 708 1651 1655 
3693 746 907 692 1653 
3694 1695 1658 1648 1649 
3695 871 1706 139 7 
3696 966 663 662 661 
3697 695 907 746 1657 
3698 966 660 1656 881 
3699 1662 963 1647 944 
3700 925 923 1651 1654 
3701 750 728 1673 1649 
3702 822 1658 1695 1649 
3703 708 1652 1651 1654 
3704 668 919 980 1655 
3705 1680 1707 1657 695 
3706 710 1651 708 1652 
3707 1673 740 1649 728 
3708 932 966 924 662 
3709 1680 907 1657 878 
3710 922 1653 1651 1655 
3711 90 660 1705 1656 
3712 1660 736 1650 1657 
3713 752 651 740 1647 
3714 891 1652 1648 1649 
3715 653 1667 1681 1648 
3716 925 1651 1652 1654 
3717 822 1658 1649 837 
3718 1647 1652 709 1654 
3719 1652 741 1651 1648 
3720 736 1653 1650 1657 
3721 980 943 665 663 
3722 1660 736 1657 645 
3723 1652 741 1648 713 
3724 665 668 980 663 
3725 661 646 881 735 
3726 966 959 881 1656 
3727 653 1667 1648 721 
3728 918 896 734 899 
3729 1652 741 713 710 
3730 891 1652 979 1648 
3731 666 665 935 917 
3732 891 1652 1649 963 
3733 1656 953 1647 1654 
3734 1658 823 1648 831 
3735 831 1658 1682 1648 
3736 1701 830 1668 1650 
3737 1710 1715 140 872 
3738 668 715 733 1655 
3739 918 754 919 668 
3740 657 1716 1649 750 
3741 1681 653 1648 1650 
3742 663 1655 715 668 
3743 925 923 922 1651 
3744 740 728 714 1649 
3745 961 1651 922 1653 
3746 1698 651 1647 1664 
3747 1648 1650 741 1651 
3748 946 1648 957 1650 
3749 747 1651 1653 1655 
3750 1691 853 858 1649 
3751 712 1651 1650 1653 
3752 689 690 688 894 
3753 1658 837 1702 1649 
3754 689 688 883 894 
3755 674 677 905 902 
3756 709 710 708 1652 
3757 1707 1657 58 842 
3758 1650 1651 961 1653 
3759 661 881 930 735 
3760 883 895 647 689 
3761 701 1683 656 892 
3762 723 962 931 908 
3763 683 914 913 678 
3764 1658 823 831 829 
3765 690 893 688 894 
3766 893 688 695 690 
3767 1652 741 710 1651 
3768 715 662 924 663 
3769 715 1654 708 1655 
3770 691 918 734 899 
3771 957 1652 1651 1648 
3772 64 1683 1659 656 
3773 689 883 895 894 
3774 911 683 912 913 
3775 647 688 883 689 
3776 657 1648 713 1649 
3777 664 663 943 661 
3778 943 930 664 661 
3779 831 1648 1682 1650 
3780 932 924 923 1654 
3781 896 895 894 734 
3782 957 1650 1648 1651 
3783 1677 735 933 881 
3784 709 1652 708 1654 
3785 721 713 657 1648 
3786 1698 857 1664 1647 
3787 971 907 878 1657 
3788 901 948 906 673 
3789 672 948 901 673 
3790 945 1650 961 1653 
3791 945 1650 1653 1657 
3792 735 717 749 978 
3793 719 683 912 911 
3794 674 905 677 718 
3795 683 914 678 669 
3796 1668 830 831 1650 
3797 921 980 919 1655 
3798 901 900 672 674 
3799 654 1686 1670 952 
3800 887 946 957 1650 
3801 666 935 665 667 
3802 683 914 669 912 
3803 893 883 688 894 
3804 900 897 675 949 
3805 1683 939 176 177 
3806 140 1715 702 1675 
3807 883 895 950 647 
3808 1668 946 887 1650 
3809 735 749 696 978 
3810 899 671 667 948 
3811 903 902 675 900 
3812 907 690 754 918 
3813 1656 953 1654 932 
3814 660 646 881 661 
3815 913 911 683 972 
3816 889 696 749 978 
3817 1701 887 1650 1668 
3818 948 671 667 670 
3819 712 747 1651 1653 
3820 90 1705 660 1684 
3821 891 1652 963 979 
3822 961 1650 957 1651 
3823 900 672 705 898 
3824 889 654 1670 952 
3825 140 1715 870 872 
3826 701 1683 892 939 
3827 697 647 895 689 
3828 1647 709 714 752 
3829 907 1655 754 692 
3830 741 1650 712 1651 
3831 1677 735 881 646 
3832 822 1658 837 829 
3833 723 962 908 716 
3834 900 705 897 898 
3835 676 908 680 904 
3836 712 1650 736 1653 
3837 931 1685 1671 967 
3838 749 654 696 889 
3839 713 1649 1648 1652 
3840 1680 907 878 893 
3841 908 676 903 904 
3842 842 825 1707 1657 
3843 1683 892 939 177 
3844 930 943 966 661 
3845 690 695 893 907 
3846 894 918 896 734 
3847 664 930 917 717 
3848 1698 862 857 1647 
3849 1693 941 724 882 
3850 156 1689 851 850 
3851 1696 840 834 61 
3852 926 667 935 899 
3853 957 1652 1648 979 
3854 741 1648 653 1650 
3855 943 665 926 980 
3856 948 672 670 673 
3857 827 1648 831 1650 
3858 661 930 664 735 
3859 895 698 950 647 
3860 747 711 1651 1655 
3861 675 900 902 674 
3862 730 906 673 905 
3863 918 754 668 691 
3864 717 735 930 978 
3865 671 691 734 899 
3866 734 689 894 691 
3867 1706 871 139 1675 
3868 930 966 881 661 
3869 917 665 943 664 
3870 665 668 926 980 
3871 1670 696 654 889 
3872 1663 942 182 1687 
3873 903 900 675 949 
3874 903 675 902 676 
3875 683 914 912 913 
3876 663 943 665 664 
3877 724 941 655 693 
3878 870 1715 140 1675 
3879 154 1661 849 848 
3880 670 906 948 673 
3881 677 680 929 904 
3882 1708 94 1686 866 
3883 150 1663 845 843 
3884 663 1655 668 980 
3885 935 899 667 948 
3886 675 672 705 900 
3887 957 1652 979 925 
3888 881 930 735 933 
3889 668 926 918 739 
3890 897 682 675 949 
3891 918 690 754 691 
3892 670 912 906 719 
3893 912 906 948 670 
3894 870 1715 200 872 
3895 948 669 935 912 
3896 854 857 860 1647 
3897 933 735 696 978 
3898 666 914 935 669 
3899 675 705 897 900 
3900 900 675 672 674 
3901 894 689 690 691 
3902 652 1676 62 1666 
3903 972 911 683 729 
3904 934 897 697 895 
3905 943 980 924 663 
3906 728 750 657 1649 
3907 701 1683 939 700 
3908 879 1688 699 1665 
3909 1704 954 1669 727 
3910 917 664 717 666 
3911 690 746 695 907 
3912 1693 941 882 965 
3913 824 1701 1657 1650 
3914 968 753 722 938 
3915 691 668 918 739 
3916 901 902 900 674 
3917 895 934 698 697 
3918 831 1658 829 168 
3919 679 903 675 949 
3920 1693 724 1671 882 
3921 699 972 879 650 
3922 919 907 754 918 
3923 1700 860 1647 1662 
3924 1663 977 886 942 
3925 674 673 901 905 
3926 199 1715 870 1675 
3927 1708 94 866 8 
3928 690 692 746 907 
3929 824 1701 1650 830 
3930 931 1685 967 888 
3931 704 652 939 964 
3932 1704 975 965 954 
3933 1683 835 1659 177 
3934 716 676 908 680 
3935 898 672 671 948 
3936 909 962 738 716 
3937 1660 736 645 720 
3938 1669 877 145 1717 
3939 684 694 915 977 
3940 934 697 897 682 
3941 894 918 734 691 
3942 91 1677 864 859 
3943 659 975 890 956 
3944 895 698 647 697 
3945 734 898 899 896 
3946 734 899 898 671 
3947 723 962 716 703 
3948 928 724 882 931 
3949 1681 824 1660 1650 
3950 968 913 915 684 
3951 649 723 931 724 
3952 909 679 903 716 
3953 919 926 918 668 
3954 935 665 926 917 
3955 906 719 911 730 
3956 1656 953 932 885 
3957 977 684 694 742 
3958 673 718 730 905 
3959 1703 849 155 1661 
3960 684 968 913 753 
3961 677 929 680 681 
3962 928 724 931 723 
3963 931 1671 882 967 
3964 913 678 915 684 
3965 916 914 666 678 
3966 879 1688 1665 185 
3967 948 669 912 670 
3968 914 917 916 666 
3969 861 854 858 1649 
3970 1663 977 942 742 
3971 716 676 903 908 
3972 894 690 893 907 
3973 677 947 718 905 
3974 683 912 669 719 
3975 947 677 902 905 
3976 738 909 704 940 
3977 710 711 708 1651 
3978 716 903 909 908 
3979 720 1681 1660 1650 
3980 889 933 696 978 
3981 907 894 690 918 
3982 699 972 650 729 
3983 918 894 690 691 
3984 653 741 721 1648 
3985 909 704 679 738 
3986 831 1658 168 1682 
3987 1666 700 939 1683 
3988 1695 1716 822 1649 
3989 1666 700 1683 63 
3990 652 1676 1666 880 
3991 683 678 913 684 
3992 933 930 735 978 
3993 928 724 723 693 
3994 902 676 675 674 
3995 91 1677 1684 646 
3996 1695 1658 829 823 
3997 1678 822 1716 1649 
3998 886 1690 722 1663 
3999 948 669 670 667 
4000 960 654 889 952 
4001 928 693 680 929 
4002 920 907 971 1653 
4003 729 976 911 730 
4004 649 1671 1685 142 
4005 1693 941 965 655 
4006 654 1686 952 726 
4007 666 935 667 669 
4008 1710 703 888 1685 
4009 898 734 671 705 
4010 926 667 899 739 
4011 1704 975 954 727 
4012 150 1663 1687 658 
4013 1717 145 17 877 
4014 917 717 916 666 
4015 679 744 964 949 
4016 948 669 667 935 
4017 934 698 950 895 
4018 906 670 719 673 
4019 934 964 744 949 
4020 1661 849 848 186 
4021 666 717 916 678 
4022 156 1689 1703 732 
4023 739 918 691 899 
4024 699 976 936 879 
4025 909 962 716 908 
4026 1683 835 177 838 
4027 939 652 704 700 
4028 911 719 683 729 
4029 729 976 730 743 
4030 700 1683 64 656 
4031 858 1662 860 191 
4032 925 1652 953 1654 
4033 681 680 693 929 
4034 953 1652 1647 1654 
4035 966 932 959 1656 
4036 645 1660 720 57 
4037 929 725 681 956 
4038 692 690 754 907 
4039 723 908 928 680 
4040 948 672 671 670 
4041 930 664 735 717 
4042 679 964 704 909 
4043 1710 703 1685 737 
4044 961 945 887 1650 
4045 913 683 684 753 
4046 1704 975 727 655 
4047 843 1663 845 182 
4048 699 1688 936 731 
4049 929 956 681 937 
4050 905 730 906 910 
4051 652 880 939 964 
4052 720 1681 1650 653 
4053 972 683 913 753 
4054 938 722 968 886 
4055 651 1664 87 740 
4056 713 714 1649 1652 
4057 824 1701 830 833 
4058 890 975 727 954 
4059 699 972 729 976 
4060 1717 1669 1692 751 
4061 664 917 665 666 
4062 699 1688 731 153 
4063 1677 735 646 696 
4064 898 900 672 901 
4065 822 1658 829 1695 
4066 723 962 703 931 
4067 698 1696 1676 950 
4068 648 1703 1661 884 
4069 1683 892 177 1659 
4070 673 674 718 905 
4071 652 1676 880 698 
4072 827 831 830 1650 
4073 722 684 968 977 
4074 707 1647 709 1654 
4075 678 915 914 913 
4076 659 956 890 951 
4077 1689 188 851 850 
4078 1663 977 742 722 
4079 936 1661 731 1688 
4080 847 1688 185 1665 
4081 720 1681 653 56 
4082 717 930 917 916 
4083 722 650 1690 938 
4084 1664 854 857 87 
4085 957 1652 925 1651 
4086 1675 892 970 955 
4087 1666 700 63 652 
4088 744 698 880 934 
4089 1666 700 652 939 
4090 929 725 956 941 
4091 1711 1717 17 877 
4092 653 1667 721 55 
4093 888 703 702 981 
4094 897 682 705 675 
4095 685 929 937 947 
4096 968 972 753 938 
4097 899 898 671 948 
4098 929 947 677 904 
4099 858 853 861 1649 
4100 154 1661 1688 731 
4101 1660 736 720 1650 
4102 685 929 947 677 
4103 942 182 1687 181 
4104 694 978 717 916 
4105 909 964 704 940 
4106 927 718 910 687 
4107 730 911 906 910 
4108 940 738 962 701 
4109 701 939 940 704 
4110 1700 944 1662 1647 
4111 671 739 691 899 
4112 913 968 972 753 
4113 1711 1692 1717 877 
4114 653 1667 55 1681 
4115 701 939 704 700 
4116 904 677 676 902 
4117 682 934 744 949 
4118 1696 840 61 1676 
4119 699 972 976 879 
4120 682 698 934 697 
4121 936 927 687 884 
4122 824 1701 833 1657 
4123 1700 860 1662 192 
4124 659 956 951 686 
4125 858 1662 191 1691 
4126 703 1685 737 649 
4127 1666 880 939 652 
4128 676 903 675 679 
4129 712 747 711 1651 
4130 879 650 972 938 
4131 660 1684 881 646 
4132 969 942 1687 181 
4133 1680 907 893 695 
4134 729 683 972 753 
4135 929 725 941 693 
4136 655 965 975 941 
4137 1704 143 875 1693 
4138 1711 1674 751 1692 
4139 962 981 940 701 
4140 823 831 827 1648 
4141 877 1669 1692 1717 
4142 724 941 693 928 
4143 1699 841 1716 1678 
4144 1656 953 885 1647 
4145 53 1699 841 1716 
4146 679 676 903 716 
4147 650 722 753 938 
4148 1666 1676 62 839 
4149 155 648 1703 1661 
4150 879 699 650 1665 
4151 53 1699 1716 750 
4152 725 655 975 941 
4153 701 981 892 702 
4154 952 960 654 726 
4155 908 723 716 680 
4156 852 1674 1692 189 
4157 916 694 915 678 
4158 744 652 704 964 
4159 156 1689 732 659 
4160 847 1688 1665 153 
4161 1673 740 728 86 
4162 906 901 673 905 
4163 917 665 926 943 
4164 948 898 672 901 
4165 920 1653 922 1655 
4166 935 914 912 669 
4167 718 730 910 687 
4168 898 734 705 897 
4169 910 905 718 927 
4170 935 917 914 666 
4171 832 1716 1695 53 
4172 730 976 911 910 
4173 1710 703 737 702 
4174 707 1654 662 1656 
4175 908 928 680 904 
4176 929 680 928 904 
4177 184 1665 1709 846 
4178 957 961 887 1650 
4179 1704 876 1669 204 
4180 673 901 672 674 
4181 718 730 905 910 
4182 654 1686 726 93 
4183 727 144 1669 1704 
4184 719 906 673 730 
4185 912 670 669 719 
4186 719 912 906 911 
4187 832 1716 53 841 
4188 739 926 918 899 
4189 669 666 914 678 
4190 909 679 964 949 
4191 880 652 744 964 
4192 886 722 968 977 
4193 1698 651 1664 88 
4194 901 902 674 905 
4195 1678 841 1716 822 
4196 710 741 712 1651 
4197 650 879 1709 938 
4198 1666 176 1683 939 
4199 717 930 916 978 
4200 649 1671 142 724 
4201 156 1674 851 1689 
4202 911 719 729 730 
4203 655 975 727 725 
4204 151 722 650 1690 
4205 724 941 928 882 
4206 726 942 960 742 
4207 903 679 909 949 
4208 884 685 937 927 
4209 964 744 880 934 
4210 884 685 927 687 
4211 888 1715 702 1710 
4212 937 956 681 686 
4213 703 1685 649 931 
4214 943 930 917 664 
4215 1703 849 1661 187 
4216 919 926 668 980 
4217 704 744 964 679 
4218 154 1661 731 648 
4219 699 1688 153 1665 
4220 1704 143 144 875 
4221 981 962 703 701 
4222 929 725 693 681 
4223 957 946 979 1648 
4224 1693 203 875 1704 
4225 915 968 684 977 
4226 880 652 698 744 
4227 1670 864 868 92 
4228 694 717 978 749 
4229 671 667 739 899 
4230 936 1661 1688 186 
4231 694 960 915 977 
4232 679 682 744 949 
4233 738 703 962 701 
4234 1712 1672 688 1697 
4235 1673 740 86 1694 
4236 1670 197 1686 865 
4237 947 685 718 927 
4238 656 701 892 702 
4239 705 682 897 697 
4240 910 730 976 743 
4241 686 648 951 732 
4242 1709 879 184 938 
4243 1690 183 845 1663 
4244 905 947 718 927 
4245 910 936 687 743 
4246 979 946 891 1648 
4247 950 880 698 934 
4248 199 1715 1675 955 
4249 747 1653 692 1655 
4250 150 1663 658 722 
4251 696 654 92 1670 
4252 685 929 677 681 
4253 977 722 684 742 
4254 1683 835 838 64 
4255 152 1665 847 846 
4256 1663 942 886 182 
4257 977 960 942 742 
4258 675 682 679 949 
4259 1675 955 1715 702 
4260 902 677 676 674 
4261 831 830 1668 169 
4262 1695 721 1667 54 
4263 710 709 713 1652 
4264 1674 1689 188 851 
4265 703 1685 931 888 
4266 1698 862 1647 1656 
4267 738 962 909 940 
4268 1690 183 938 1709 
4269 888 1715 1710 200 
4270 904 676 903 902 
4271 720 736 712 1650 
4272 1671 202 1685 874 
4273 650 753 972 938 
4274 952 942 960 726 
4275 847 1665 184 846 
4276 1670 197 865 868 
4277 874 201 1685 872 
4278 707 1698 1647 1656 
4279 686 951 659 732 
4280 59 828 1712 1707 
4281 1676 175 1666 880 
4282 659 975 956 725 
4283 92 1677 1670 864 
4284 962 703 738 716 
4285 694 960 977 742 
4286 922 961 957 1651 
4287 884 685 687 648 
4288 923 921 922 1655 
4289 951 937 648 686 
4290 940 981 892 701 
4291 972 729 753 650 
4292 682 897 934 949 
4293 184 1709 938 183 
4294 705 672 671 898 
4295 699 936 743 731 
4296 752 709 707 1647 
4297 939 704 964 940 
4298 947 677 904 902 
4299 1696 840 1676 174 
4300 717 694 916 678 
4301 888 955 981 702 
4302 1704 727 144 655 
4303 1675 892 955 702 
4304 1698 651 88 706 
4305 1700 860 192 862 
4306 21 974 1692 205 
4307 753 684 968 722 
4308 723 908 931 928 
4309 699 152 650 1665 
4310 920 961 922 1653 
4311 679 909 738 716 
4312 1704 975 655 965 
4313 712 711 710 1651 
4314 688 1712 1697 695 
4315 648 937 951 884 
4316 155 1703 648 732 
4317 1666 176 838 1683 
4318 857 862 860 1647 
4319 936 910 976 743 
4320 928 693 929 941 
4321 1668 1682 1650 831 
4322 648 1703 884 951 
4323 645 1660 57 1657 
4324 711 715 708 1655 
4325 1693 203 965 882 
4326 677 676 680 904 
4327 195 859 864 1677 
4328 1710 1715 702 140 
4329 678 694 915 684 
4330 884 685 648 937 
4331 962 703 931 888 
4332 745 656 892 702 
4333 1709 1665 184 879 
4334 956 659 725 686 
4335 739 668 926 665 
4336 685 929 681 937 
4337 741 653 712 1650 
4338 91 1677 92 864 
4339 150 1663 722 1690 
4340 1701 887 1668 170 
4341 725 693 655 941 
4342 737 140 1710 702 
4343 914 916 915 678 
4344 648 1703 951 732 
4345 947 685 677 718 
4346 91 1677 646 696 
4347 1693 941 655 724 
4348 1710 140 141 872 
4349 657 713 714 1649 
4350 1684 1705 881 1714 
4351 955 892 981 702 
4352 931 1685 649 1671 
4353 868 196 864 1670 
4354 1671 202 874 873 
4355 1714 881 194 1705 
4356 730 910 687 743 
4357 747 712 736 1653 
4358 156 1674 1689 659 
4359 1696 1672 834 173 
4360 654 1686 93 1670 
4361 694 654 960 726 
4362 942 952 969 726 
4363 91 1677 696 92 
4364 698 1696 950 647 
4365 736 746 1653 1657 
4366 1674 727 890 659 
4367 723 928 693 680 
4368 927 685 718 687 
4369 652 1676 698 62 
4370 833 826 824 1657 
4371 972 976 911 729 
4372 698 1696 647 61 
4373 956 725 681 686 
4374 828 1672 1697 173 
4375 1710 872 200 1715 
4376 960 694 726 742 
4377 701 703 981 702 
4378 827 830 824 1650 
4379 1677 881 933 195 
4380 958 963 891 1649 
4381 925 953 923 1654 
4382 726 1687 748 969 
4383 1666 176 939 880 
4384 156 1674 659 157 
4385 934 744 698 682 
4386 728 657 714 1649 
4387 1647 1654 707 1656 
4388 681 685 937 686 
4389 1700 1647 862 1656 
4390 962 703 888 981 
4391 915 960 694 916 
4392 940 704 738 701 
4393 741 713 721 1648 
4394 916 960 694 978 
4395 703 723 931 649 
4396 975 956 725 941 
4397 1677 881 1714 1684 
4398 713 709 714 1652 
4399 702 1675 139 140 
4400 958 891 973 1649 
4401 708 715 662 1654 
4402 936 927 910 687 
4403 979 963 925 1652 
4404 1678 841 822 165 
4405 648 937 685 686 
4406 742 726 942 658 
4407 921 919 920 1655 
4408 1677 881 195 1714 
4409 1672 60 1712 688 
4410 963 953 925 1652 
4411 947 685 927 937 
4412 712 653 720 1650 
4413 936 687 743 731 
4414 945 961 971 1653 
4415 945 1653 971 1657 
4416 856 1679 863 1656 
4417 726 1687 969 942 
4418 707 1698 1656 706 
4419 922 957 925 1651 
4420 1669 877 876 145 
4421 852 1674 189 851 
4422 707 709 708 1654 
4423 195 881 194 1714 
4424 877 1669 876 205 
4425 1672 647 1696 60 
4426 157 1674 659 751 
4427 937 951 956 686 
4428 826 825 842 1657 
4429 863 1700 1656 1679 
4430 871 1675 199 870 
4431 1659 836 835 65 
4432 1687 844 843 149 
4433 859 1705 194 856 
4434 151 1690 1713 846 
4435 736 746 747 1653 
4436 706 89 1698 1656 
4437 1659 836 1706 178 
4438 695 746 645 1657 
4439 1687 844 1708 181 
4440 707 1698 706 651 
4441 660 707 662 1656 
4442 1706 139 745 1675 
4443 923 953 932 1654 
4444 1711 1692 751 1717 
4445 1678 841 165 1699 
4446 708 662 707 1654 
4447 651 752 707 1647 
4448 1690 1713 846 1709 
4449 747 692 733 1655 
4450 877 1669 205 1692 
4451 1702 853 1678 164 
4452 885 953 944 1647 
4453 736 645 746 1657 
4454 856 855 89 1656 
4455 1678 164 822 837 
4456 157 1674 852 851 
4457 870 139 871 1675 
4458 85 750 1673 1699 
4459 1691 867 190 858 
4460 751 727 145 1669 
4461 1686 1708 969 748 
4462 656 1659 65 745 
4463 1658 837 829 167 
4464 695 1657 645 58 
4465 657 1716 750 53 
4466 1686 866 865 198 
4467 863 862 855 1656 
4468 653 55 56 1681 
4469 870 139 1675 140 
4470 863 194 1679 856 
4471 863 1700 1679 193 
4472 89 706 660 1656 
4473 863 1700 193 862 
4474 1658 837 167 1702 
4475 747 733 711 1655 
4476 1659 836 178 835 
4477 149 1687 748 658 
4478 728 85 750 1673 
4479 1691 853 1649 1702 
4480 157 1674 751 1711 
4481 171 833 1701 1657 
4482 1709 1665 1713 846 
4483 828 1680 825 172 
4484 152 1665 846 1713 
4485 1713 152 151 846 
4486 863 1700 862 1656 
4487 8 179 866 1708 
4488 179 1708 20 866 
4489 89 660 90 1656 
4490 1687 844 181 843 
4491 748 1686 94 726 
4492 921 920 922 1655 
4493 945 878 171 1657 
4494 57 56 1660 720 
4495 1664 87 88 651 
4496 830 170 1668 169 
4497 721 54 55 1667 
4498 920 971 961 1653 
4499 1680 893 878 172 
4500 959 932 885 1656 
4501 747 746 692 1653 
4502 695 1657 58 1707 
4503 871 1706 7 166 
4504 199 1706 1675 871 
4505 733 715 711 1655 
4506 695 59 1712 1707 
4507 1692 1669 205 974 
4508 1659 836 65 1706 
4509 657 1716 53 1695 
4510 706 707 660 1656 
4511 177 178 835 1659 
4512 702 139 1675 745 
4513 171 825 833 1657 
4514 171 1680 825 1657 
4515 851 188 1674 189 
4516 856 863 855 1656 
4517 1683 64 63 700 
4518 155 154 648 1661 
4519 848 185 1688 186 
4520 1711 751 17 1717 
4521 844 1708 20 179 
4522 59 1712 688 695 
4523 722 151 150 1690 
4524 1676 62 61 698 
4525 829 167 168 1658 
4526 852 21 1692 180 
4527 1708 94 8 748 
4528 1659 65 64 656 
4529 1686 93 94 726 
4530 699 153 152 1665 
4531 1704 143 1693 655 
4532 825 826 833 1657 
4533 199 1706 871 19 
4534 188 1703 187 850 
4535 750 85 1 1699 
4536 1678 164 165 822 
4537 1662 860 191 192 
4538 724 142 143 1671 
4539 1695 54 53 657 
4540 650 152 151 1713 
4541 1671 203 882 202 
4542 197 1686 865 198 
4543 1682 168 831 169 
4544 751 145 17 1717 
4545 87 86 740 1694 
4546 1708 198 20 866 
4547 1687 182 843 181 
4548 1 165 841 1699 
4549 967 201 1685 202 
4550 86 85 728 1673 
4551 1706 7 65 745 
4552 53 1699 750 1 
4553 156 1674 157 851 
4554 727 144 145 1669 
4555 184 846 1709 183 
4556 21 1692 877 205 
4557 872 200 201 1710 
4558 838 1683 176 177 
4559 1708 8 149 748 
4560 1685 142 141 649 
4561 1666 63 62 652 
4562 836 7 65 1706 
4563 654 93 92 1670 
4564 183 845 1663 182 
4565 190 1691 858 191 
4566 178 19 836 1706 
4567 1669 876 205 204 
4568 945 971 878 1657 
4569 1692 1669 974 751 
4570 60 59 1712 688 
4571 836 166 7 1706 
4572 20 1708 844 181 
4573 199 1706 970 1675 
4574 17 157 751 1711 
4575 59 58 1707 695 
4576 1702 190 1691 867 
4577 185 1665 184 847 
4578 21 1692 189 852 
4579 849 1661 187 186 
4580 199 1715 955 200 
4581 1696 834 174 173 
4582 837 18 167 1702 
4583 1666 176 175 839 
4584 174 1676 175 840 
4585 1708 94 748 1686 
4586 1700 862 192 193 
4587 154 153 731 1688 
4588 61 60 1696 647 
4589 864 196 195 1677 
4590 737 140 141 1710 
4591 1701 170 833 171 
4592 1684 90 91 646 
4593 1704 875 204 203 
4594 197 196 868 1670 
4595 194 193 863 1679 
4596 195 1714 194 859 
4597 732 156 155 1703 
4598 1687 149 150 658 
4599 89 88 706 1698 
4600 172 828 1697 173 
4601 171 825 1680 172 
4602 18 164 1702 837 
4603 1685 201 874 202 
4604 57 58 645 1657 
4605 1655 754 668 919 
4606 1655 668 754 733 
4607 1678 1649 837 822 
4608 1675 1706 970 745 
4609 1678 1702 164 837 
4610 1697 1707 828 1680 
4611 1680 1707 828 825 
4612 966 663 661 943 
4613 966 663 943 924 
4614 966 660 881 661 
4615 966 660 661 662 
4616 963 1647 944 953 
4617 963 1647 953 1652 
4618 734 705 897 697 
4619 898 734 897 896 
4620 897 895 734 697 
4621 734 895 897 896 
4622 660 1684 646 90 
4623 90 1705 1684 859 
4624 699 976 729 743 
4625 699 976 743 936 
4626 895 689 734 697 
4627 734 689 895 894 
4628 926 667 739 665 
4629 926 667 665 935 
4630 931 1671 649 724 
4631 931 1671 724 882 
4632 1685 737 649 141 
4633 1710 703 702 888 
4634 89 90 856 1656 
4635 1676 175 840 839 
4636 974 727 954 890 
4637 1674 727 659 751 
4638 659 975 725 727 
4639 659 975 727 890 
4640 701 1683 700 656 
4641 701 939 892 940 
4642 1663 977 722 886 
4643 742 1663 722 658 
4644 1661 687 884 936 
4645 1661 687 936 731 
4646 694 978 889 749 
4647 889 978 694 960 
4648 889 654 694 749 
4649 694 654 889 960 
4650 856 90 1705 1656 
4651 1659 1706 65 745 
4652 726 1687 942 658 
4653 726 1687 658 748 
4654 969 726 1686 748 
4655 1686 726 969 952 
4656 891 1648 1658 1649 
4657 1682 891 1648 1658 
4658 1682 891 1658 168 
4659 973 891 1658 1649 
4660 1658 973 167 891 
4661 1658 167 168 891 
4662 180 1711 17 877 
4663 178 19 1706 970 
4664 178 970 1659 892 
4665 177 178 1659 892 
4666 892 745 1659 656 
4667 1659 745 892 970 
4668 824 1660 1650 1657 
4669 824 1657 57 1660 
4670 824 57 1657 826 
4671 720 1681 56 1660 
4672 1681 824 1650 827 
4673 57 56 824 1660 
4674 1661 1688 186 848 
4675 1703 849 187 850 
4676 936 1661 186 884 
4677 1661 687 731 648 
4678 880 176 175 1666 
4679 1703 884 951 187 
4680 1661 884 187 186 
4681 1662 963 944 958 
4682 1662 963 958 1649 
4683 1700 860 862 1647 
4684 1662 191 958 944 
4685 1700 944 1647 885 
4686 944 1662 191 192 
4687 1663 1687 182 843 
4688 742 1663 658 942 
4689 886 1690 1663 183 
4690 1663 942 1687 658 
4691 886 1690 183 938 
4692 183 1663 886 182 
4693 1664 1694 87 740 
4694 707 1698 651 1647 
4695 1664 1694 740 1647 
4696 1698 862 1656 855 
4697 857 87 88 1664 
4698 180 1692 1711 877 
4699 879 1688 185 936 
4700 847 1688 153 848 
4701 152 1665 1713 650 
4702 1709 1665 650 1713 
4703 1665 153 152 847 
4704 180 21 1692 877 
4705 832 1716 841 822 
4706 696 1677 1670 92 
4707 1666 839 63 838 
4708 1666 176 839 838 
4709 839 63 62 1666 
4710 1695 721 54 657 
4711 823 827 1667 1648 
4712 55 827 1667 823 
4713 1695 721 657 1648 
4714 1667 54 55 823 
4715 1701 830 833 170 
4716 1668 1682 831 169 
4717 1701 830 170 1668 
4718 1668 946 169 887 
4719 1668 170 887 169 
4720 1704 876 204 875 
4721 974 727 751 1669 
4722 974 727 1669 954 
4723 1704 954 965 204 
4724 1669 205 974 954 
4725 954 1669 205 204 
4726 1695 829 822 832 
4727 1670 197 889 952 
4728 1659 1706 970 178 
4729 868 1670 93 865 
4730 933 1670 696 1677 
4731 1670 93 92 868 
4732 1671 203 202 873 
4733 1693 724 655 143 
4734 1671 202 882 967 
4735 1671 874 142 873 
4736 1693 724 143 1671 
4737 1671 142 143 873 
4738 883 1672 893 688 
4739 828 1672 173 834 
4740 883 893 1672 173 
4741 1685 888 201 967 
4742 861 1673 854 1649 
4743 1673 854 86 861 
4744 861 85 1673 1699 
4745 86 85 1673 861 
4746 1674 727 751 974 
4747 1689 890 659 1674 
4748 1689 890 1674 188 
4749 1674 727 974 890 
4750 974 1674 890 189 
4751 1674 188 890 189 
4752 886 1690 938 722 
4753 1675 892 702 745 
4754 1690 650 1709 938 
4755 1675 892 745 970 
4756 955 1675 199 970 
4757 199 1715 200 870 
4758 1696 840 174 834 
4759 880 1676 950 698 
4760 698 1696 61 1676 
4761 1696 950 647 883 
4762 950 175 1676 880 
4763 174 950 175 1676 
4764 933 1670 1677 196 
4765 1677 1714 195 859 
4766 1677 735 696 933 
4767 1677 881 1684 646 
4768 933 1670 196 889 
4769 1677 196 195 933 
4770 1699 1716 750 1649 
4771 1649 1699 1678 853 
4772 853 165 1699 1678 
4773 1678 1702 837 1649 
4774 853 164 165 1678 
4775 1702 853 164 867 
4776 856 1705 1679 1656 
4777 1679 194 1705 856 
4778 959 885 1679 1656 
4779 193 885 1679 959 
4780 194 193 1679 959 
4781 1680 907 695 1657 
4782 1680 1697 172 828 
4783 171 878 1680 1657 
4784 171 1680 878 172 
4785 1697 1707 1680 695 
4786 1667 1681 1648 827 
4787 1667 1681 827 55 
4788 827 1681 1648 1650 
4789 1681 824 827 56 
4790 1681 55 56 827 
4791 1681 824 56 1660 
4792 1682 891 168 946 
4793 1682 1648 946 1650 
4794 1682 891 946 1648 
4795 1668 946 1650 1682 
4796 946 168 1682 169 
4797 1668 946 1682 169 
4798 832 1716 822 1695 
4799 1659 1706 745 970 
4800 1679 194 959 1705 
4801 1666 1683 838 63 
4802 1659 1683 892 656 
4803 838 64 63 1683 
4804 90 1705 859 856 
4805 91 1677 859 1684 
4806 60 59 828 1712 
4807 859 90 91 1684 
4808 1677 1714 859 1684 
4809 1697 1707 695 1712 
4810 1685 1710 737 141 
4811 1685 1671 874 142 
4812 874 142 141 1685 
4813 1685 872 141 874 
4814 1672 60 828 1712 
4815 1686 1670 865 93 
4816 1697 1707 1712 828 
4817 865 93 94 1686 
4818 1686 866 94 865 
4819 1686 866 198 1708 
4820 150 1663 843 1687 
4821 1687 1708 149 748 
4822 828 1672 1712 1697 
4823 1687 1708 748 969 
4824 843 149 150 1687 
4825 1705 959 1679 1656 
4826 888 1715 200 955 
4827 847 1688 848 185 
4828 154 1661 848 1688 
4829 154 153 1688 848 
4830 1685 888 1710 201 
4831 732 951 1689 1703 
4832 1689 659 951 732 
4833 1703 188 1689 850 
4834 1689 890 188 951 
4835 1689 890 951 659 
4836 1690 183 1709 846 
4837 151 1690 846 845 
4838 150 1663 1690 845 
4839 1690 151 150 845 
4840 1691 1662 958 1649 
4841 1691 1662 191 958 
4842 1691 958 973 1649 
4843 1691 958 190 973 
4844 190 958 1691 191 
4845 1710 200 201 888 
4846 888 1715 955 702 
4847 155 154 1661 849 
4848 1704 954 204 1669 
4849 1676 175 839 1666 
4850 840 62 61 1676 
4851 1676 839 840 62 
4852 1692 1674 751 974 
4853 1692 1674 974 189 
4854 965 1704 204 203 
4855 1693 203 1704 965 
4856 21 974 189 1692 
4857 1673 1699 750 1649 
4858 1669 1717 145 751 
4859 1704 876 875 144 
4860 881 959 194 1705 
4861 1669 144 145 876 
4862 1671 203 873 1693 
4863 1693 203 873 875 
4864 1693 143 875 873 
4865 1671 203 1693 882 
4866 143 1693 1671 873 
4867 1694 1647 854 1649 
4868 1673 1694 854 1649 
4869 1673 1694 86 854 
4870 87 86 1694 854 
4871 1664 854 87 1694 
4872 1664 854 1694 1647 
4873 1695 1658 823 1648 
4874 1695 829 832 823 
4875 832 823 54 1695 
4876 1695 823 1667 1648 
4877 823 1667 54 1695 
4878 650 1665 1709 879 
4879 951 188 1689 1703 
4880 185 879 184 1665 
4881 1703 884 187 1661 
4882 188 951 187 1703 
4883 139 1706 745 7 
4884 1706 166 19 836 
4885 1705 881 959 1656 
4886 199 1706 19 970 
4887 1706 871 19 166 
4888 61 60 834 1696 
4889 1687 844 149 1708 
4890 58 1657 826 842 
4891 57 58 1657 826 
4892 844 8 149 1708 
4893 1671 202 967 1685 
4894 1685 1710 872 201 
4895 1672 647 883 1696 
4896 832 54 53 1695 
4897 17 157 1711 852 
4898 852 1711 17 180 
4899 197 196 1670 889 
4900 157 1674 1711 852 
4901 1672 647 60 688 
4902 1672 647 688 883 
4903 1696 950 883 174 
4904 883 1672 1696 173 
4905 883 1696 174 173 
4906 1696 950 174 1676 
4907 1697 1672 688 893 
4908 688 1697 893 695 
4909 1697 1672 893 173 
4910 172 1697 893 173 
4911 1680 893 172 1697 
4912 1680 893 1697 695 
4913 1698 862 855 857 
4914 1698 857 855 88 
4915 1698 89 855 1656 
4916 89 88 1698 855 
4917 1698 857 88 1664 
4918 53 1699 1 841 
4919 853 1699 165 869 
4920 1699 1716 1649 1678 
4921 1 165 1699 869 
4922 1700 944 885 192 
4923 885 1647 1700 1656 
4924 1679 1700 1656 885 
4925 1679 1700 885 193 
4926 885 1700 192 193 
4927 1700 944 192 1662 
4928 945 1701 1650 1657 
4929 171 1701 945 1657 
4930 945 170 1701 171 
4931 1701 887 170 945 
4932 1701 887 945 1650 
4933 1702 190 867 18 
4934 18 164 867 1702 
4935 1691 853 1702 867 
4936 1691 853 867 858 
4937 1702 853 1649 1678 
4938 933 1670 889 696 
4939 1670 1677 196 864 
4940 156 1689 850 1703 
4941 1703 849 850 155 
4942 852 1692 1711 180 
4943 1703 156 155 850 
4944 852 1674 1711 1692 
4945 1702 18 167 973 
4946 1683 835 64 1659 
4947 1658 1702 167 973 
4948 835 65 64 1659 
4949 1658 1702 973 1649 
4950 879 1688 936 699 
4951 1688 185 936 186 
4952 1661 687 648 884 
4953 8 844 179 1708 
4954 1699 85 1 869 
4955 1690 183 846 845 
4956 869 1699 85 861 
4957 1690 650 1713 1709 
4958 861 869 1699 853 
4959 151 1690 650 1713 
4960 20 969 1708 181 
4961 1687 1708 969 181 
4962 1702 190 18 973 
4963 1702 190 973 1691 
4964 1649 1691 1702 973 
4965 1672 834 60 1696 
4966 1693 965 1704 655 
4967 1704 876 144 1669 
4968 1704 143 655 144 
4969 834 60 828 1672 
4970 1670 197 952 1686 
4971 952 1686 198 969 
4972 197 952 1686 198 
4973 1684 1705 1714 859 
4974 859 1714 194 1705 
4975 660 1684 1705 881 
4976 1705 660 881 1656 
4977 1685 872 1710 141 
3 3 4 2868
4978 1786 1778 1757 1740 
4979 1744 1773 1207 1828 
4980 934 897 1762 1876 
4981 1739 1737 1721 1831 
4982 1759 1762 897 1876 
4983 906 1807 1778 1728 
4984 1745 1764 1184 1776 
4985 1253 1771 1783 1823 
4986 1775 1745 1800 1817 
4987 1914 1746 1825 1051 
4988 1823 1783 1835 1736 
4989 1741 972 1886 1882 
4990 940 1800 1745 1817 
4991 1721 1772 1789 1831 
4992 1253 1771 1823 1277 
4993 1759 1728 1740 1847 
4994 972 913 911 1886 
4995 1739 1737 1831 1769 
4996 1719 1770 1765 1815 
4997 1721 1789 1739 1831 
4998 1786 1778 1740 1888 
4999 1738 1813 1757 1890 
5000 1207 1773 1744 1870 
5001 1725 1721 1792 1858 
5002 1736 1783 1771 1823 
5003 1823 1835 1783 1253 
5004 1722 1782 1769 1737 
5005 1741 972 1882 976 
5006 902 1767 1728 1839 
5007 1718 1759 1740 1847 
5008 1721 1725 1785 1858 
5009 1718 1765 1740 1834 
5010 972 1841 913 1886 
5011 902 904 1767 1839 
5012 1721 1772 1749 1789 
5013 1738 1766 1757 1813 
5014 1970 1940 230 1166 
5015 1765 1770 1719 1826 
5016 230 1166 20 1970 
5017 1899 1876 1762 1733 
5018 1233 1248 1235 1789 
5019 1970 1940 1166 1781 
5020 1253 1783 1833 1835 
5021 906 905 1807 1728 
5022 1727 1765 1770 1815 
5023 1938 1955 211 1169 
5024 1740 1765 1730 1834 
5025 1928 981 1800 1745 
5026 1185 1776 1182 1794 
5027 1721 1798 1744 1863 
5028 940 1745 1795 1817 
5029 1783 1835 1898 1833 
5030 1774 1804 1779 1829 
5031 211 1955 18 1169 
5032 894 1811 1762 1850 
5033 972 1882 1758 1886 
5034 962 1839 1795 1837 
5035 1945 1800 939 1817 
5036 1724 1864 1750 1872 
5037 1938 1955 1169 1801 
5038 1724 1734 1864 1872 
5039 1750 1724 1787 1864 
5040 1768 1779 1135 1829 
5041 1724 1833 1787 1864 
5042 1040 1764 1013 1799 
5043 1182 1776 1764 1794 
5044 1735 1744 1798 1863 
5045 1779 1774 1829 1898 
5046 1842 1721 1785 1749 
5047 1742 1798 1721 1863 
5048 1183 1184 1745 1764 
5049 1925 1955 1169 190 
5050 1718 1740 1777 1847 
5051 1721 1737 1772 1831 
5052 910 976 911 1741 
5053 911 913 1778 1886 
5054 912 1757 935 1778 
5055 1143 1768 1829 1787 
5056 1129 1752 1824 1838 
5057 1781 1890 1821 1726 
5058 1269 1787 1833 1864 
5059 1769 1782 1722 1803 
5060 1762 1811 1730 1850 
5061 962 1839 908 1795 
5062 1769 1287 1263 1827 
5063 1750 1269 1247 1864 
5064 972 1758 1841 1886 
5065 1733 1722 1775 1795 
5066 1084 1910 1842 1749 
5067 1786 1778 1888 935 
5068 1850 1906 918 1811 
5069 1925 1955 1801 1169 
5070 1747 1728 1767 1839 
5071 1757 1813 1726 1890 
5072 1928 981 1745 888 
5073 1735 1798 1742 1863 
5074 935 948 912 1778 
5075 1739 1789 1721 1792 
5076 1946 1918 233 1175 
5077 1737 1721 1772 1773 
5078 1129 1797 1752 1838 
5079 1818 1882 1848 1741 
5080 1739 1782 1769 1803 
5081 1850 1906 1811 1730 
5082 1134 1135 1768 1779 
5083 1799 1769 1803 1731 
5084 1738 1779 1766 1813 
5085 1737 1769 1722 1794 
5086 1740 1728 1777 1847 
5087 1842 1721 1749 1789 
5088 1725 1721 1789 1792 
5089 911 1741 1886 1778 
5090 906 1741 911 1778 
5091 1910 1233 1842 1749 
5092 1764 1775 1013 1799 
5093 1233 1749 1256 1772 
5094 1803 1827 1897 1905 
5095 1969 1293 1934 1825 
5096 1724 1872 1750 1885 
5097 1745 1775 1722 1795 
5098 1720 1777 1778 1809 
5099 1744 1773 1721 1863 
5100 1724 1766 1734 1872 
5101 1799 1803 1769 1722 
5102 1803 1897 1827 1739 
5103 1775 1795 1745 1817 
5104 1790 1837 1732 1839 
5105 252 1969 1293 1934 
5106 1775 1800 1017 1817 
5107 1744 1772 1721 1773 
5108 1724 1750 1768 1885 
5109 1734 1766 1724 1852 
5110 1738 1766 1779 1885 
5111 1731 1827 1760 1859 
5112 1752 1754 1729 1838 
5113 1807 1767 947 1894 
5114 902 1767 947 1728 
5115 899 935 1786 1888 
5116 1030 1731 1799 1884 
5117 1720 1778 1777 1900 
5118 894 1762 895 1850 
5119 1248 1789 1772 1831 
5120 1037 1775 1764 1800 
5121 1744 1749 1721 1772 
5122 1074 1091 1848 1882 
5123 1946 1802 1175 232 
5124 1718 1740 1759 1834 
5125 1821 1841 1726 1890 
5126 1182 1794 1764 1845 
5127 1042 1017 1800 1817 
5128 1899 1876 1733 1817 
5129 1014 1040 1013 1799 
5130 252 1969 1934 1215 
5131 1946 1918 1175 1816 
5132 1728 1778 1777 1809 
5133 897 1762 1759 1850 
5134 1746 1764 1722 1794 
5135 1752 1797 1754 1838 
5136 1719 1765 1826 1832 
5137 1818 1882 1741 1871 
5138 1761 1791 1093 1823 
5139 1928 981 888 955 
5140 1022 1762 1811 1855 
5141 1765 1770 1730 1889 
5142 928 1837 1790 1839 
5143 1721 1749 1744 1798 
5144 1030 1799 1010 1884 
5145 245 1959 1942 1295 
5146 936 976 1741 1882 
5147 1730 1770 1765 1826 
5148 1749 1785 1081 1798 
5149 1735 1744 1863 1870 
5150 1153 1738 1779 1844 
5151 1134 1779 1768 1844 
5152 936 1741 910 1807 
5153 1777 1778 1740 1900 
5154 962 1795 1745 1837 
5155 1724 1734 1783 1864 
5156 1764 1775 1745 1800 
5157 1740 1777 1728 1778 
5158 1807 1767 1894 1742 
5159 1786 1826 1765 1832 
5160 935 1786 1757 1877 
5161 1886 913 1757 1841 
5162 1774 1829 1883 1804 
5163 1959 1942 1295 1814 
5164 1812 1827 1769 1731 
5165 1955 190 18 1169 
5166 1724 1779 1766 1885 
5167 1030 1731 1884 1859 
5168 999 998 1000 1840 
5169 1919 894 1811 1762 
5170 1773 1863 1744 1870 
5171 1267 1760 1827 1859 
5172 1721 1785 1749 1798 
5173 1912 939 1945 1800 
5174 960 1841 1821 1890 
5175 1734 1724 1783 1852 
5176 1730 1740 1834 1850 
5177 1954 986 1025 1762 
5178 1919 894 1762 883 
5179 897 895 1762 1850 
5180 1175 1744 1946 1816 
5181 1739 1803 1769 1827 
5182 1084 1785 1749 1842 
5183 1781 1890 1726 1796 
5184 1754 1000 1857 1001 
5185 939 1800 940 1817 
5186 1754 996 1797 1840 
5187 1253 1771 1277 1246 
5188 1765 1834 1718 1889 
5189 1080 1742 1085 1798 
5190 245 1959 1295 22 
5191 1030 1731 1859 1812 
5192 199 1963 1214 1961 
5193 1783 1833 1724 1864 
5194 1850 1906 1730 1786 
5195 1967 1748 878 1875 
5196 1253 1771 1246 1783 
5197 902 904 947 1767 
5198 1912 939 1800 892 
5199 971 878 1748 1875 
5200 1872 1843 1727 1765 
5201 199 1963 1961 970 
5202 1740 1728 1759 1888 
5203 1214 1963 1800 1961 
5204 1219 1744 1816 1870 
5205 1939 1904 1820 1822 
5206 1954 986 174 1025 
5207 1025 174 1954 175 
5208 1724 1766 1872 1885 
5209 906 1728 1778 1888 
5210 1872 1843 1765 1900 
5211 1724 1766 1779 1813 
5212 1081 1749 1084 1785 
5213 1764 1776 1722 1794 
5214 1048 1762 1811 1022 
5215 981 1745 940 1800 
5216 1749 1789 1233 1842 
5217 1752 1729 1824 1838 
5218 1129 1824 1137 1838 
5219 1874 1807 1742 1767 
5220 1863 1742 1878 1767 
5221 1741 972 976 911 
5222 1212 1745 1184 1776 
5223 1743 1774 1103 1835 
5224 1754 1000 1001 998 
5225 1947 990 1764 1800 
5226 1086 1798 1735 1816 
5227 924 943 966 1805 
5228 1153 1779 1738 1796 
5229 1727 1770 1765 1889 
5230 1731 1769 1803 1827 
5231 1190 1773 1207 1870 
5232 1722 1769 1746 1794 
5233 1089 1742 1080 1818 
5234 1940 1921 1781 1970 
5235 964 1899 1817 1876 
5236 1718 1740 1765 1777 
5237 1746 1769 1722 1799 
5238 883 895 894 1762 
5239 1732 1747 1782 1874 
5240 1733 1762 1759 1876 
5241 1812 1827 1731 1859 
5242 906 1741 1778 1807 
5243 1730 1765 1740 1786 
5244 1866 1880 1753 1789 
5245 1265 1769 1746 1812 
5246 1267 1780 1760 1859 
5247 1812 1827 1859 1287 
5248 1928 981 955 1800 
5249 1750 1768 1885 1729 
5250 1080 1785 1742 1798 
5251 1743 1829 1774 1898 
5252 1921 1107 181 1970 
5253 947 1807 1894 927 
5254 181 20 1970 1107 
5255 1923 1954 175 1025 
5256 936 1741 1848 1882 
5257 1233 1789 1234 1842 
5258 1282 1787 1750 1806 
5259 1960 1291 25 244 
5260 1253 1783 1249 1833 
5261 1741 1807 936 1848 
5262 1779 1813 1774 1898 
5263 1086 1816 1735 1904 
5264 1866 1880 1789 1236 
5265 1730 1765 1786 1826 
5266 1721 1785 1742 1858 
5267 1733 1775 1722 1803 
5268 1756 887 957 1875 
5269 1109 1823 1835 1891 
5270 1738 1844 1153 1881 
5271 1754 996 1840 998 
5272 1782 1863 1732 1874 
5273 1726 1779 1774 1804 
5274 994 1042 1017 1800 
5275 1037 1017 1775 1800 
5276 1734 1836 1727 1843 
5277 1850 1906 1786 918 
5278 1089 1742 1818 1848 
5279 1866 1880 1236 1238 
5280 1732 1782 1747 1722 
5281 1750 1885 1872 1729 
5282 1095 1744 1946 1802 
5283 1910 1233 1749 1232 
5284 1184 1764 1182 1776 
5285 1746 1769 1264 1854 
5286 1722 1764 1746 1799 
5287 1732 1795 1839 1837 
5288 1751 1844 1752 1885 
5289 1760 1780 1731 1859 
5290 1199 1794 1182 1845 
5291 1103 1891 1835 1774 
5292 1253 1833 1254 1835 
5293 1736 1808 1761 1852 
5294 928 1839 1790 1878 
5295 1732 1767 1747 1874 
5296 1745 1837 1795 1722 
5297 1740 1778 1728 1888 
5298 1103 1077 1076 1774 
5299 1265 1264 1746 1769 
5300 1866 1880 1238 1753 
5301 1233 1234 1789 1235 
5302 1038 1047 1019 1868 
5303 1727 1286 1830 1873 
5304 939 892 940 1800 
5305 1256 1772 1749 1865 
5306 1721 1742 1785 1798 
5307 1754 1770 1719 1815 
5308 1772 1258 1862 1865 
5309 1745 1764 1722 1775 
5310 1781 1890 1796 960 
5311 1913 990 1947 1800 
5312 1233 1256 1248 1772 
5313 1941 1960 244 1291 
5314 1914 1265 1746 1812 
5315 1923 1954 1025 1899 
5316 894 918 1811 1850 
5317 1129 1752 1131 1824 
5318 1038 1838 1047 1868 
5319 1727 1830 1286 1784 
5320 1946 1744 1175 1802 
5321 1086 1101 1798 1816 
5322 1732 1795 1837 1722 
5323 1812 1827 1287 1769 
5324 1185 1184 1182 1776 
5325 1863 1878 1742 1735 
5326 882 1790 928 1837 
5327 1731 1827 1803 1905 
5328 1103 1891 1774 1076 
5329 1086 1735 1798 1820 
5330 1886 1757 913 1778 
5331 1267 1760 1780 1873 
5332 1212 1745 1776 1837 
5333 1084 1910 1749 1061 
5334 1781 1890 960 1821 
5335 1723 1857 1754 1840 
5336 1789 1248 1262 1831 
5337 1954 1762 1025 1899 
5338 1153 1796 1738 1881 
5339 1085 1798 1742 1820 
5340 1796 1170 1781 1125 
5341 1941 1960 1291 1802 
5342 1184 1212 1183 1745 
5343 1730 1811 1762 1855 
5344 935 899 948 1888 
5345 1259 1831 1772 1862 
5346 1148 1768 1806 1824 
5347 1760 1897 1827 1905 
5348 1764 1794 1746 1845 
5349 990 1037 1764 1800 
5350 1769 1799 1746 1812 
5351 1183 1764 1745 1800 
5352 1080 1742 1785 1818 
5353 21 1217 235 1964 
5354 1796 1170 1125 1150 
5355 1754 1770 1001 1857 
5356 1153 1779 1134 1844 
5357 1746 1014 1799 1845 
5358 1904 1964 235 1217 
5359 997 1038 1754 1838 
5360 1844 1751 1861 1788 
5361 1144 1893 1810 1801 
5362 1720 1761 1808 1852 
5363 1761 1809 1720 1871 
5364 936 910 1741 976 
5365 1774 1779 1726 1813 
5366 1765 1740 1786 1832 
5367 1259 1772 1258 1862 
5368 1051 1746 1014 1799 
5369 1240 1769 1739 1831 
5370 915 1841 960 1890 
5371 1811 1826 1730 1906 
5372 1267 1245 1760 1873 
5373 890 1939 1820 1822 
5374 1759 1834 1740 1850 
5375 1140 1829 1804 1883 
5376 1946 1744 1095 1816 
5377 1132 1824 1752 1844 
5378 1829 1895 1804 1779 
5379 1199 1185 1182 1794 
5380 1853 1854 1292 1862 
5381 1143 1768 1787 1161 
5382 1721 1863 1782 1874 
5383 1066 1940 1781 1116 
5384 1102 1774 1077 1883 
5385 1719 1770 1754 1826 
5386 1772 1831 1737 1862 
5387 1879 1871 1761 1072 
5388 1134 1136 1135 1779 
5389 1720 1808 1871 1886 
5390 1838 1868 1729 1902 
5391 940 1745 962 1795 
5392 1154 1153 1844 1881 
5393 1722 1764 1745 1776 
5394 1914 1265 1812 1290 
5395 1879 1871 1072 1818 
5396 906 1741 1807 910 
5397 1772 1862 1828 1865 
5398 982 1023 1748 1875 
5399 1128 1752 1797 1861 
5400 1010 1799 1793 1884 
5401 1829 1895 1140 1804 
5402 1079 1785 1842 1879 
5403 1964 1822 1217 1904 
5404 1879 1871 1818 1809 
5405 1772 1773 1744 1828 
5406 1030 1731 1812 1799 
5407 1724 1779 1768 1829 
5408 1044 1014 1051 1746 
5409 1757 1778 1720 1900 
5410 1732 1878 1790 1839 
5411 1731 1799 1769 1812 
5412 1743 1835 1103 1846 
5413 1730 1834 1765 1889 
5414 1744 1798 1083 1816 
5415 1774 1883 1829 1743 
5416 934 897 895 1762 
5417 1093 1761 1078 1791 
5418 1256 1749 1802 1865 
5419 1747 1767 1732 1839 
5420 878 1748 1967 1811 
5421 1044 1014 1746 1845 
5422 1913 990 1800 1035 
5423 1770 1855 1730 1889 
5424 1144 1893 1801 1122 
5425 1746 1799 1051 1812 
5426 1786 1832 1757 1877 
5427 1722 1775 1799 1803 
5428 1735 1742 1820 1878 
5429 1724 1768 1787 1829 
5430 1173 1853 1930 1862 
5431 987 1756 1875 169 
5432 936 1848 185 1882 
5433 1255 1743 1297 1846 
5434 1754 1838 1038 1868 
5435 913 1757 1841 914 
5436 1233 1232 1256 1749 
5437 1923 1042 1945 1817 
5438 1087 1804 1781 1849 
5439 1767 1732 1863 1874 
5440 1111 1084 1081 1749 
5441 169 1875 887 1756 
5442 1079 1785 1084 1842 
5443 1793 1799 1775 1803 
5444 1740 1757 1786 1832 
5445 913 1757 914 912 
5446 1719 1815 1765 1872 
5447 251 1932 1296 1936 
5448 1751 1752 1719 1885 
5449 1720 1808 1761 1871 
5450 938 1758 1952 1821 
5451 1238 1866 1753 1869 
5452 1043 986 1022 1762 
5453 1782 1803 1739 1897 
5454 1726 1779 1804 1895 
5455 1732 1863 1782 1737 
5456 922 923 925 1893 
5457 1264 1294 1746 1853 
5458 1733 1803 1722 1901 
5459 1752 1861 1751 1723 
5460 1782 1847 1803 1897 
5461 1808 1852 1898 1813 
5462 1085 1820 1742 1848 
5463 903 904 902 1839 
5464 1939 974 1964 1822 
5465 1904 1939 1964 1822 
5466 1757 1720 1778 1886 
5467 1953 1145 1117 1788 
5468 1148 1133 1768 1824 
5469 1269 1833 1783 1864 
5470 1101 1083 1798 1816 
5471 1724 1768 1779 1885 
5472 1212 1776 1187 1837 
5473 196 1796 1948 889 
5474 1787 1282 1223 1806 
5475 962 940 981 1745 
5476 1803 1897 1718 1905 
5477 1721 1782 1863 1737 
5478 1747 903 1839 1795 
5479 1737 1773 1772 1828 
5480 964 949 934 1876 
5481 1085 1086 1798 1820 
5482 1721 1782 1739 1792 
5483 1723 1857 1840 1748 
5484 1078 1791 1761 1879 
5485 1113 1743 1103 1846 
5486 1923 1042 176 1945 
5487 1037 1013 1764 1775 
5488 1751 1861 1805 1723 
5489 1936 1932 1296 1846 
5490 1953 1145 194 1117 
5491 1736 1835 1823 1891 
5492 1784 1041 1856 1830 
5493 1265 1264 1294 1746 
5494 1240 1739 1769 1827 
5495 189 188 1939 1067 
5496 1170 1796 1781 1895 
5497 979 1756 1801 891 
5498 1844 1861 1751 1752 
5499 1803 1834 1793 1905 
5500 1105 1744 1095 1802 
5501 1103 1891 1076 1109 
5502 1746 1264 1853 1854 
5503 990 1035 1037 1800 
5504 254 1173 1853 1930 
5505 1740 1778 1757 1900 
5506 1240 1831 1739 1880 
5507 1132 1824 1844 1133 
5508 1129 1131 1137 1824 
5509 1724 1766 1813 1852 
5510 987 1756 169 1032 
5511 1750 1269 1864 1787 
5512 1724 1768 1750 1787 
5513 251 1932 1936 1165 
5514 1267 1827 1287 1859 
5515 1779 1796 1726 1890 
5516 1746 1799 1764 1845 
5517 1726 1813 1757 1886 
5518 1261 1769 1240 1831 
5519 1001 1770 1754 1868 
5520 1953 194 193 1117 
5521 1738 1796 1779 1890 
5522 962 1839 1837 931 
5523 1928 888 1745 1837 
5524 1238 1276 1866 1869 
5525 1838 1121 1950 208 
5526 1135 1779 1136 1829 
5527 1751 1738 1844 1885 
5528 899 1786 1850 1888 
5529 1745 1205 1800 1928 
5530 1175 1744 1196 1802 
5531 888 962 981 1745 
5532 1769 1287 1812 1265 
5533 1807 1809 1728 1858 
5534 1770 1856 1855 1889 
5535 1259 1854 1831 1862 
5536 1916 1790 882 1837 
5537 1297 1255 1254 1743 
5538 1091 1074 1090 1882 
5539 1042 176 1945 177 
5540 1751 1788 943 1805 
5541 1793 1803 1733 1834 
5542 1904 1964 1939 1108 
5543 912 914 935 1757 
5544 1219 1744 1870 1207 
5545 1732 1878 1839 1767 
5546 1115 1816 1086 1904 
5547 979 1756 891 946 
5548 1727 1784 1770 1856 
5549 1739 1827 1240 1880 
5550 1253 1249 1254 1833 
5551 1778 1809 1807 1741 
5552 1767 1728 1747 1874 
5553 1788 1805 1751 1861 
5554 1175 1207 1196 1744 
5555 1003 1016 1041 1856 
5556 1745 1205 1928 1178 
5557 1740 1730 1786 1850 
5558 1819 923 1893 1805 
5559 1954 883 1919 1762 
5560 1896 1843 1753 1734 
5561 1237 1236 1789 1880 
5562 979 946 957 1756 
5563 1744 1802 1105 1749 
5564 1102 1077 1113 1883 
5565 1238 1836 1753 1880 
5566 960 1781 952 1796 
5567 1793 1799 1731 1884 
5568 1735 1820 1086 1904 
5569 1774 1835 1736 1891 
5570 1794 1853 1200 1862 
5571 1720 1808 1813 1852 
5572 1953 1763 1117 193 
5573 1102 1804 1774 1883 
5574 964 1817 1795 1876 
5575 1930 254 1292 1853 
5576 1806 1824 1729 1903 
5577 1797 1028 1810 1840 
5578 1761 1823 1093 1891 
5579 959 1763 932 1788 
5580 1083 1081 1798 1749 
5581 1790 1210 1892 1837 
5582 1819 1723 1906 1805 
5583 1152 1829 1140 1883 
5584 1765 1740 1832 1900 
5585 1108 189 1939 1067 
5586 1761 1771 1725 1791 
5587 928 929 1839 1878 
5588 1896 1843 1734 1777 
5589 1761 1771 1736 1852 
5590 208 209 1121 1950 
5591 906 901 1728 1888 
5592 1770 1856 1784 1868 
5593 1842 1721 1789 1725 
5594 943 1788 966 1805 
5595 1767 1839 929 1878 
5596 1250 1727 1784 1851 
5597 1084 1910 1061 1112 
5598 1255 1835 1743 1846 
5599 1011 1793 1010 1799 
5600 1750 1269 1787 1282 
5601 1231 1746 1294 1825 
5602 1785 1725 1842 1879 
5603 1176 1764 1183 1800 
5604 1103 1891 1109 1835 
5605 1831 1854 1737 1862 
5606 1754 1752 1719 1723 
5607 1786 1730 1826 1906 
5608 1794 1854 1853 1862 
5609 912 911 913 1778 
5610 1211 1828 1862 1865 
5611 1277 1791 1771 1823 
5612 1751 1738 1788 1844 
5613 1744 1735 1816 1870 
5614 1784 1856 1016 1868 
5615 1784 1041 1830 1018 
5616 1744 1196 1802 1865 
5617 1727 1765 1815 1872 
5618 1051 1044 1746 1825 
5619 1772 1744 1749 1865 
5620 1733 1722 1795 1901 
5621 1277 1791 1823 1220 
5622 956 1822 1820 1878 
5623 1250 1286 1784 1727 
5624 1916 1210 1790 1837 
5625 1262 1831 1240 1880 
5626 1734 1777 1852 1896 
5627 1741 1720 1886 1778 
5628 1292 1853 1227 1854 
5629 1003 1016 1856 1868 
5630 1173 1200 1853 1862 
5631 1741 1720 1778 1809 
5632 1740 1850 1786 1888 
5633 1143 1768 1161 1135 
5634 1115 1101 1086 1816 
5635 1754 1797 997 1838 
5636 1754 996 998 997 
5637 1912 1945 177 1042 
5638 1722 1775 1764 1799 
5639 987 1756 1032 1052 
5640 1095 1744 1083 1816 
5641 903 1728 900 1876 
5642 1727 1770 1784 1815 
5643 1098 1103 1835 1846 
5644 1087 1804 1849 1102 
5645 1836 1238 1239 1880 
5646 1768 1844 1779 1885 
5647 1939 1820 1067 188 
5648 1724 1783 1852 1898 
5649 1187 1837 1776 1892 
5650 1809 1858 1818 1879 
5651 1778 1807 1809 1728 
5652 1750 1269 1282 1247 
5653 1746 1199 1794 1853 
5654 962 1745 888 1837 
5655 1950 1797 1121 1838 
5656 894 895 896 1850 
5657 1231 1265 1294 1746 
5658 1734 1852 1777 1900 
5659 1083 1798 1744 1749 
5660 1802 1749 1744 1865 
5661 1254 1743 1255 1835 
5662 957 1819 1893 1756 
5663 1723 1857 1748 1826 
5664 1822 1870 1218 1904 
5665 1238 1753 1836 1869 
5666 1724 1852 1813 1898 
5667 1739 1831 1789 1880 
5668 1183 1182 1184 1764 
5669 1245 1836 1239 1760 
5670 1095 1105 1083 1744 
5671 1012 1793 1775 1899 
5672 1733 1793 1775 1803 
5673 1081 1084 1079 1785 
5674 1738 1757 1766 1832 
5675 1245 1239 1836 1241 
5676 1771 1791 1761 1823 
5677 1755 1793 1834 1905 
5678 1239 1760 1836 1880 
5679 1105 1083 1744 1749 
5680 1079 1842 1094 1879 
5681 1907 1109 1823 1835 
5682 914 935 1757 1877 
5683 1733 1759 1762 1834 
5684 968 1758 938 1821 
5685 1767 1742 1878 1894 
5686 1292 254 1227 1853 
5687 1789 1262 1248 1235 
5688 1874 1807 1767 1728 
5689 1040 1037 1013 1764 
5690 1855 1856 1755 1889 
5691 1754 1719 1752 1729 
5692 1194 1218 1822 1870 
5693 1148 1768 1161 1806 
5694 1082 1080 1085 1798 
5695 1003 1856 1770 1868 
5696 934 1762 950 1899 
5697 1771 1791 1273 1866 
5698 1754 1770 1815 1868 
5699 1748 1819 971 1875 
5700 1748 1826 1811 1906 
5701 1153 1136 1134 1779 
5702 962 1839 931 908 
5703 990 1947 1764 1845 
5704 1939 974 1822 890 
5705 1733 1834 1803 1901 
5706 1729 1838 1754 1868 
5707 1725 1789 1753 1792 
5708 1211 1862 1966 1865 
5709 1900 1813 1757 1766 
5710 1722 1794 1776 1737 
5711 1178 1745 1212 1837 
5712 1258 1222 1862 1865 
5713 1775 1793 1011 1799 
5714 1807 1809 1858 1818 
5715 224 1914 1033 988 
5716 1085 1058 1820 1848 
5717 1212 1178 1183 1745 
5718 1783 1898 1835 1736 
5719 1820 1878 1742 1894 
5720 956 890 1820 1822 
5721 1819 1906 1723 1748 
5722 1953 1117 1763 1788 
5723 1116 1940 1781 1804 
5724 1727 1856 1770 1889 
5725 998 997 1038 1754 
5726 1137 1838 1824 1903 
5727 1784 1815 1770 1868 
5728 1723 1857 1826 1754 
5729 1135 1136 1138 1829 
5730 1297 1743 1254 1833 
5731 1781 1166 1970 198 
5732 1743 1846 1113 1883 
5733 903 902 900 1728 
5734 1267 1266 1287 1827 
5735 1882 185 184 1090 
5736 1726 1757 1841 1886 
5737 1285 1806 1851 1903 
5738 1246 1783 1771 1869 
5739 906 1741 910 911 
5740 906 905 910 1807 
5741 1128 1752 1861 1130 
5742 1727 1830 1784 1856 
5743 1072 1818 1075 1879 
5744 1746 1199 1853 1825 
5745 908 903 1795 1839 
5746 1238 1236 1237 1880 
5747 979 957 925 1893 
5748 1747 903 1795 1876 
5749 1842 1721 1725 1785 
5750 1874 1807 1728 1858 
5751 1028 1756 1810 1840 
5752 253 1227 254 1853 
5753 1912 1945 1042 1800 
5754 1969 1293 225 23 
5755 1048 1762 1022 986 
5756 1146 1144 1167 1810 
5757 1247 1727 1750 1864 
5758 1736 1771 1761 1823 
5759 1732 1878 1767 1863 
5760 1113 1103 1098 1846 
5761 1819 923 1805 921 
5762 1718 1759 1847 1901 
5763 1797 1028 1840 996 
5764 1166 198 20 1970 
5765 1933 1055 1811 982 
5766 1735 1822 1820 1904 
5767 1912 1046 1963 1800 
5768 1718 1777 1765 1843 
5769 1969 1293 1825 225 
5770 1247 1750 1727 1851 
5771 941 928 1790 1878 
5772 972 1758 968 1841 
5773 1132 1824 1133 1131 
5774 1912 1046 178 1963 
5775 1001 1754 1038 1868 
5776 1750 1787 1768 1806 
5777 897 896 895 1850 
5778 1139 1788 1844 1861 
5779 980 943 924 1805 
5780 1924 1142 1158 1804 
5781 1137 1171 1838 1903 
5782 1795 1817 1733 1876 
5783 1000 1023 1840 1857 
5784 934 949 897 1876 
5785 964 1899 1876 934 
5786 1234 1842 1789 1866 
5787 1723 1752 1861 1797 
5788 1085 1086 1082 1798 
5789 1721 1858 1742 1874 
5790 1186 1187 1776 1892 
5791 1219 1744 1207 1175 
5792 1779 1844 1738 1885 
5793 905 906 901 1728 
5794 943 1788 1751 1877 
5795 1872 1832 1885 1766 
5796 1285 1851 1814 1903 
5797 909 908 903 1795 
5798 990 1764 1040 1845 
5799 1042 1800 1945 1817 
5800 1266 1760 1239 1827 
5801 178 1046 19 1963 
5802 971 1748 920 1819 
5803 1067 1086 1820 1904 
5804 1776 1860 1186 1892 
5805 1011 1775 1012 1793 
5806 1139 1844 1132 1861 
5807 222 1221 223 1957 
5808 1259 1258 1222 1862 
5809 1754 1797 1723 1840 
5810 935 926 1786 1877 
5811 1754 1815 1719 1729 
5812 1129 1130 1131 1752 
5813 1146 1167 1763 1810 
5814 968 938 886 1821 
5815 1000 1023 999 1840 
5816 1805 1819 921 1906 
5817 1806 1729 1851 1903 
5818 1218 1870 1816 1904 
5819 1769 1794 1737 1854 
5820 1768 1787 1161 1806 
5821 1768 1824 1133 1844 
5822 1742 1798 1735 1820 
5823 1769 1287 1265 1263 
5824 1821 1057 1952 183 
5825 1740 1765 1777 1900 
5826 999 996 998 1840 
5827 1718 1834 1803 1905 
5828 1907 1109 1835 1059 
5829 1132 1824 1131 1752 
5830 1916 1203 1944 202 
5831 1219 1744 1175 1816 
5832 1720 1757 1813 1886 
5833 1737 1828 1772 1862 
5834 1007 1004 1755 1887 
5835 895 883 950 1762 
5836 972 968 913 1841 
5837 1743 1833 1297 1867 
5838 23 1215 212 1969 
5839 1818 1882 1871 1074 
5840 1148 1133 1161 1768 
5841 1877 980 1906 1751 
5842 183 1952 184 1057 
5843 1109 1093 1823 1891 
5844 1261 1831 1259 1854 
5845 1069 1849 1758 1871 
5846 1743 1152 1846 1883 
5847 1832 1872 1900 1766 
5848 1877 980 1751 943 
5849 1748 1055 1811 1857 
5850 905 902 947 1728 
5851 1285 1814 1851 1902 
5852 1197 1176 1183 1800 
5853 1874 1807 1858 1742 
5854 1734 1869 1753 1896 
5855 1832 1906 1877 1786 
5856 1952 184 1057 1882 
5857 1818 1882 1074 1848 
5858 1807 1809 1818 1741 
5859 1870 1219 1207 1192 
5860 1836 1239 1238 1241 
5861 1747 903 1876 1728 
5862 1128 1752 1130 1129 
5863 1297 1846 1743 1867 
5864 1781 1804 1726 1849 
5865 1751 1719 1826 1832 
5866 1720 1761 1852 1896 
5867 889 960 952 1796 
5868 1864 1242 1836 1869 
5869 1907 1253 1835 1823 
5870 1726 1808 1813 1886 
5871 1751 1719 1752 1723 
5872 1761 1771 1852 1896 
5873 1282 1806 1750 1851 
5874 1916 1203 1837 1944 
5875 990 1040 1027 1845 
5876 1266 1760 1827 1267 
5877 959 932 966 1788 
5878 1734 1777 1843 1900 
5879 1094 1842 1791 1879 
5880 1969 1934 1215 1825 
5881 1254 1833 1743 1835 
5882 1030 1011 1010 1799 
5883 1144 1893 1122 1167 
5884 1743 1152 1883 1829 
5885 1897 1789 1739 1792 
5886 1933 1055 982 1015 
5887 957 1893 1819 922 
5888 1897 1789 1792 1753 
5889 1779 1796 1153 1895 
5890 1230 1802 1256 1749 
5891 1029 1793 1899 1887 
5892 1007 1008 1004 1887 
5893 1725 1858 1809 1879 
5894 1775 1793 1733 1899 
5895 1754 996 997 1797 
5896 252 1969 1215 23 
5897 1735 1798 1744 1816 
5898 959 1953 1763 1788 
5899 1889 1855 1834 1755 
5900 1806 1824 1768 1729 
5901 1013 1775 1011 1799 
5902 1740 1757 1832 1900 
5903 1940 1921 1970 1107 
5904 1116 1940 1804 1063 
5905 1909 1969 212 1215 
5906 1734 1852 1869 1896 
5907 1832 1906 1786 1826 
5908 1818 1858 1785 1879 
5909 1081 1785 1080 1798 
5910 914 917 935 1877 
5911 201 1944 1203 202 
5912 1057 1758 1952 1882 
5913 1211 1177 1828 1865 
5914 1718 1803 1847 1897 
5915 1819 1893 1723 1805 
5916 1732 1795 1722 1747 
5917 1274 1806 1285 1903 
5918 879 185 1882 936 
5919 909 964 1795 1876 
5920 1249 1783 1269 1833 
5921 1761 1791 1725 1879 
5922 1944 1178 1203 1837 
5923 1072 1074 1818 1871 
5924 1829 1895 1779 1136 
5925 1725 1789 1842 1866 
5926 1265 1263 1264 1769 
5927 1774 1804 1102 1849 
5928 890 1820 1939 188 
5929 943 930 1788 1877 
5930 1952 1758 1057 1821 
5931 1251 1285 1806 1851 
5932 931 882 928 1837 
5933 878 907 971 1748 
5934 1073 1774 1849 1891 
5935 1170 1804 1895 1781 
5936 944 953 1763 1893 
5937 1877 980 943 926 
5938 1261 1769 1831 1854 
5939 1753 1725 1792 1896 
5940 1230 1256 1232 1749 
5941 880 934 950 1899 
5942 1909 1969 1215 1825 
5943 1965 944 1763 1893 
5944 1954 986 1762 1919 
5945 1061 1941 1910 1749 
5946 1066 1940 1116 1099 
5947 1751 1723 1805 1906 
5948 1133 1134 1135 1768 
5949 1748 1840 1023 1857 
5950 1273 1276 1277 1771 
5951 1084 1111 1061 1749 
5952 1144 1920 1801 1810 
5953 225 1914 1231 1825 
5954 913 1757 912 1778 
5955 931 1837 928 1839 
5956 1023 1840 1748 1875 
5957 1262 1240 1237 1880 
5958 1029 1793 1887 1009 
5959 981 940 892 1800 
5960 1240 1769 1263 1827 
5961 1956 1288 1289 1780 
5962 1122 1763 1167 1893 
5963 1236 1234 1789 1866 
5964 1212 1184 1187 1776 
5965 1043 1022 1008 1887 
5966 1725 1753 1789 1866 
5967 1731 1780 1760 1905 
5968 1760 1780 1727 1889 
5969 1760 1880 1827 1897 
5970 1154 1844 1788 1881 
5971 1793 1834 1733 1887 
5972 1028 1756 1045 1810 
5973 964 1899 934 880 
5974 962 908 909 1795 
5975 1086 1101 1082 1798 
5976 1253 1246 1249 1783 
5977 1725 1771 1761 1896 
5978 1763 1805 1788 1861 
5979 1900 1813 1766 1852 
5980 1235 1236 1234 1789 
5981 1044 1746 1825 1845 
5982 1786 1877 926 1906 
5983 1004 1855 1755 1887 
5984 1261 1263 1240 1769 
5985 1746 1794 1769 1854 
5986 980 1751 943 1805 
5987 1897 1789 1753 1880 
5988 1093 1791 1060 1823 
5989 1733 1795 1775 1817 
5990 1242 1783 1246 1869 
5991 1126 210 1938 1920 
5992 1774 1808 1736 1898 
5993 1051 1033 1044 1825 
5994 1731 1799 1793 1803 
5995 1944 1178 201 1203 
5996 1132 1844 1752 1861 
5997 1760 1727 1836 1843 
5998 1929 1780 983 1830 
5999 1782 1722 1803 1901 
6000 968 972 938 1758 
6001 1726 1758 1808 1886 
6002 1750 1806 1768 1729 
6003 1745 1205 1178 1183 
6004 1204 1175 1196 1802 
6005 1006 1755 1004 1856 
6006 964 940 1795 1817 
6007 1907 1253 1823 1272 
6008 187 884 1820 1848 
6009 1069 1071 1849 1871 
6010 918 907 1811 1906 
6011 1783 1736 1852 1898 
6012 1732 1776 1837 1892 
6013 1110 1761 1093 1891 
6014 1762 1834 1759 1850 
6015 1855 1005 1857 1811 
6016 1723 1752 1797 1754 
6017 1741 972 911 1886 
6018 1744 1772 1828 1865 
6019 1069 1758 1070 1871 
6020 1864 1836 1242 1243 
6021 1269 1787 1280 1833 
6022 1808 1898 1852 1736 
6023 966 932 924 1805 
6024 1044 1040 1014 1845 
6025 1276 1771 1273 1866 
6026 914 1877 1757 1890 
6027 977 942 960 1821 
6028 1814 1851 1729 1903 
6029 1250 1784 1252 1851 
6030 1756 1840 1052 1875 
6031 1136 1140 1138 1829 
6032 1276 1771 1866 1869 
6033 1795 1722 1747 1901 
6034 1827 1880 1739 1897 
6035 1188 1186 1860 1892 
6036 1064 1105 1095 1802 
6037 1083 1111 1081 1749 
6038 1144 1893 1167 1810 
6039 1082 1081 1080 1798 
6040 982 1031 1023 1875 
6041 1161 1908 1806 1787 
6042 1780 1889 1760 1905 
6043 1736 1835 1774 1898 
6044 983 1956 1780 1929 
6045 1130 1132 1752 1861 
6046 1242 1836 1869 1238 
6047 1247 1727 1250 1851 
6048 1877 980 926 1906 
6049 1143 1768 1135 1829 
6050 25 1291 1960 258 
6051 1073 1849 1071 1891 
6052 1157 1152 1846 1867 
6053 1920 1045 1801 1810 
6054 1926 1960 1291 258 
6055 1820 1848 884 1894 
6056 1950 1797 995 1810 
6057 1907 1109 1059 1092 
6058 1718 1803 1834 1901 
6059 1855 1005 1811 1022 
6060 1101 1095 1083 1816 
6061 1267 1780 1268 1873 
6062 1238 1276 1236 1866 
6063 1729 1754 1815 1868 
6064 1242 1783 1869 1864 
6065 1819 1723 1893 1756 
6066 1746 1199 1825 1845 
6067 1262 1237 1235 1789 
6068 964 940 909 1795 
6069 225 1914 1825 1033 
6070 1116 1940 1063 1099 
6071 1926 1960 1802 1291 
6072 934 895 950 1762 
6073 1734 1766 1852 1900 
6074 1252 1250 1286 1784 
6075 1774 1813 1808 1898 
6076 1948 978 1881 933 
6077 1832 1872 1719 1765 
6078 1774 1835 1743 1898 
6079 1719 1751 1826 1723 
6080 1239 1827 1760 1880 
6081 1294 1825 1746 1853 
6082 1189 1190 1773 1828 
6083 1728 1777 1792 1809 
6084 1134 1768 1133 1844 
6085 1724 1813 1779 1898 
6086 1143 1135 1138 1829 
6087 1891 1849 1871 1808 
6088 1834 1855 1762 1887 
6089 1289 1956 1780 1859 
6090 1951 1174 1206 1790 
6091 919 1819 1748 1906 
6092 1951 1174 203 1206 
6093 1757 1726 1841 1890 
6094 989 1927 1018 1784 
6095 979 1756 957 1893 
6096 1057 1070 1069 1758 
6097 1079 1084 1094 1842 
6098 906 1778 948 1888 
6099 1891 1871 1849 1071 
6100 237 1098 1059 1835 
6101 1098 1835 237 1846 
6102 1832 1906 1826 1751 
6103 1775 1817 1012 1899 
6104 1061 1941 1749 1097 
6105 1721 1863 1773 1737 
6106 1259 1260 1854 1862 
6107 1790 1822 975 1878 
6108 1039 1755 1780 1884 
6109 942 1781 960 1821 
6110 1186 1188 1187 1892 
6111 897 900 1759 1876 
6112 1047 1838 1814 1902 
6113 1771 1783 1736 1852 
6114 1791 1842 1725 1879 
6115 1274 1251 1285 1806 
6116 983 1956 1929 221 
6117 1756 1801 1045 1810 
6118 1004 1887 1022 1855 
6119 189 1964 21 1108 
6120 1724 1779 1829 1898 
6121 1882 1886 1871 1758 
6122 1276 1246 1277 1771 
6123 1131 1130 1132 1752 
6124 1268 1780 1288 1830 
6125 985 1797 1950 1838 
6126 1940 1921 1107 1066 
6127 1051 1799 1030 1812 
6128 1870 1219 1192 1218 
6129 237 1059 1907 1835 
6130 897 1759 898 1850 
6131 1952 1758 938 1882 
6132 1776 1794 1185 1860 
6133 1246 1771 1276 1869 
6134 1950 995 1920 1810 
6135 909 949 964 1876 
6136 1941 1097 1802 1749 
6137 1755 1834 1793 1887 
6138 1847 1759 1747 1901 
6139 1915 1124 1903 1942 
6140 1782 1747 1722 1901 
6141 1730 1762 1834 1855 
6142 950 1762 1954 1899 
6143 1797 1028 996 995 
6144 1277 1791 1220 1273 
6145 943 930 966 1788 
6146 1269 1783 1244 1864 
6147 1872 1843 1900 1734 
6148 1150 1895 1141 1153 
6149 1202 1860 1794 1862 
6150 1001 1038 1754 998 
6151 992 1943 1814 1838 
6152 941 1790 975 1878 
6153 990 1037 1040 1764 
6154 1765 1843 1727 1889 
6155 1037 1017 1013 1775 
6156 963 1965 1801 1893 
6157 1110 1078 1093 1761 
6158 1034 1840 1023 1875 
6159 965 975 1790 1822 
6160 1785 1858 1725 1879 
6161 1245 1836 1760 1873 
6162 1729 1851 1814 1902 
6163 1948 978 933 889 
6164 207 1155 206 1943 
6165 1070 1758 1057 1882 
6166 1194 1822 1790 1870 
6167 1743 1835 1833 1898 
6168 1277 1791 1273 1771 
6169 1251 1806 1282 1851 
6170 1776 1737 1860 1892 
6171 1736 1823 1761 1891 
6172 1939 1964 189 1108 
6173 1249 1244 1269 1783 
6174 1885 1824 1768 1844 
6175 1269 1298 1280 1787 
6176 935 917 926 1877 
6177 1189 1773 1188 1860 
6178 1753 1836 1760 1880 
6179 1735 1870 1822 1904 
6180 1726 1804 1774 1849 
6181 900 898 897 1759 
6182 1956 1021 1780 1859 
6183 1869 1866 1896 1771 
6184 1076 1077 1073 1774 
6185 909 1795 903 1876 
6186 1720 1777 1852 1900 
6187 1186 1776 1185 1860 
6188 1727 1843 1760 1889 
6189 237 1226 1255 1835 
6190 1792 1809 1777 1896 
6191 1726 1841 1758 1886 
6192 1076 1774 1073 1891 
6193 1727 1760 1836 1873 
6194 1829 1895 1136 1140 
6195 1758 1069 1821 1849 
6196 900 1728 1759 1876 
6197 1814 1838 1171 1903 
6198 944 1763 953 885 
6199 1824 1838 1729 1903 
6200 1128 1797 1810 1861 
6201 203 204 1951 1206 
6202 1758 1821 968 1841 
6203 968 1821 977 1841 
6204 225 1914 1033 224 
6205 1720 1809 1761 1896 
6206 930 1788 1877 1881 
6207 954 1922 974 1822 
6208 1754 1826 1770 1857 
6209 1732 1837 1790 1892 
6210 1728 1847 1747 1874 
6211 1259 1248 1772 1831 
6212 1719 1832 1751 1885 
6213 1087 1781 1821 1849 
6214 941 928 882 1790 
6215 909 940 962 1795 
6216 1189 1193 1190 1828 
6217 1951 1922 1206 204 
6218 1083 1081 1082 1798 
6219 1155 1163 206 1943 
6220 960 942 952 1781 
6221 1155 1163 1943 1814 
6222 1747 903 1728 1839 
6223 929 1767 904 1839 
6224 1847 1747 1759 1728 
6225 880 1954 1923 1899 
6226 888 1944 1837 1928 
6227 907 1748 878 1811 
6228 1038 997 1047 1838 
6229 1761 1808 1736 1891 
6230 1073 1774 1102 1849 
6231 941 965 975 1790 
6232 948 906 912 1778 
6233 1029 1793 1009 1012 
6234 1916 1210 1837 1203 
6235 1814 1838 1729 1902 
6236 1861 1117 1788 1763 
6237 1161 1908 1787 1160 
6238 1004 1022 1887 1008 
6239 1125 1166 1158 1781 
6240 945 878 971 1875 
6241 941 929 928 1878 
6242 1243 1836 1727 1864 
6243 1055 1023 1005 1857 
6244 1101 1083 1082 1798 
6245 1738 1832 1766 1885 
6246 1732 1878 1863 1790 
6247 1234 1791 1842 1866 
6248 1758 1849 1808 1871 
6249 1951 1922 1822 1206 
6250 1915 1124 1942 246 
6251 900 1759 1728 1888 
6252 1242 1783 1864 1244 
6253 1922 1217 1822 1209 
6254 1797 1810 1723 1840 
6255 1173 1200 1213 1853 
6256 1267 1268 1245 1873 
6257 1737 1831 1769 1854 
6258 1234 1791 1866 1273 
6259 1748 1811 907 1906 
6260 1181 1182 1176 1845 
6261 985 995 1950 1797 
6262 1910 1225 1968 1842 
6263 1820 1822 1735 1878 
6264 1187 1210 1837 1892 
6265 1188 1860 1773 1892 
6266 972 938 1758 1882 
6267 1720 1852 1777 1896 
6268 1755 1889 1780 1905 
6269 1861 1117 1763 1146 
6270 1741 1818 1807 1848 
6271 1838 992 1943 207 
6272 1951 1790 1206 1822 
6273 1751 1805 980 1906 
6274 1206 1790 1194 1822 
6275 1134 1154 1153 1844 
6276 1060 1093 1078 1791 
6277 1242 1783 1244 1246 
6278 1900 1813 1852 1720 
6279 1748 1055 1857 1023 
6280 1279 1285 1814 1903 
6281 1723 1805 1763 1861 
6282 1261 1259 1260 1854 
6283 1037 994 1017 1800 
6284 918 894 896 1850 
6285 1889 1834 1855 1730 
6286 1951 882 1916 1790 
6287 1738 1751 1832 1885 
6288 1808 1849 1774 1891 
6289 1956 1288 221 1289 
6290 1907 1253 1272 1226 
6291 1953 1145 1788 1931 
6292 1252 1927 1784 1224 
6293 1121 1797 1129 1838 
6294 1012 1011 1013 1775 
6295 1753 1880 1760 1897 
6296 1910 1225 242 1968 
6297 1907 1109 1092 1823 
6298 1234 1791 1273 1271 
6299 1897 1789 1880 1739 
6300 1122 1156 1167 1763 
6301 1727 1780 1760 1873 
6302 919 1819 1906 921 
6303 980 1805 921 1906 
6304 1911 1280 1787 1867 
6305 1968 1225 242 241 
6306 1180 1217 1822 1904 
6307 1933 1919 1811 1048 
6308 1968 1949 1225 241 
6309 1766 1832 1757 1900 
6310 890 1820 188 951 
6311 1074 1871 1070 1882 
6312 1919 894 883 893 
6313 1182 1764 1176 1845 
6314 1742 1848 1820 1894 
6315 1234 1791 1271 1842 
6316 900 898 1759 1888 
6317 1009 1011 1012 1793 
6318 1730 1834 1762 1850 
6319 1168 1829 1152 1867 
6320 957 961 922 1819 
6321 1721 1782 1792 1874 
6322 1028 1052 1756 1840 
6323 1753 1896 1792 1897 
6324 1968 1949 1842 1225 
6325 1029 1793 1012 1899 
6326 1816 1870 1735 1904 
6327 936 879 976 1882 
6328 1268 1289 1288 1780 
6329 1905 1897 1843 1760 
6330 1734 1864 1836 1869 
6331 1792 1896 1777 1897 
6332 1917 1272 1823 1220 
6333 1725 1753 1866 1896 
6334 1734 1836 1753 1869 
6335 1734 1753 1836 1843 
6336 1882 1871 1886 1741 
6337 1762 1733 1834 1887 
6338 1039 1755 1884 1007 
6339 1725 1809 1792 1896 
6340 1730 1811 1855 1857 
6341 1939 1904 1067 1820 
6342 1242 1243 1244 1864 
6343 1089 1818 1074 1848 
6344 1133 1135 1161 1768 
6345 1070 1871 1758 1882 
6346 929 947 904 1767 
6347 1147 1118 247 1806 
6348 1951 1174 1790 1916 
6349 1139 1788 1154 1844 
6350 1734 1872 1766 1900 
6351 1730 1826 1811 1857 
6352 1900 1813 1720 1757 
6353 1182 1183 1176 1764 
6354 1281 1846 1297 1867 
6355 1726 1808 1758 1849 
6356 1755 1855 1004 1856 
6357 1728 1792 1777 1847 
6358 1755 1884 1007 1887 
6359 22 1959 206 1163 
6360 1186 1184 1185 1776 
6361 1003 1002 1770 1855 
6362 971 907 920 1748 
6363 1072 1074 1075 1818 
6364 986 1043 1025 1762 
6365 1289 1780 1267 1859 
6366 1145 1154 1788 1881 
6367 1179 1825 1199 1845 
6368 1153 1119 1796 1881 
6369 1189 1828 1773 1860 
6370 1270 1286 1727 1873 
6371 1787 1829 1143 1867 
6372 1718 1843 1765 1889 
6373 1908 247 1118 1806 
6374 1760 1843 1753 1897 
6375 956 975 890 1822 
6376 1911 1280 1867 1228 
6377 1755 1855 1834 1887 
6378 1748 1723 1826 1906 
6379 1006 1780 1755 1856 
6380 1128 1752 1129 1797 
6381 1907 238 1092 1059 
6382 1130 1139 1132 1861 
6383 1109 1093 1092 1823 
6384 1189 1190 1188 1773 
6385 1872 1843 1734 1727 
6386 1001 1003 1770 1868 
6387 963 1965 1893 944 
6388 1034 1052 1840 1875 
6389 1088 1085 1058 1820 
6390 1761 1725 1809 1879 
6391 1943 1959 1163 206 
6392 1746 1199 1845 1794 
6393 1860 1737 1773 1892 
6394 1943 1959 1814 1163 
6395 1725 1791 1771 1866 
6396 1144 1920 1810 1127 
6397 1726 1821 1781 1849 
6398 1803 1847 1782 1901 
6399 1102 1073 1077 1774 
6400 1908 1275 1223 1787 
6401 1013 1011 1014 1799 
6402 1757 1841 914 1890 
6403 878 1933 893 1811 
6404 1742 1818 1807 1858 
6405 1194 1790 1191 1870 
6406 1762 1887 1043 1899 
6407 1955 18 167 1053 
6408 1150 1895 1153 1796 
6409 1756 991 1032 1045 
6410 1838 1943 1155 207 
6411 1155 1171 1814 1838 
6412 1760 1836 1753 1843 
6413 1751 1788 1738 1877 
6414 956 890 951 1820 
6415 1733 1795 1876 1901 
6416 1726 1808 1774 1813 
6417 1286 1224 1784 1830 
6418 1078 1761 1072 1879 
6419 1732 1737 1776 1892 
6420 1140 1804 1120 1883 
6421 1089 1074 1091 1848 
6422 1733 1817 1775 1899 
6423 915 968 977 1841 
6424 1003 1855 1770 1856 
6425 1747 1876 1795 1901 
6426 1264 1769 1261 1854 
6427 937 1820 884 1894 
6428 1784 1041 1018 1016 
6429 1009 1010 1011 1793 
6430 1748 1811 1826 1857 
6431 1965 958 1801 1925 
6432 1242 1836 1238 1241 
6433 1095 1918 1946 1816 
6434 1781 1796 1726 1895 
6435 1058 1085 1089 1848 
6436 983 1856 1830 1780 
6437 1719 1826 1754 1723 
6438 1261 1264 1263 1769 
6439 1927 1784 989 1902 
6440 957 1819 1756 1875 
6441 965 1790 1951 1822 
6442 1955 1958 1053 167 
6443 942 1921 969 1781 
6444 213 1027 993 1845 
6445 1797 1028 995 1810 
6446 1788 1844 1738 1881 
6447 1838 1020 208 985 
6448 1143 1911 1787 1867 
6449 953 923 1763 1893 
6450 213 993 1909 1845 
6451 1723 1810 1756 1840 
6452 907 919 920 1748 
6453 1137 1162 1171 1903 
6454 1012 1775 1017 1817 
6455 1143 1911 1867 1123 
6456 1237 1236 1235 1789 
6457 1750 1864 1727 1872 
6458 1124 1942 1814 1903 
6459 1958 1938 1801 1955 
6460 1758 1871 1808 1886 
6461 1958 1938 1955 1053 
6462 1890 930 916 1877 
6463 1720 1813 1808 1886 
6464 1148 1172 1133 1824 
6465 932 1763 923 1805 
6466 1877 914 916 1890 
6467 1736 1808 1774 1891 
6468 888 1944 1928 201 
6469 1737 1794 1860 1862 
6470 1061 1941 1097 243 
6471 1826 1723 1751 1906 
6472 183 886 938 1821 
6473 1794 1860 1776 1737 
6474 1718 1834 1759 1901 
6475 899 1786 918 1850 
6476 1725 1761 1809 1896 
6477 1131 1172 1137 1824 
6478 1067 1086 1088 1820 
6479 1258 1772 1256 1865 
6480 1055 1005 1811 1857 
6481 923 1805 1763 1893 
6482 1179 1181 213 1845 
6483 1170 1804 1781 1158 
6484 1925 973 1801 1955 
6485 1943 1155 1814 1838 
6486 1146 1810 1763 1861 
6487 1819 923 921 922 
6488 1913 1214 1800 1197 
6489 1046 1035 1913 1800 
6490 1259 1248 1258 1772 
6491 1792 1809 1725 1858 
6492 947 1807 927 905 
6493 923 932 953 1763 
6494 1270 1727 1243 1836 
6495 975 1822 956 1878 
6496 1128 1950 1127 1810 
6497 1280 1833 1787 1867 
6498 1268 1780 1830 1873 
6499 171 878 945 1875 
6500 1052 1032 1045 1756 
6501 1738 1757 1832 1877 
6502 250 1911 1123 1867 
6503 1728 1809 1792 1858 
6504 1913 990 1035 215 
6505 1723 1819 1748 1840 
6506 1784 1041 1016 1856 
6507 1747 1782 1847 1901 
6508 1191 1194 1206 1790 
6509 1292 1227 1260 1854 
6510 1121 1129 1149 1838 
6511 1007 1884 1009 1887 
6512 182 1068 1066 1821 
6513 1268 1267 1289 1780 
6514 1917 1272 1220 239 
6515 1727 1864 1734 1872 
6516 1962 1102 1883 1804 
6517 1733 1759 1834 1901 
6518 931 928 908 1839 
6519 1247 1243 1727 1864 
6520 1787 1223 1282 1298 
6521 1087 1781 1066 1821 
6522 1075 1818 1785 1879 
6523 1069 1070 1071 1871 
6524 1279 1942 245 246 
6525 197 889 952 1796 
6526 973 1958 1801 1955 
6527 1072 1078 1110 1761 
6528 1221 1957 222 1859 
6529 1114 1917 1791 1949 
6530 1725 1842 1791 1866 
6531 1279 1274 1285 1903 
6532 171 982 1967 1875 
6533 1260 1292 1854 1862 
6534 1258 1248 1256 1772 
6535 983 1856 1780 1006 
6536 1730 1770 1826 1857 
6537 1025 1762 1043 1899 
6538 1912 939 892 177 
6539 1905 1843 1897 1718 
6540 1217 1209 1180 1822 
6541 1836 1245 1270 1873 
6542 1933 982 1967 172 
6543 1211 1828 1195 1862 
6544 1861 1117 1146 1139 
6545 1143 1911 1123 1160 
6546 171 982 1875 1031 
6547 1199 1825 1201 1853 
6548 1912 939 177 1945 
6549 1153 1154 1119 1881 
6550 946 891 168 1756 
6551 1177 1195 1211 1828 
6552 1726 1804 1781 1895 
6553 1927 1018 1784 1830 
6554 1080 1785 1075 1818 
6555 1095 1802 1946 232 
6556 1190 1188 1773 1892 
6557 969 952 942 1781 
6558 1719 1885 1752 1729 
6559 1819 923 922 1893 
6560 1002 1001 1770 1857 
6561 1039 1755 1007 1006 
6562 1240 1262 1261 1831 
6563 1161 1908 1160 1118 
6564 1935 1050 1959 1814 
6565 880 1954 1899 950 
6566 1723 1810 1763 1893 
6567 1139 1154 1132 1844 
6568 1141 1140 1136 1895 
6569 1723 1810 1797 1861 
6570 899 935 926 1786 
6571 1110 1072 1761 1871 
6572 963 1965 944 958 
6573 1152 1138 1140 1829 
6574 965 1922 1822 1951 
6575 1869 1896 1866 1753 
6576 1913 990 215 1947 
6577 1195 1828 1860 1862 
6578 928 929 904 1839 
6579 1155 1149 1171 1838 
6580 1726 1774 1808 1849 
6581 1726 1821 1758 1841 
6582 1732 1782 1722 1737 
6583 1218 1194 1192 1870 
6584 1967 982 171 172 
6585 1890 930 1877 1881 
6586 1033 1914 1051 988 
6587 1820 1058 1088 187 
6588 1815 1851 1750 1729 
6589 1247 1250 1251 1851 
6590 900 1728 901 1888 
6591 1170 1804 1158 1142 
6592 1832 1906 1751 1877 
6593 1170 1804 1142 1895 
6594 957 961 1819 1875 
6595 1956 1289 222 1859 
6596 1200 1794 1199 1853 
6597 978 960 1796 1890 
6598 1950 1127 209 1121 
6599 1921 1781 942 1821 
6600 1910 1225 1232 242 
6601 897 949 900 1876 
6602 1067 1115 1086 1904 
6603 1186 1187 1184 1776 
6604 1147 247 1915 1806 
6605 924 932 923 1805 
6606 1221 1812 1957 1859 
6607 1092 1060 1917 1823 
6608 1885 1824 1844 1752 
6609 1933 982 1811 1967 
6610 886 182 942 1821 
6611 1967 1748 982 1811 
6612 1782 1847 1792 1874 
6613 1028 1045 995 1810 
6614 1942 1279 1814 1903 
6615 1051 1014 1030 1799 
6616 1143 1911 1160 1787 
6617 898 1850 1759 1888 
6618 196 933 889 1948 
6619 1727 1836 1734 1864 
6620 1190 1773 1870 1892 
6621 1936 1157 1846 1867 
6622 1912 1046 1800 994 
6623 1730 1855 1770 1857 
6624 1756 887 169 946 
6625 982 1748 1967 1875 
6626 1920 1045 1810 995 
6627 1095 1918 1816 1062 
6628 1061 1941 243 1910 
6629 1779 1726 1796 1895 
6630 1885 1824 1752 1729 
6631 967 202 882 1916 
6632 1223 1274 247 1806 
6633 1761 1110 1871 1891 
6634 1821 1069 1087 1849 
6635 1114 1917 1949 240 
6636 1783 1852 1771 1869 
6637 897 898 896 1850 
6638 1949 1791 1114 1842 
6639 1250 1247 1243 1727 
6640 1731 1760 1827 1905 
6641 1114 1791 1094 1842 
6642 1006 1755 1007 1004 
6643 911 912 906 1778 
6644 1195 1860 1202 1862 
6645 1929 1224 1927 220 
6646 973 1958 1955 167 
6647 1953 881 1931 1788 
6648 1957 988 1812 1914 
6649 1009 1884 1793 1887 
6650 1729 1815 1784 1868 
6651 1868 989 1902 1019 
6652 997 1797 985 1838 
6653 1095 1918 1062 233 
6654 1119 1150 1153 1796 
6655 1168 1143 1829 1867 
6656 1724 1829 1787 1833 
6657 1954 883 1762 950 
6658 187 884 951 1820 
6659 1270 1286 1250 1727 
6660 1152 1157 1168 1867 
6661 1001 1003 1002 1770 
6662 1114 1917 240 1060 
6663 1242 1836 1241 1243 
6664 1729 1868 1784 1902 
6665 1721 1792 1858 1874 
6666 992 1814 1047 1838 
6667 1179 1201 1199 1825 
6668 1957 988 1914 223 
6669 1051 1914 1033 1825 
6670 209 1950 995 1920 
6671 1128 1950 1810 1797 
6672 1096 1102 1113 1883 
6673 1285 1851 1252 1902 
6674 1738 1877 1788 1881 
6675 1727 1836 1270 1873 
6676 1266 1263 1287 1827 
6677 1087 1116 1066 1781 
6678 947 1767 929 1894 
6679 1861 1117 1139 1788 
6680 1286 1268 1830 1873 
6681 1961 1214 1205 1800 
6682 1145 1119 1154 1881 
6683 1767 1878 929 1894 
6684 1723 1756 1810 1893 
6685 1896 1843 1777 1897 
6686 1128 1950 1797 1121 
6687 1187 1210 1203 1837 
6688 931 962 888 1837 
6689 1144 1920 1127 1126 
6690 1919 893 883 173 
6691 1193 1828 1177 1865 
6692 1152 1140 1120 1883 
6693 1756 1958 1801 891 
6694 894 918 907 1811 
6695 1777 1847 1792 1897 
6696 1257 1256 1802 1865 
6697 182 1921 942 1821 
6698 1148 1824 1806 1903 
6699 1737 1854 1794 1862 
6700 1759 1728 1747 1876 
6701 1718 1847 1803 1901 
6702 941 882 965 1790 
6703 1151 1846 1152 1883 
6704 1756 887 946 957 
6705 992 1047 1020 1838 
6706 1731 1884 1780 1905 
6707 1910 242 1061 1112 
6708 1066 1940 1099 1107 
6709 947 1807 905 1728 
6710 1275 1298 1223 1787 
6711 1838 992 207 1020 
6712 1060 1791 1917 1823 
6713 1022 1048 1005 1811 
6714 1733 1887 1762 1899 
6715 1021 1039 983 1780 
6716 1916 1203 202 1174 
6717 1759 1850 1740 1888 
6718 937 1878 1820 1894 
6719 1931 1788 881 1881 
6720 209 1950 985 995 
6721 1185 1199 1200 1794 
6722 1131 1133 1172 1824 
6723 993 1825 1909 1845 
6724 967 882 931 1837 
6725 1170 1125 1158 1781 
6726 1877 916 914 917 
6727 1194 1218 1180 1822 
6728 1218 1180 1822 1904 
6729 1731 1803 1793 1905 
6730 1731 1859 1780 1884 
6731 965 1922 1951 204 
6732 250 1123 1157 1867 
6733 1738 1757 1877 1890 
6734 1222 1258 1283 1865 
6735 1923 1817 880 1899 
6736 1961 955 970 1800 
6737 1146 1128 1144 1810 
6738 1923 1042 1817 984 
6739 1146 1128 1810 1861 
6740 1746 1853 1794 1854 
6741 919 980 921 1906 
6742 1870 1219 1218 1816 
6743 1202 1185 1794 1860 
6744 954 974 890 1822 
6745 965 1922 204 954 
6746 1147 1806 1915 1903 
6747 1018 1929 983 1830 
6748 1727 1815 1784 1851 
6749 1763 1810 1723 1861 
6750 1821 1087 1069 1068 
6751 1755 1834 1889 1905 
6752 1942 1295 1814 1279 
6753 978 916 960 1890 
6754 937 956 1820 1878 
6755 1949 1271 241 240 
6756 1150 1895 1796 1170 
6757 915 914 1841 1890 
6758 1763 1805 1723 1893 
6759 1074 1070 1090 1882 
6760 1246 1244 1249 1783 
6761 927 884 1848 1894 
6762 1783 1864 1734 1869 
6763 1863 1737 1892 1773 
6764 880 1923 939 1817 
6765 1868 989 1019 1016 
6766 898 899 1850 1888 
6767 979 1801 1756 1893 
6768 1271 241 1225 1949 
6769 1079 1075 1785 1879 
6770 1271 1949 1225 1842 
6771 1114 1917 1060 1791 
6772 1039 1780 1021 1859 
6773 257 1283 1257 1865 
6774 1249 1269 1280 1833 
6775 1076 1073 1071 1891 
6776 1726 1758 1821 1849 
6777 1724 1833 1783 1898 
6778 1112 1949 1842 1968 
6779 1738 1832 1751 1877 
6780 919 1748 907 1906 
6781 1003 1004 1002 1855 
6782 1718 1847 1777 1897 
6783 1765 1843 1777 1900 
6784 1004 1855 1003 1856 
6785 936 1807 927 1848 
6786 1028 1052 1045 1756 
6787 1927 1224 219 220 
6788 1190 1207 1192 1870 
6789 1012 1817 984 1899 
6790 1787 1833 1829 1867 
6791 1718 1889 1834 1905 
6792 1885 1824 1729 1768 
6793 1271 1791 1949 1842 
6794 1796 1881 978 1890 
6795 1006 983 1039 1780 
6796 1073 1102 1087 1849 
6797 1195 1828 1189 1860 
6798 1285 1229 1814 1902 
6799 1773 1828 1737 1860 
6800 938 184 1952 1882 
6801 1720 1777 1809 1896 
6802 1151 1157 1152 1846 
6803 966 930 881 1788 
6804 1931 933 1948 1881 
6805 239 1060 1917 1092 
6806 1252 1927 1224 1284 
6807 1124 1942 1163 1814 
6808 1095 1802 232 1064 
6809 1732 1795 1747 1839 
6810 1150 1895 1170 1141 
6811 1732 1722 1776 1737 
6812 1915 1942 1279 246 
6813 1915 1124 246 1147 
6814 1733 1876 1759 1901 
6815 1923 1042 984 176 
6816 1062 234 1918 1904 
6817 1793 1887 1733 1899 
6818 1252 1286 1224 1784 
6819 1804 1940 1781 1158 
6820 1807 1818 1742 1848 
6821 1275 1280 1298 1787 
6822 1010 1793 1009 1884 
6823 1062 1100 234 1904 
6824 1193 1177 1196 1865 
6825 1943 1050 1814 1959 
6826 1748 1840 1819 1875 
6827 896 899 918 1850 
6828 1016 989 1018 1784 
6829 1044 1825 993 1845 
6830 1747 1847 1782 1874 
6831 939 176 1923 880 
6832 1128 1129 1121 1797 
6833 1949 1917 1271 240 
6834 1729 1838 1814 1903 
6835 1962 1063 1924 228 
6836 1929 1224 1288 1830 
6837 1915 1942 1903 1279 
6838 1943 1050 1959 206 
6839 1020 997 985 1838 
6840 1095 1918 233 1946 
6841 1079 1080 1081 1785 
6842 1100 1067 1108 1904 
6843 1743 1833 1829 1898 
6844 1929 1224 1830 1927 
6845 1965 1159 1925 1801 
6846 1028 1034 1052 1840 
6847 1962 1102 1804 1063 
6848 1230 1257 1256 1802 
6849 996 995 985 1797 
6850 1208 1177 257 1865 
6851 1180 1198 234 1904 
6852 1931 933 1881 881 
6853 1724 1829 1833 1898 
6854 1162 1824 1148 1903 
6855 1832 1872 1765 1900 
6856 1029 1043 1887 1899 
6857 1912 970 892 1800 
6858 1252 1927 1284 1902 
6859 1080 1079 1075 1785 
6860 1224 1927 1784 1830 
6861 927 1848 1807 1894 
6862 1863 1892 1737 1732 
6863 1890 930 1881 978 
6864 1259 1262 1248 1831 
6865 916 915 960 1890 
6866 1112 1949 1968 241 
6867 1002 1000 1001 1857 
6868 1790 1822 1735 1870 
6869 1251 1274 1282 1806 
6870 1030 1859 1884 1054 
6871 1280 1297 1833 1867 
6872 1002 1770 1855 1857 
6873 1292 1966 1930 1862 
6874 1292 1966 1862 1222 
6875 1113 1846 1065 1883 
6876 1836 1270 1245 1241 
6877 1949 1917 1791 1271 
6878 1242 1246 1276 1869 
6879 1254 1255 1226 1835 
6880 1771 1869 1852 1896 
6881 1094 1791 1078 1879 
6882 910 927 936 1807 
6883 1270 1250 1243 1727 
6884 1168 1138 1152 1829 
6885 881 1788 930 1881 
6886 1865 1222 1966 256 
6887 1012 1013 1017 1775 
6888 900 901 898 1888 
6889 1919 894 893 1811 
6890 1178 1212 1203 1837 
6891 1727 1815 1750 1872 
6892 959 1763 1953 193 
6893 1031 1034 1023 1875 
6894 1212 1187 1203 1837 
6895 917 943 926 1877 
6896 1149 1129 1137 1838 
6897 1734 1852 1783 1869 
6898 1872 1885 1832 1719 
6899 1718 1843 1889 1905 
6900 1051 1914 1812 988 
6901 1939 974 890 189 
6902 1731 1793 1884 1905 
6903 1071 1871 1110 1891 
6904 991 1938 1036 1801 
6905 966 881 959 1788 
6906 1958 1938 1053 991 
6907 965 1922 954 1822 
6908 1168 1143 1138 1829 
6909 1008 1007 1009 1887 
6910 909 903 949 1876 
6911 1737 1860 1828 1862 
6912 1252 1851 1784 1902 
6913 1088 1086 1085 1820 
6914 1915 1124 1147 1903 
6915 225 1825 1049 1033 
6916 901 906 948 1888 
6917 1760 1889 1843 1905 
6918 1729 1784 1815 1851 
6919 1287 1812 1221 1859 
6920 1277 1253 1272 1823 
6921 1281 1297 1228 1867 
6922 1951 882 1790 965 
6923 1030 1859 1054 1024 
6924 988 1051 1030 1812 
6925 937 929 1878 1894 
6926 1142 1804 1140 1895 
6927 1957 1290 1914 1812 
6928 938 879 184 1882 
6929 1198 1218 1219 1816 
6930 1957 988 223 1024 
6931 884 937 951 1820 
6932 918 899 926 1786 
6933 1238 1242 1276 1869 
6934 1729 1784 1851 1902 
6935 1065 1113 1098 1846 
6936 1139 1117 1145 1788 
6937 1935 1050 1814 1026 
6938 1128 1950 1121 1127 
6939 1933 1919 1048 173 
6940 1742 1785 1818 1858 
6941 1965 958 1925 191 
6942 1881 1796 1948 1119 
6943 1725 1866 1771 1896 
6944 893 907 878 1811 
6945 983 1856 1006 1041 
6946 1196 1208 1802 1865 
6947 257 1926 1208 1865 
6948 1780 1859 1039 1884 
6949 984 1012 1017 1817 
6950 1227 1853 1264 1854 
6951 1098 1103 1059 1835 
6952 1273 1220 1271 1791 
6953 1084 1114 1094 1842 
6954 1962 1102 1063 1096 
6955 926 918 1786 1906 
6956 1914 1746 1051 1812 
6957 1966 255 256 1222 
6958 1239 1240 1827 1880 
6959 915 916 914 1890 
6960 1124 1814 1171 1903 
6961 1253 1254 1226 1835 
6962 1097 1105 1802 1749 
6963 1218 1816 1198 1904 
6964 1755 1884 1793 1905 
6965 991 1938 1053 1056 
6966 1759 1876 1747 1901 
6967 1918 1816 1062 1904 
6968 1057 184 1090 1882 
6969 1926 1216 1802 1960 
6970 1039 1755 1006 1780 
6971 955 981 892 1800 
6972 1202 1186 1185 1860 
6973 916 930 917 1877 
6974 979 963 1801 1893 
6975 1208 1926 1802 1865 
6976 880 1954 950 175 
6977 959 885 932 1763 
6978 1161 1908 1118 1806 
6979 1278 1825 1294 1853 
6980 1954 986 1919 174 
6981 1807 1848 1742 1894 
6982 1948 196 195 1119 
6983 1001 1016 1003 1868 
6984 1931 1948 195 1119 
6985 1132 1134 1133 1844 
6986 248 1908 1118 1160 
6987 983 1856 1041 1830 
6988 1047 1814 1026 1902 
6989 978 960 889 1796 
6990 1039 1859 1054 1884 
6991 1920 1045 995 1036 
6992 919 907 918 1906 
6993 994 1037 1035 1800 
6994 1018 989 219 1927 
6995 1145 1154 1139 1788 
6996 1205 1197 1183 1800 
6997 1080 1075 1089 1818 
6998 1935 1050 1026 217 
6999 993 1044 1033 1825 
7000 1060 1078 1094 1791 
7001 1160 1911 1123 249 
7002 1068 1087 1066 1821 
7003 908 904 903 1839 
7004 1241 1270 1243 1836 
7005 1191 1206 1174 1790 
7006 1933 1919 893 1811 
7007 1112 1949 241 1114 
7008 1162 1824 1903 1137 
7009 1931 933 881 195 
7010 1124 1171 1162 1903 
7011 1951 1174 1916 203 
7012 1727 1830 1780 1873 
7013 1194 1180 1209 1822 
7014 1286 1268 1224 1830 
7015 991 1938 1056 1036 
7016 888 200 1928 955 
7017 1189 1188 1186 1860 
7018 983 1929 1018 220 
7019 1148 1161 1118 1806 
7020 1014 1011 1030 1799 
7021 1264 1227 1294 1853 
7022 956 951 937 1820 
7023 1890 930 978 916 
7024 1280 1228 1297 1867 
7025 1234 1225 1233 1842 
7026 1147 1148 1806 1903 
7027 1924 1120 228 1164 
7028 1801 1810 1756 1893 
7029 1735 1822 1790 1878 
7030 1780 1884 1755 1905 
7031 1941 1104 1960 1802 
7032 1266 1239 1240 1827 
7033 1171 1149 1137 1838 
7034 1195 1189 1202 1860 
7035 880 1954 175 1923 
7036 1211 1173 1930 1862 
7037 979 963 891 1801 
7038 1202 1185 1200 1794 
7039 1940 1921 1066 1781 
7040 1750 1815 1727 1851 
7041 953 925 923 1893 
7042 1941 1104 1802 1097 
7043 1211 1930 1173 255 
7044 1829 1833 1743 1867 
7045 1931 933 195 1948 
7046 1929 1927 1830 1018 
7047 900 902 901 1728 
7048 1106 236 1932 1846 
7049 958 973 891 1801 
7050 1718 1777 1843 1897 
7051 1266 1240 1263 1827 
7052 1147 1148 1118 1806 
7053 885 953 932 1763 
7054 1073 1069 1071 1849 
7055 1259 1261 1262 1831 
7056 1213 1201 253 1853 
7057 1925 973 1955 190 
7058 1780 1830 1727 1856 
7059 1142 1120 1140 1804 
7060 1939 974 189 1964 
7061 1102 1063 1116 1804 
7062 1933 1919 173 893 
7063 222 1024 1021 1859 
7064 968 886 977 1821 
7065 1034 999 1023 1840 
7066 1219 1175 1198 1816 
7067 253 1201 1934 1853 
7068 1144 1920 1126 1801 
7069 253 254 1213 1853 
7070 1896 1843 1897 1753 
7071 1723 1756 1819 1840 
7072 957 887 961 1875 
7073 931 888 967 1837 
7074 983 1956 221 1021 
7075 1280 1297 1254 1833 
7076 1224 1268 1288 1830 
7077 1230 1941 243 244 
7078 1909 1049 1969 1825 
7079 1909 1049 1825 993 
7080 971 1819 961 1875 
7081 1931 1948 1119 1881 
7082 1075 1078 1072 1879 
7083 225 1914 224 1231 
7084 1281 1255 1297 1846 
7085 1181 1199 1182 1845 
7086 1112 1949 1114 1842 
7087 991 1036 1045 1801 
7088 980 924 921 1805 
7089 253 1278 1227 1853 
7090 1927 1224 1284 219 
7091 898 948 899 1888 
7092 1292 1966 1222 255 
7093 1097 1061 1105 1749 
7094 983 1956 1021 1780 
7095 1913 216 1035 1046 
7096 1292 1966 255 1930 
7097 922 920 921 1819 
7098 1921 1107 1066 181 
7099 1285 1229 1279 1814 
7100 1966 1862 1222 1865 
7101 1913 1214 1197 216 
7102 1928 1961 1800 955 
7103 985 997 996 1797 
7104 994 1035 1046 1800 
7105 1872 1885 1719 1729 
7106 1908 1911 1787 1160 
7107 1941 1230 1291 244 
7108 999 1028 996 1840 
7109 964 939 940 1817 
7110 1926 1216 1960 258 
7111 1296 236 1255 1846 
7112 1122 1144 1159 1801 
7113 1205 1214 1197 1800 
7114 1285 1252 1229 1902 
7115 927 910 905 1807 
7116 1201 1825 1934 1853 
7117 905 901 902 1728 
7118 927 937 884 1894 
7119 1177 1193 1195 1828 
7120 1047 992 1026 1814 
7121 1912 1046 994 178 
7122 225 1825 1231 1293 
7123 1106 1098 236 1846 
7124 1936 1296 1281 1846 
7125 1112 1114 1084 1842 
7126 1092 1093 1060 1823 
7127 1123 1143 1168 1867 
7128 1728 1858 1792 1874 
7129 1761 1871 1808 1891 
7130 944 963 953 1893 
7131 898 899 896 1850 
7132 1957 1024 222 1859 
7133 965 954 975 1822 
7134 1763 1122 192 1965 
7135 1735 1790 1863 1878 
7136 1222 1260 1259 1862 
7137 1179 1199 1181 1845 
7138 1934 1293 1278 1825 
7139 936 186 185 1848 
7140 1934 1201 1215 1825 
7141 973 1958 167 891 
7142 1025 1043 1029 1899 
7143 900 949 903 1876 
7144 1161 1143 1160 1787 
7145 1792 1847 1728 1874 
7146 1793 1884 1755 1887 
7147 1196 1177 1208 1865 
7148 885 192 944 1763 
7149 1216 1204 1208 1802 
7150 1027 1040 1044 1845 
7151 1935 1026 1814 1902 
7152 1157 1165 1936 1846 
7153 1101 1115 1062 1816 
7154 1094 1114 1060 1791 
7155 1173 1195 1202 1862 
7156 1924 1142 1804 1120 
7157 984 1017 1042 1817 
7158 937 929 956 1878 
7159 1735 1863 1790 1870 
7160 1790 1863 1732 1892 
7161 237 236 1098 1846 
7162 1091 186 1058 1848 
7163 1943 1050 206 992 
7164 955 892 970 1800 
7165 1819 1840 1756 1875 
7166 1943 1050 992 1814 
7167 1877 1881 1738 1890 
7168 1062 1095 1101 1816 
7169 1062 1816 1115 1904 
7170 1072 1070 1074 1871 
7171 1909 1049 993 212 
7172 1942 1295 1279 245 
7173 1026 992 1050 1814 
7174 1019 1047 1026 1902 
7175 1021 1956 222 1859 
7176 1909 1049 212 1969 
7177 1957 1812 1024 1859 
7178 1796 1738 1881 1890 
7179 1097 1105 1064 1802 
7180 1280 1254 1249 1833 
7181 1211 1177 1865 256 
7182 1948 978 889 1796 
7183 973 1958 891 1801 
7184 1763 1122 1156 192 
7185 915 914 913 1841 
7186 1124 245 1163 1942 
7187 884 187 186 1848 
7188 1209 1206 1194 1822 
7189 1218 1198 1180 1904 
7190 1064 1104 1097 1802 
7191 1220 1277 1272 1823 
7192 1193 1189 1195 1828 
7193 1109 1059 1103 1835 
7194 1076 1093 1109 1891 
7195 1204 1196 1208 1802 
7196 1965 958 191 944 
7197 1104 1802 1064 231 
7198 1191 1870 1790 1892 
7199 1935 1050 217 1959 
7200 1236 1273 1234 1866 
7201 954 890 975 1822 
7202 979 925 963 1893 
7203 1090 1070 1057 1882 
7204 915 913 968 1841 
7205 1020 1047 997 1838 
7206 961 971 920 1819 
7207 954 205 974 1922 
7208 989 218 1927 1902 
7209 1000 1005 1023 1857 
7210 1904 1108 1100 235 
7211 1773 1863 1870 1892 
7212 1229 1295 1279 1814 
7213 970 178 1912 892 
7214 181 969 942 1921 
7215 1750 1872 1815 1729 
7216 930 943 917 1877 
7217 988 1030 1024 1812 
7218 1007 1010 1009 1884 
7219 1124 1162 1147 1903 
7220 1965 1159 1801 1122 
7221 880 939 964 1817 
7222 1236 1276 1273 1866 
7223 1075 1074 1089 1818 
7224 1904 1108 235 1964 
7225 1156 1146 1167 1763 
7226 191 1122 1965 192 
7227 1155 1171 1124 1814 
7228 1026 218 989 1902 
7229 1104 1802 231 1960 
7230 941 975 956 1878 
7231 921 924 923 1805 
7232 972 879 938 1882 
7233 1223 1282 1274 1806 
7234 936 884 186 1848 
7235 894 907 893 1811 
7236 1200 1199 1201 1853 
7237 1289 1221 222 1859 
7238 1048 1055 1005 1811 
7239 170 945 887 1875 
7240 1937 1106 1846 1065 
7241 1260 1227 1264 1854 
7242 169 1875 987 170 
7243 879 972 976 1882 
7244 1221 1287 1265 1812 
7245 1044 993 1027 1845 
7246 886 942 977 1821 
7247 937 947 929 1894 
7248 1965 1159 1122 191 
7249 1937 1106 1065 226 
7250 1922 1217 1209 205 
7251 1026 1935 218 1902 
7252 1790 1870 1863 1892 
7253 1247 1244 1243 1864 
7254 884 936 927 1848 
7255 1054 1039 1021 1859 
7256 891 963 958 1801 
7257 959 1763 193 885 
7258 1008 1029 1043 1887 
7259 1142 1140 1141 1895 
7260 1287 1221 1267 1859 
7261 1225 1234 1271 1842 
7262 1159 1144 1126 1801 
7263 1269 1244 1247 1864 
7264 1192 1194 1191 1870 
7265 1229 1284 218 1902 
7266 1719 1815 1872 1729 
7267 1012 984 1029 1899 
7268 1147 1162 1148 1903 
7269 1231 1294 1278 1825 
7270 1239 1237 1240 1880 
7271 1953 1145 1931 194 
7272 1961 955 199 970 
7273 1122 1801 1965 1893 
7274 1237 1239 1238 1880 
7275 1122 1965 1763 1893 
7276 1257 1258 1256 1865 
7277 933 881 930 1881 
7278 1920 1045 1036 1801 
7279 1925 973 190 958 
7280 1110 1071 1072 1871 
7281 1291 1257 1230 1802 
7282 1155 1124 1163 1814 
7283 1008 1009 1029 1887 
7284 1969 1049 225 1825 
7285 908 928 904 1839 
7286 1154 1134 1132 1844 
7287 1210 1187 1188 1892 
7288 1089 1091 1058 1848 
7289 1065 1846 1937 1883 
7290 1933 1055 1015 1048 
7291 920 922 961 1819 
7292 1284 1229 1252 1902 
7293 1146 1130 1128 1861 
7294 1221 1265 1290 1812 
7295 1922 1217 1964 1822 
7296 1264 1261 1260 1854 
7297 1250 1252 1251 1851 
7298 1922 1217 205 1964 
7299 1146 1139 1130 1861 
7300 926 919 918 1906 
7301 1278 1294 1227 1853 
7302 1006 1003 1041 1856 
7303 227 1096 1065 1883 
7304 1022 1002 1004 1855 
7305 198 952 969 1781 
7306 1936 1157 251 1165 
7307 1096 227 1962 1883 
7308 1937 1106 1932 1846 
7309 1934 1201 252 1215 
7310 1286 1270 1268 1873 
7311 21 1964 205 1217 
7312 926 980 919 1906 
7313 189 188 890 1939 
7314 1917 1272 1907 1823 
7315 1006 1004 1003 1856 
7316 1156 1117 1146 1763 
7317 1010 1039 1054 1884 
7318 1033 1049 993 1825 
7319 1018 983 1041 1830 
7320 1917 1272 239 1907 
7321 1126 1169 1159 1801 
7322 1123 1168 1157 1867 
7323 1285 1251 1252 1851 
7324 1170 1142 1141 1895 
7325 1115 1067 1100 1904 
7326 1260 1222 1292 1862 
7327 891 167 168 1958 
7328 1094 1078 1079 1879 
7329 1025 1029 984 1899 
7330 1038 1019 1016 1868 
7331 1034 987 1052 1875 
7332 1201 1179 1215 1825 
7333 1079 1078 1075 1879 
7334 1105 1111 1083 1749 
7335 227 1065 1937 1883 
7336 945 971 961 1875 
7337 1211 1195 1173 1862 
7338 1953 881 1788 959 
7339 1071 1110 1076 1891 
7340 1000 1002 1005 1857 
7341 1272 238 239 1907 
7342 1933 1967 1811 878 
7343 951 188 187 1820 
7344 1907 238 1059 237 
7345 1907 1253 1226 1835 
7346 956 929 941 1878 
7347 215 216 1035 1913 
7348 942 182 181 1921 
7349 1021 1024 1054 1859 
7350 1845 213 1027 214 
7351 1231 1278 1293 1825 
7352 1100 1062 1115 1904 
7353 213 993 212 1909 
7354 227 1151 1120 1883 
7355 242 1061 243 1910 
7356 1111 1105 1061 1749 
7357 1192 1191 1190 1870 
7358 1071 1070 1072 1871 
7359 1202 1189 1186 1860 
7360 177 1912 178 892 
7361 183 938 184 1952 
7362 1036 210 995 1920 
7363 883 174 1919 173 
7364 1941 1104 1097 244 
7365 1144 1128 1127 1810 
7366 1073 1087 1069 1849 
7367 172 893 878 1933 
7368 1123 1911 250 249 
7369 247 1147 1915 246 
7370 1065 1098 1106 1846 
7371 1268 1270 1245 1873 
7372 901 948 898 1888 
7373 1904 234 235 1100 
7374 1200 1201 1213 1853 
7375 978 933 930 1881 
7376 1941 1104 244 1960 
7377 176 175 1923 880 
7378 240 239 1060 1917 
7379 886 183 182 1821 
7380 1188 1191 1210 1892 
7381 963 925 953 1893 
7382 1157 250 1936 251 
7383 1283 1258 1257 1865 
7384 1255 1281 1296 1846 
7385 1947 214 990 215 
7386 1935 218 217 1026 
7387 233 1946 232 1095 
7388 1289 1267 1221 1859 
7389 937 927 947 1894 
7390 1913 1214 1963 1800 
7391 1020 207 1838 208 
7392 1096 1113 1065 1883 
7393 1118 247 1908 248 
7394 229 1099 1940 230 
7395 1913 1214 216 1963 
7396 1001 1038 1016 1868 
7397 889 197 196 1796 
7398 207 1943 206 992 
7399 169 946 168 1756 
7400 202 203 882 1916 
7401 1110 1093 1076 1891 
7402 1028 999 1034 1840 
7403 1961 1963 1800 970 
7404 1882 185 879 184 
7405 1214 19 216 1963 
7406 1802 232 1064 231 
7407 199 1963 970 19 
7408 1049 23 1969 225 
7409 1925 973 958 1801 
7410 1907 238 239 1092 
7411 1942 1124 245 246 
7412 1928 201 200 888 
7413 226 1932 1937 1106 
7414 1120 1151 1152 1883 
7415 226 1932 1106 24 
7416 1962 228 227 1096 
7417 1926 1216 258 1208 
7418 226 1932 24 1165 
7419 233 1062 234 1918 
7420 253 1934 1201 252 
7421 1926 1216 1208 1802 
7422 1165 1937 1932 1846 
7423 208 209 1950 985 
7424 945 961 887 1875 
7425 169 1875 170 887 
7426 170 171 945 1875 
7427 1157 1151 1165 1846 
7428 1010 1007 1039 1884 
7429 1026 989 1019 1902 
7430 257 1865 1177 256 
7431 222 1957 223 1024 
7432 987 1031 170 1875 
7433 1941 1097 243 244 
7434 191 1965 944 192 
7435 201 967 1944 202 
7436 995 210 209 1920 
7437 197 952 198 1781 
7438 205 954 204 1922 
7439 1056 210 1036 1938 
7440 955 200 1961 199 
7441 1063 229 1924 228 
7442 1114 1949 241 240 
7443 1954 174 950 175 
7444 1941 1291 1230 1802 
7445 219 989 218 1927 
7446 1926 1208 258 257 
7447 254 1173 1930 255 
7448 199 1963 19 1214 
7449 1211 255 256 1966 
7450 220 983 1929 221 
7451 226 1932 1165 1937 
7452 23 1969 212 1049 
7453 1104 1960 25 244 
7454 1018 1927 219 220 
7455 1914 223 988 224 
7456 231 25 1104 1960 
7457 21 974 205 1964 
7458 1970 198 20 969 
7459 1945 176 939 177 
7460 1112 1968 242 241 
7461 22 1050 206 1959 
7462 1963 19 216 1046 
7463 1937 1065 227 226 
7464 973 190 18 1955 
7465 21 1964 235 1108 
7466 203 204 965 1951 
7467 973 18 167 1955 
7468 245 1959 22 1163 
7469 230 1970 20 1107 
7470 933 196 195 1948 
7471 181 20 969 1970 
7472 1924 1120 1962 228 
7473 221 1021 1956 222 
7474 178 1963 19 970 
7475 252 1969 23 1293 
7476 189 974 21 1964 
7477 958 190 1925 191 
7478 24 1932 1106 236 
7479 22 217 1050 1959 
7480 248 249 1911 1160 
7481 25 1960 1216 258 
7482 251 1932 1165 24 
7483 1933 172 893 173 
7484 1938 1053 1056 211 
7485 959 194 193 1953 
7486 211 1053 18 1955 
7487 987 1034 1031 1875 
7488 1763 885 192 193 
7489 881 194 1931 195 
7490 1938 1053 211 1955 
7491 878 1967 171 172 
7492 1924 1120 1804 1962 
7493 1938 1056 210 211 
7494 1888 935 1778 948 
7495 1786 1778 935 1757 
7496 977 1841 960 915 
7497 960 1841 977 1821 
7498 1772 1233 1789 1248 
7499 1772 1789 1233 1749 
7500 1728 1839 903 902 
7501 221 1956 1289 222 
7502 1739 1737 1769 1782 
7503 1739 1737 1782 1721 
7504 1799 1040 1845 1014 
7505 1799 1845 1040 1764 
7506 964 1899 880 1817 
7507 1899 1876 934 1762 
7508 1884 1030 1054 1010 
7509 1030 1859 1024 1812 
7510 1787 1282 1269 1298 
7511 1845 1176 214 1947 
7512 1754 1000 998 1840 
7513 1754 1000 1840 1857 
7514 1868 1047 1902 1838 
7515 1868 1902 1047 1019 
7516 1089 1742 1848 1085 
7517 1089 1742 1085 1080 
7518 1807 1767 1728 947 
7519 1176 214 1947 215 
7520 1913 1947 215 1176 
7521 1120 228 227 1962 
7522 1948 1796 196 1119 
7523 229 1940 1158 230 
7524 1883 1077 1743 1774 
7525 1883 1743 1077 1113 
7526 1103 1743 1077 1774 
7527 1103 1077 1743 1113 
7528 1880 1262 1789 1237 
7529 1880 1789 1262 1831 
7530 1779 1890 1813 1738 
7531 1813 1890 1779 1726 
7532 1804 1940 1924 1063 
7533 1924 1940 1804 1158 
7534 1962 227 1120 1883 
7535 1962 1120 1804 1883 
7536 1063 1940 229 1099 
7537 1924 1940 229 1063 
7538 1722 1837 1776 1745 
7539 1722 1776 1837 1732 
7540 1947 1176 1764 1845 
7541 1810 1893 1167 1763 
7542 1087 1804 1102 1116 
7543 1087 1804 1116 1781 
7544 1744 1865 1207 1196 
7545 1744 1207 1865 1828 
7546 1193 1207 1865 1196 
7547 1193 1865 1207 1828 
7548 1821 1057 1069 1758 
7549 1821 1069 1057 1068 
7550 1748 1055 1023 982 
7551 1748 1055 982 1811 
7552 229 1940 1924 1158 
7553 1948 978 1796 1881 
7554 1862 1200 1202 1173 
7555 1862 1202 1200 1794 
7556 1266 1760 1267 1245 
7557 1266 1760 1245 1239 
7558 1887 1022 1762 1043 
7559 1887 1762 1022 1855 
7560 1741 1720 1809 1871 
7561 1741 1720 1871 1886 
7562 1788 932 1805 1763 
7563 1788 1805 932 966 
7564 1828 1190 1207 1193 
7565 1828 1207 1190 1773 
7566 1845 1176 1181 214 
7567 990 214 1845 1027 
7568 1916 967 1837 882 
7569 1916 1210 1203 1174 
7570 1743 1152 1829 1867 
7571 1743 1152 1867 1846 
7572 1910 1968 242 1112 
7573 1084 1910 1112 1842 
7574 1897 1782 1792 1739 
7575 1897 1792 1782 1847 
7576 1796 1125 1781 197 
7577 1282 1851 1247 1251 
7578 1247 1851 1282 1750 
7579 1874 1863 1742 1721 
7580 1874 1742 1863 1767 
7581 1809 1871 1818 1741 
7582 1879 1871 1809 1761 
7583 1913 1947 1176 1800 
7584 1893 922 957 925 
7585 1136 1895 1153 1141 
7586 1153 1895 1136 1779 
7587 1107 1940 1099 230 
7588 1107 1940 230 1970 
7589 1940 1166 1158 230 
7590 197 1781 198 1125 
7591 1176 1947 1764 1800 
7592 1914 1265 1290 1231 
7593 1940 1166 1781 1158 
7594 1914 1746 1231 1825 
7595 919 1819 921 920 
7596 919 1819 920 1748 
7597 888 1944 201 967 
7598 888 1944 967 1837 
7599 1781 1166 198 1125 
7600 1729 1806 1851 1750 
7601 1924 1142 1120 1164 
7602 1962 1063 228 1096 
7603 1855 1005 1022 1002 
7604 1855 1005 1002 1857 
7605 1868 989 1016 1784 
7606 1868 989 1784 1902 
7607 1790 1210 1174 1191 
7608 1790 1210 1191 1892 
7609 1889 1856 1780 1727 
7610 1889 1780 1856 1755 
7611 1867 250 1936 1157 
7612 1867 1281 250 1228 
7613 1892 1190 1191 1870 
7614 1892 1191 1190 1188 
7615 1162 1824 1137 1172 
7616 1162 1824 1172 1148 
7617 1781 1970 969 198 
7618 237 1907 1226 1835 
7619 1907 1272 238 1226 
7620 1226 238 1907 237 
7621 237 1835 1255 1846 
7622 1928 1205 1961 200 
7623 1255 236 237 1846 
7624 1961 200 1205 199 
7625 1961 1214 199 1205 
7626 1928 1205 1800 1961 
7627 1820 188 1088 1067 
7628 231 25 1960 1216 
7629 1820 188 187 1088 
7630 1908 1787 1223 1806 
7631 1908 1911 1160 248 
7632 1223 247 1908 1806 
7633 1908 1275 248 1223 
7634 1908 247 1223 248 
7635 185 1848 1091 1882 
7636 185 1091 1090 1882 
7637 1960 1802 231 1216 
7638 185 186 1091 1848 
7639 1908 1275 1911 248 
7640 1821 1952 938 183 
7641 248 249 1275 1911 
7642 1821 1057 183 1068 
7643 1821 183 182 1068 
7644 1838 1950 985 208 
7645 1230 1941 1802 1749 
7646 1838 1121 208 1149 
7647 1149 1155 207 1838 
7648 1838 207 1149 208 
7649 213 1909 1179 1845 
7650 1909 1825 1179 1845 
7651 1909 1215 1179 1825 
7652 1215 212 1909 1179 
7653 213 1909 212 1179 
7654 1910 1233 1232 1225 
7655 1230 1232 1910 1749 
7656 1230 243 1910 1232 
7657 1910 1968 1112 1842 
7658 242 1910 243 1232 
7659 1910 1233 1225 1842 
7660 1845 1947 214 990 
7661 1908 1275 1787 1911 
7662 1181 213 1845 214 
7663 1911 1280 1228 1275 
7664 1911 1280 1275 1787 
7665 250 1228 1911 1867 
7666 1228 1911 1275 249 
7667 1911 1228 250 249 
7668 1796 1781 952 197 
7669 1941 1910 1230 243 
7670 1796 1125 197 1150 
7671 1119 1796 196 1150 
7672 1796 197 196 1150 
7673 994 1912 1042 1800 
7674 177 1042 994 1912 
7675 1912 1963 178 970 
7676 1912 1963 970 1800 
7677 177 994 178 1912 
7678 987 1756 1052 1875 
7679 1939 1904 1108 1067 
7680 1756 991 1045 1801 
7681 1756 1958 891 168 
7682 1756 991 168 1032 
7683 1957 1290 223 1914 
7684 169 1756 168 1032 
7685 22 217 1959 1295 
7686 1175 1204 232 1802 
7687 231 1802 1204 1216 
7688 1204 232 1802 231 
7689 245 1959 1163 1942 
7690 1913 1176 1197 1800 
7691 1913 1963 216 1046 
7692 215 1913 1176 1197 
7693 1913 1963 1046 1800 
7694 215 216 1913 1197 
7695 233 1175 232 1946 
7696 1957 988 1024 1812 
7697 1957 1290 1812 1221 
7698 1290 223 1914 224 
7699 1914 1265 1231 1746 
7700 1914 1231 1290 224 
7701 1915 1274 1279 1903 
7702 1915 247 1274 1806 
7703 1915 1806 1274 1903 
7704 1274 1915 1279 246 
7705 247 1915 1274 246 
7706 1916 1210 1174 1790 
7707 1951 882 965 203 
7708 1916 1944 1837 967 
7709 1951 882 203 1916 
7710 202 203 1916 1174 
7711 1916 1944 967 202 
7712 1917 1271 1220 1791 
7713 1917 1907 239 1092 
7714 1271 240 1917 1220 
7715 1917 1791 1220 1823 
7716 1917 1907 1092 1823 
7717 240 239 1917 1220 
7718 1865 1966 1211 256 
7719 1935 1959 217 1295 
7720 1865 1222 256 1283 
7721 257 1283 1865 256 
7722 1198 1175 1918 1816 
7723 1198 233 1918 1175 
7724 1918 234 1198 1904 
7725 1198 1816 1918 1904 
7726 233 1918 234 1198 
7727 1048 1762 986 1919 
7728 1954 883 950 174 
7729 1048 1762 1919 1811 
7730 1954 883 174 1919 
7731 1919 986 1048 173 
7732 1919 174 986 173 
7733 1950 1127 1810 1920 
7734 1950 1127 1920 209 
7735 1920 1801 1036 1938 
7736 1920 1126 210 1127 
7737 1920 210 209 1127 
7738 1921 1970 181 969 
7739 1066 1781 1921 1821 
7740 182 1066 1921 1821 
7741 1921 1970 969 1781 
7742 1921 182 181 1066 
7743 1922 1964 205 974 
7744 1206 1209 1922 1822 
7745 1206 204 1922 1209 
7746 1922 1964 974 1822 
7747 205 1922 204 1209 
7748 1025 984 1923 1899 
7749 984 1817 1923 1899 
7750 1923 1945 176 939 
7751 1923 1945 939 1817 
7752 1025 984 175 1923 
7753 176 175 984 1923 
7754 1962 1102 1096 1883 
7755 1924 229 1164 228 
7756 1924 1142 1164 1158 
7757 1924 229 1158 1164 
7758 1962 1063 1804 1924 
7759 1959 1163 1942 1814 
7760 1935 1959 1295 1814 
7761 1217 1180 235 1904 
7762 1180 234 235 1904 
7763 963 1965 958 1801 
7764 1965 1159 191 1925 
7765 1925 1159 1169 1801 
7766 1925 190 1169 1159 
7767 1925 190 1159 191 
7768 257 1257 1926 1865 
7769 1926 1257 1802 1865 
7770 1926 1257 1291 1802 
7771 1926 258 1291 1257 
7772 1257 1926 258 257 
7773 187 1058 186 1848 
7774 1252 1927 1902 1784 
7775 1058 187 1820 1848 
7776 1927 218 1284 1902 
7777 219 1927 218 1284 
7778 1745 1205 1183 1800 
7779 1928 1961 955 200 
7780 1178 1928 1745 1837 
7781 1944 1178 1837 1928 
7782 1928 1205 200 1178 
7783 1178 201 200 1928 
7784 1944 1178 1928 201 
7785 1288 1780 1929 1830 
7786 1956 1288 1780 1929 
7787 1929 1927 1018 220 
7788 1929 1224 220 1288 
7789 1956 1288 1929 221 
7790 220 1929 1288 221 
7791 1930 1853 1292 1862 
7792 254 1173 1213 1853 
7793 1930 1966 255 1211 
7794 1930 1966 1211 1862 
7795 1941 1910 1749 1230 
7796 254 1930 1292 255 
7797 1953 881 959 194 
7798 1145 1788 1931 1881 
7799 1145 1931 1119 1881 
7800 195 1145 1931 1119 
7801 1953 881 194 1931 
7802 1931 194 1145 195 
7803 1932 236 1296 1846 
7804 1165 1932 1936 1846 
7805 251 1932 24 1296 
7806 24 1296 1932 236 
7807 1933 1967 878 172 
7808 1933 1055 1048 1811 
7809 1015 1933 1048 173 
7810 1933 982 172 1015 
7811 1015 172 1933 173 
7812 253 1934 1278 1853 
7813 1934 1825 1278 1853 
7814 1756 991 1958 168 
7815 1934 1293 252 1278 
7816 253 1278 1934 252 
7817 1763 1965 192 944 
7818 1958 167 168 991 
7819 1958 1053 167 991 
7820 1156 1763 193 1117 
7821 1156 1763 192 193 
7822 1229 1935 1295 1814 
7823 1229 1935 1814 1902 
7824 1229 217 1295 1935 
7825 1935 1229 218 1902 
7826 1229 218 217 1935 
7827 1756 991 1801 1958 
7828 171 1967 878 1875 
7829 170 1031 171 1875 
7830 1958 1938 991 1801 
7831 1281 1936 1846 1867 
7832 1957 1290 1221 223 
7833 1936 1296 251 1281 
7834 1936 250 1281 251 
7835 1867 250 1281 1936 
7836 1151 1937 1165 1846 
7837 1937 1846 1151 1883 
7838 1937 1151 1165 226 
7839 227 1937 1151 1883 
7840 1151 1937 227 226 
7841 1920 1801 1938 1126 
7842 1126 1938 1169 1801 
7843 210 1036 1938 1920 
7844 1126 1938 211 1169 
7845 1126 1938 210 211 
3 5 4 567
7846 1325 432 444 1973 
7847 1979 1977 1344 1334 
7848 428 1317 1322 1321 
7849 427 428 422 1973 
7850 1975 428 1317 422 
7851 422 1323 1317 1333 
7852 1299 1983 262 1972 
7853 1325 432 437 444 
7854 1322 1972 1321 1348 
7855 1975 428 422 438 
7856 1979 1977 1334 436 
7857 437 1325 444 1971 
7858 33 34 1300 1989 
7859 1978 1331 1342 1336 
7860 436 1977 1334 441 
7861 1978 1337 1336 1316 
7862 1329 1977 1330 1320 
7863 433 1341 1328 1337 
7864 437 432 1326 446 
7865 32 1972 419 1983 
7866 792 1986 1971 160 
7867 1332 1989 1341 419 
7868 446 1314 437 421 
7869 435 1318 1331 1346 
7870 451 436 423 1318 
7871 1992 1985 1980 1993 
7872 1321 428 438 1972 
7873 1333 1971 426 1973 
7874 1319 1982 1333 1971 
7875 1341 1989 1332 1316 
7876 1978 2005 2000 1304 
7877 1321 1975 1985 438 
7878 1314 446 1329 421 
7879 422 1317 1975 1988 
7880 445 1978 34 1989 
7881 428 452 438 1972 
7882 1322 1972 1339 1974 
7883 1325 1326 432 1973 
7884 1332 419 1341 1974 
7885 435 1318 1346 451 
7886 1334 451 1330 1318 
7887 1339 1972 1332 1974 
7888 1978 434 1337 1316 
7889 419 1332 1972 1974 
7890 1979 1344 2001 2006 
7891 2001 1977 1990 1344 
7892 438 1975 1985 82 
7893 437 1326 432 1325 
7894 1317 422 1333 1988 
7895 32 419 1972 443 
7896 1341 1989 434 419 
7897 1984 1329 1314 1340 
7898 446 1977 441 1330 
7899 1978 1331 1336 1337 
7900 434 1978 1989 1316 
7901 1977 1340 1329 1984 
7902 423 439 435 1331 
7903 1990 2001 1344 2006 
7904 1334 451 1318 436 
7905 1997 1990 1344 2006 
7906 162 1984 1977 791 
7907 419 1332 1983 1972 
7908 1339 1315 1332 1972 
7909 1997 1344 14 2006 
7910 437 444 420 1971 
7911 433 1341 1337 434 
7912 435 1318 451 423 
7913 1986 1325 437 1971 
7914 432 1326 446 433 
7915 1314 437 1326 446 
7916 436 423 1318 1976 
7917 423 1331 1318 1976 
7918 419 1972 430 1974 
7919 433 1326 446 1328 
7920 424 1985 438 1972 
7921 1975 428 438 1321 
7922 422 426 1333 1988 
7923 1329 446 1326 1328 
7924 1989 263 1303 1983 
7925 1976 455 456 1994 
7926 439 1976 1995 1987 
7927 1989 1978 34 1300 
7928 1322 1972 1974 428 
7929 436 1977 441 440 
7930 788 1984 1986 161 
7931 439 1976 1331 423 
7932 1979 1344 2006 109 
7933 1335 1985 1972 1321 
7934 1344 109 14 2006 
7935 1325 444 1971 1973 
7936 1333 447 426 1971 
7937 1983 1989 263 1332 
7938 1990 2001 2006 458 
7939 1337 434 1341 1316 
7940 433 1337 1328 1346 
7941 2004 259 1993 1311 
7942 35 1306 1304 2000 
7943 1330 441 433 451 
7944 1977 1334 1320 1344 
7945 435 1318 423 1331 
7946 1330 451 1346 1318 
7947 2004 259 1311 26 
7948 446 1326 1314 1329 
7949 1314 1326 437 1325 
7950 433 1337 1346 435 
7951 1972 428 430 1974 
7952 435 433 451 1346 
7953 1337 1346 435 1331 
7954 1334 451 436 441 
7955 2005 36 1304 4 
7956 1322 1972 428 1321 
7957 1331 1995 1342 1987 
7958 443 430 419 1972 
7959 1986 1325 1971 1338 
7960 1337 435 434 425 
7961 1319 1982 1971 158 
7962 424 1985 1972 1992 
7963 433 1337 435 434 
7964 1992 1985 1993 450 
7965 1985 1972 1321 438 
7966 2001 436 1977 1979 
7967 447 1982 1981 1971 
7968 1999 1343 1321 1985 
7969 1342 2005 2002 2000 
7970 1972 430 428 452 
7971 1301 1992 1980 1305 
7972 447 1981 442 1971 
7973 1341 1327 1332 1974 
7974 1322 1339 1972 1348 
7975 1327 1328 1326 1974 
7976 1322 1973 428 1974 
7977 1335 1985 1321 1343 
7978 442 426 447 1971 
7979 424 1985 1992 450 
7980 1980 1992 1301 1972 
7981 1321 1975 1999 1985 
7982 1999 1343 266 1321 
7983 1992 450 1993 30 
7984 434 1989 1341 1316 
7985 1319 1982 158 1345 
7986 1995 2000 2002 457 
7987 432 1973 1326 1974 
7988 1982 789 1981 1971 
7989 1982 789 1971 158 
7990 2001 1977 1344 1979 
7991 2005 2002 4 1342 
7992 1978 1342 2000 2005 
7993 438 1975 82 422 
7994 423 436 97 1976 
7995 1976 1979 1318 436 
7996 456 1987 1994 107 
7997 421 103 440 1977 
7998 1988 1308 268 1975 
7999 456 1987 107 454 
8000 422 1975 83 1988 
8001 1977 1340 1984 162 
8002 439 1976 423 96 
8003 439 1976 96 1995 
8004 437 101 1986 1971 
8005 1975 428 1321 1317 
8006 1308 1975 1309 267 
8007 1300 1978 1302 264 
8008 1300 1978 264 1989 
8009 108 455 1994 456 
8010 428 1973 429 1974 
8011 1984 788 102 791 
8012 1978 1342 2005 265 
8013 426 422 83 1988 
8014 1347 1319 1333 1971 
8015 424 438 452 1972 
8016 432 429 1973 1974 
8017 1324 1973 1322 1974 
8018 4 265 2005 1342 
8019 1335 1348 1321 1972 
8020 426 442 453 1971 
8021 2004 1305 1980 1993 
8022 453 1971 444 1973 
8023 1326 1973 1324 1974 
8024 1305 260 2004 1980 
8025 1990 104 448 1996 
8026 35 3 2000 449 
8027 81 1993 1311 1985 
8028 1332 1327 1339 1974 
8029 448 1990 1996 2001 
8030 1347 1325 1971 1973 
8031 1995 95 439 449 
8032 430 431 419 1974 
8033 1305 1980 1301 260 
8034 99 442 447 1981 
8035 1995 457 454 95 
8036 430 428 429 1974 
8037 420 444 453 1971 
8038 1339 1324 1322 1974 
8039 1348 1315 1339 1972 
8040 1321 1999 267 266 
8041 2000 36 457 459 
8042 1990 794 2003 1997 
8043 429 444 432 1973 
8044 2001 436 1979 98 
8045 425 35 1978 449 
8046 265 1302 1304 1978 
8047 427 429 428 1973 
8048 1977 794 1997 163 
8049 1995 1978 1342 2000 
8050 1323 1322 1324 1973 
8051 2001 2003 13 458 
8052 454 2002 1987 106 
8053 81 1993 1985 450 
8054 2000 36 1306 1304 
8055 454 2002 106 457 
8056 1324 1326 1325 1973 
8057 2001 2003 458 1990 
8058 1977 794 163 790 
8059 443 452 430 1972 
8060 1338 1347 1325 1971 
8061 432 431 429 1974 
8062 262 261 1299 1972 
8063 100 101 420 1971 
8064 794 14 105 1997 
8065 1301 261 1980 1972 
8066 100 442 1981 1971 
8067 2003 794 105 1997 
8068 424 31 1992 1972 
8069 443 32 31 1972 
8070 789 158 159 1971 
8071 1992 450 30 424 
8072 160 159 1338 1971 
8073 102 103 1984 791 
8074 1301 1299 261 1972 
8075 100 789 792 1971 
8076 31 1299 1301 1972 
8077 792 789 159 1971 
8078 1991 426 1988 1333 
8079 1327 1326 1324 1974 
8080 424 1985 450 438 
8081 1319 1338 159 1971 
8082 424 443 31 1972 
8083 1315 1335 261 1972 
8084 100 420 442 1971 
8085 262 1303 263 1983 
8086 103 104 440 1977 
8087 102 101 1986 437 
8088 1982 77 1998 793 
8089 81 82 438 1985 
8090 2001 448 13 1996 
8091 1988 1333 268 269 
8092 436 98 97 1979 
8093 2003 105 13 458 
8094 2004 259 26 1307 
8095 2001 436 98 448 
8096 97 96 423 1976 
8097 458 1979 109 455 
8098 1347 1323 1325 1973 
8099 1998 77 11 793 
8100 34 35 1978 425 
8101 265 1302 1978 264 
8102 453 444 427 1973 
8103 84 1998 1991 1312 
8104 1994 107 108 456 
8105 1982 789 158 793 
8106 1310 1988 268 269 
8107 1999 1309 267 266 
8108 96 95 439 1995 
8109 1991 1998 447 1982 
8110 788 160 161 1986 
8111 1987 106 107 454 
8112 32 33 1983 419 
8113 1301 261 260 1980 
8114 99 100 442 1981 
8115 102 103 421 1984 
8116 163 162 1977 790 
8117 264 1989 263 1300 
8118 2004 1305 1993 259 
8119 81 1993 450 2 
8120 1313 1993 2 259 
8121 1979 108 109 455 
8122 1311 1993 1313 259 
8123 1992 30 31 424 
8124 1975 1308 268 267 
8125 1975 83 82 422 
8126 99 1998 793 1981 
8127 2001 13 448 98 
8128 2005 36 4 2002 
8129 2002 36 4 457 
8130 1982 1998 1981 793 
8131 2002 36 457 2000 
8132 160 159 1971 792 
8133 99 1998 1981 447 
8134 99 1998 447 11 
8135 84 1998 447 1991 
8136 1977 1340 162 1320 
8137 1323 1324 1325 1973 
8138 452 443 424 1972 
8139 1347 1338 1319 1971 
8140 429 427 444 1973 
8141 2004 1305 259 1307 
8142 2003 1997 105 458 
8143 33 34 1989 445 
8144 1984 162 161 791 
8145 84 1998 1312 11 
8146 1991 1333 1988 269 
8147 453 442 420 1971 
8148 1335 1315 1348 1972 
8149 1327 1324 1339 1974 
8150 1997 14 105 458 
8151 1982 789 793 1981 
8152 1335 1985 1343 1980 
8153 2004 260 26 1343 
8154 81 1993 2 1313 
8155 4 265 1304 2005 
8156 30 2 450 1993 
8157 1993 1305 2 259 
8158 429 431 430 1974 
8159 2004 266 26 1311 
8160 457 106 4 2002 
8161 1997 14 163 794 
8162 104 13 448 1996 
8163 12 77 1982 793 
8164 2004 260 1307 26 
8165 2006 109 14 458 
8166 1333 268 1317 1988 
8167 1982 158 12 793 
8168 1980 1985 1343 2004 
8169 1323 1322 428 1317 
8170 428 1322 1323 1973 
8171 428 422 1323 1317 
8172 1323 422 428 1973 
8173 1973 426 422 427 
8174 1973 453 426 427 
8175 1973 426 453 1971 
8176 1995 1978 2000 449 
8177 439 1978 449 425 
8178 99 1998 11 793 
8179 1989 1303 263 1300 
8180 1973 1347 1333 1971 
8181 1973 1333 1347 1323 
8182 1341 431 419 434 
8183 419 431 1341 1974 
8184 1333 1973 422 1323 
8185 422 1973 1333 426 
8186 1999 2004 1343 1985 
8187 1999 2004 266 1343 
8188 425 1331 1337 435 
8189 425 1331 435 439 
8190 425 1331 439 1978 
8191 1978 434 445 425 
8192 436 1977 440 448 
8193 1977 441 440 421 
8194 1334 451 441 1330 
8195 1330 1977 441 1334 
8196 433 1341 434 431 
8197 433 1341 431 1328 
8198 1328 446 1330 1329 
8199 1328 1330 446 433 
8200 441 446 1330 433 
8201 421 1986 437 102 
8202 1343 266 26 2004 
8203 437 101 1971 420 
8204 1305 2004 260 1307 
8205 448 1977 440 104 
8206 448 1977 104 1990 
8207 1974 1341 1328 431 
8208 1974 1328 1341 1327 
8209 419 1989 33 1983 
8210 419 33 1989 445 
8211 1346 433 1330 1328 
8212 1346 1330 433 451 
8213 432 431 1326 433 
8214 432 1326 431 1974 
8215 1328 1326 431 433 
8216 1328 431 1326 1974 
8217 1980 1992 1993 1305 
8218 95 2000 459 3 
8219 788 1984 161 791 
8220 459 2000 95 457 
8221 269 1333 1982 1991 
8222 792 1986 160 788 
8223 1975 1999 1985 1309 
8224 162 791 1977 790 
8225 1985 450 438 81 
8226 1345 158 12 1982 
8227 434 1989 1978 445 
8228 1319 1982 1345 1333 
8229 95 2000 1995 457 
8230 449 2000 95 3 
8231 1986 1984 102 421 
8232 1991 426 1333 447 
8233 95 1995 2000 449 
8234 1995 1978 449 439 
8235 1999 1311 266 2004 
8236 1999 1311 2004 1985 
8237 446 1977 1330 1329 
8238 446 1977 1329 421 
8239 1330 1977 1334 1320 
8240 1977 1340 1320 1329 
8241 1982 1333 1971 447 
8242 100 792 101 1971 
8243 1996 2003 2001 1990 
8244 792 1986 788 101 
8245 1996 2003 1990 795 
8246 1990 794 795 2003 
8247 1975 82 1308 1309 
8248 1988 1308 1975 83 
8249 1308 83 82 1975 
8250 1976 1979 436 97 
8251 456 1987 454 1976 
8252 456 1987 1976 1994 
8253 1976 455 97 456 
8254 456 96 1976 454 
8255 97 96 1976 456 
8256 795 794 105 2003 
8257 1977 1984 421 103 
8258 795 105 13 2003 
8259 1977 791 103 790 
8260 103 104 1977 790 
8261 104 794 1977 790 
8262 1978 2005 1304 265 
8263 425 1331 1978 1337 
8264 1331 1995 1987 439 
8265 1316 1336 1978 264 
8266 1978 1342 265 1336 
8267 265 1978 1336 264 
8268 436 1334 1979 1318 
8269 2001 1977 448 1990 
8270 1979 2006 458 109 
8271 1979 1334 108 1318 
8272 1979 1344 109 1334 
8273 1334 108 109 1979 
8274 1335 1985 1980 1972 
8275 1980 260 1343 1335 
8276 1980 261 1335 1972 
8277 1980 261 260 1335 
8278 2005 36 2002 2000 
8279 1981 793 99 789 
8280 100 1981 789 1971 
8281 99 100 1981 789 
8282 262 1332 1315 1972 
8283 1315 261 262 1972 
8284 1987 2002 1995 1342 
8285 1992 1985 1972 1980 
8286 1982 1333 447 1991 
8287 1312 1998 1991 1982 
8288 12 77 1312 1982 
8289 269 12 1312 1982 
8290 1982 1998 447 1981 
8291 1299 1983 1303 262 
8292 1303 1989 1983 33 
8293 32 33 1303 1983 
8294 1303 1989 33 1300 
8295 1299 1983 32 1303 
8296 1329 1977 1984 421 
8297 1984 1329 421 1314 
8298 1340 162 161 1984 
8299 1984 1314 161 1340 
8300 102 1984 1986 788 
8301 1985 1975 1309 82 
8302 102 101 788 1986 
8303 1999 1311 1985 1309 
8304 1999 1311 1309 266 
8305 81 82 1985 1309 
8306 1985 1311 81 1309 
8307 1986 1325 1338 1314 
8308 1986 1984 421 1314 
8309 1338 1986 1314 160 
8310 1986 1325 1314 437 
8311 1986 1984 1314 161 
8312 421 1986 1314 437 
8313 1986 160 161 1314 
8314 439 1976 1987 1331 
8315 1331 1995 439 1978 
8316 1987 1318 107 1331 
8317 1987 1318 1331 1976 
8318 1987 1331 106 1342 
8319 1331 106 107 1987 
8320 792 1986 101 1971 
8321 269 1988 1991 1310 
8322 2002 106 4 1342 
8323 1988 1308 83 1310 
8324 426 1988 83 84 
8325 434 1989 445 419 
8326 1978 434 425 1337 
8327 445 1978 425 34 
8328 262 1983 263 1332 
8329 1989 1978 264 1316 
8330 264 1316 263 1989 
8331 1332 1989 263 1316 
8332 1990 1977 794 1997 
8333 2005 36 2000 1304 
8334 794 104 1990 795 
8335 1990 1997 2003 458 
8336 1990 1977 104 794 
8337 1985 1311 2004 1993 
8338 2001 436 448 1977 
8339 419 1989 1983 1332 
8340 1979 458 98 455 
8341 1979 98 97 455 
8342 1976 455 1979 97 
8343 1312 84 1310 1991 
8344 1312 1998 1982 77 
8345 84 1998 11 447 
8346 1310 269 1312 1991 
8347 1991 269 1312 1982 
8348 1312 1998 77 11 
8349 1987 2002 1342 106 
8350 1344 163 1320 1977 
8351 163 162 1320 1977 
8352 1331 1995 1978 1342 
8353 84 1988 83 1310 
8354 81 1311 1993 1313 
8355 1992 31 1301 1972 
8356 1301 1305 30 1992 
8357 1301 30 31 1992 
8358 32 1983 1299 1972 
8359 32 1299 31 1972 
8360 84 1991 1988 1310 
8361 1979 2006 2001 458 
8362 1991 426 447 84 
8363 158 1319 159 1971 
8364 3 36 2000 459 
8365 35 1306 2000 3 
8366 446 1977 421 441 
8367 1338 160 1971 1986 
8368 1988 1308 1310 268 
8369 1980 1985 2004 1993 
8370 458 13 2001 98 
8371 1978 1304 2000 35 
8372 3 36 1306 2000 
8373 1977 791 1984 103 
8374 1992 1993 1305 30 
8375 1979 458 2001 98 
8376 1988 1975 268 1317 
8377 30 2 1993 1305 
8378 1976 1994 1979 455 
8379 1994 1987 1318 107 
8380 1979 1994 1976 1318 
8381 1318 107 108 1994 
8382 1994 1987 1976 1318 
8383 269 1982 1333 1345 
8384 1979 1994 108 455 
8385 1317 1975 268 267 
8386 1991 426 84 1988 
8387 267 1999 1975 1309 
8388 1995 1976 454 1987 
8389 454 2002 457 1995 
8390 1995 1976 96 454 
8391 1995 2000 1342 2002 
8392 96 95 1995 454 
8393 454 2002 1995 1987 
8394 1990 104 1996 795 
8395 1996 2003 795 13 
8396 1996 2003 13 2001 
8397 104 13 1996 795 
8398 2004 260 1343 1980 
8399 1978 2000 449 35 
8400 1978 1304 35 1302 
8401 34 35 1302 1978 
8402 1978 34 1300 1302 
8403 1977 1997 1344 163 
8404 1997 2006 14 458 
8405 1344 14 163 1997 
8406 262 1983 1332 1972 
8407 1990 1977 1997 1344 
8408 1997 1990 2006 458 
8409 1975 267 1321 1999 
8410 108 1994 1979 1318 
8411 1345 12 269 1982 
8412 1975 1321 267 1317 
$EndElements
